SET session_replication_role = replica;

--
-- PostgreSQL database dump
--

-- Dumped from database version 15.8
-- Dumped by pg_dump version 15.8

SET statement_timeout = 0;
SET lock_timeout = 0;
SET idle_in_transaction_session_timeout = 0;
SET client_encoding = 'UTF8';
SET standard_conforming_strings = on;
SELECT pg_catalog.set_config('search_path', '', false);
SET check_function_bodies = false;
SET xmloption = content;
SET client_min_messages = warning;
SET row_security = off;

--
-- Data for Name: audit_log_entries; Type: TABLE DATA; Schema: auth; Owner: supabase_auth_admin
--

INSERT INTO "auth"."audit_log_entries" ("instance_id", "id", "payload", "created_at", "ip_address") VALUES
	('00000000-0000-0000-0000-000000000000', 'b0a21c8a-79ed-4ee0-ace0-2dbd2df74d88', '{"action":"user_confirmation_requested","actor_id":"c07a3238-a5aa-4a7b-bcaf-67e3ad16f13d","actor_username":"toshiotawa@me.com","actor_via_sso":false,"log_type":"user","traits":{"provider":"email"}}', '2025-05-13 16:05:04.651566+00', ''),
	('00000000-0000-0000-0000-000000000000', '37a94b09-4d5b-42d5-af70-8ecc6163c8f8', '{"action":"user_signedup","actor_id":"c07a3238-a5aa-4a7b-bcaf-67e3ad16f13d","actor_username":"toshiotawa@me.com","actor_via_sso":false,"log_type":"team"}', '2025-05-13 16:06:07.824708+00', ''),
	('00000000-0000-0000-0000-000000000000', '12b477f2-5561-4976-9d07-789321ff55df', '{"action":"user_repeated_signup","actor_id":"c07a3238-a5aa-4a7b-bcaf-67e3ad16f13d","actor_username":"toshiotawa@me.com","actor_via_sso":false,"log_type":"user","traits":{"provider":"email"}}', '2025-05-13 16:09:08.081943+00', ''),
	('00000000-0000-0000-0000-000000000000', '7658d950-2161-45d3-8231-1634c78d9d97', '{"action":"user_repeated_signup","actor_id":"c07a3238-a5aa-4a7b-bcaf-67e3ad16f13d","actor_username":"toshiotawa@me.com","actor_via_sso":false,"log_type":"user","traits":{"provider":"email"}}', '2025-05-13 16:09:46.281574+00', ''),
	('00000000-0000-0000-0000-000000000000', '11cac396-50df-4509-9ed0-b15b19f0f6e9', '{"action":"user_repeated_signup","actor_id":"c07a3238-a5aa-4a7b-bcaf-67e3ad16f13d","actor_username":"toshiotawa@me.com","actor_via_sso":false,"log_type":"user","traits":{"provider":"email"}}', '2025-05-13 16:10:41.737696+00', ''),
	('00000000-0000-0000-0000-000000000000', '39c4eaaf-ebba-4350-aa25-dfc9e702bcc1', '{"action":"user_repeated_signup","actor_id":"c07a3238-a5aa-4a7b-bcaf-67e3ad16f13d","actor_username":"toshiotawa@me.com","actor_via_sso":false,"log_type":"user","traits":{"provider":"email"}}', '2025-05-13 16:11:04.503643+00', ''),
	('00000000-0000-0000-0000-000000000000', '88d7f282-b895-4120-aa44-2238d7bb07e7', '{"action":"user_confirmation_requested","actor_id":"e36f2cc1-5e1e-4caf-a72f-61c5a0caf206","actor_username":"saitama1990@gmail.com","actor_via_sso":false,"log_type":"user","traits":{"provider":"email"}}', '2025-05-13 16:11:46.078499+00', ''),
	('00000000-0000-0000-0000-000000000000', '9bb93cd5-a17f-4d45-828e-e9b594bc61d1', '{"action":"user_signedup","actor_id":"e36f2cc1-5e1e-4caf-a72f-61c5a0caf206","actor_username":"saitama1990@gmail.com","actor_via_sso":false,"log_type":"team"}', '2025-05-13 16:12:10.517647+00', ''),
	('00000000-0000-0000-0000-000000000000', '870b9d73-ae0a-4704-8f4a-27c126a57051', '{"action":"login","actor_id":"e36f2cc1-5e1e-4caf-a72f-61c5a0caf206","actor_username":"saitama1990@gmail.com","actor_via_sso":false,"log_type":"account","traits":{"provider":"email"}}', '2025-05-13 16:19:24.961165+00', ''),
	('00000000-0000-0000-0000-000000000000', '9a588a0f-ece3-418d-9ad1-8ead3c6b532c', '{"action":"logout","actor_id":"e36f2cc1-5e1e-4caf-a72f-61c5a0caf206","actor_username":"saitama1990@gmail.com","actor_via_sso":false,"log_type":"account"}', '2025-05-13 16:19:57.103497+00', ''),
	('00000000-0000-0000-0000-000000000000', 'a1207a6d-d1e9-4d72-bd81-d8a4c20d079a', '{"action":"login","actor_id":"e36f2cc1-5e1e-4caf-a72f-61c5a0caf206","actor_username":"saitama1990@gmail.com","actor_via_sso":false,"log_type":"account","traits":{"provider":"email"}}', '2025-05-13 16:20:07.755666+00', ''),
	('00000000-0000-0000-0000-000000000000', 'cfd5769f-25fe-488f-9dc2-314713abd967', '{"action":"logout","actor_id":"e36f2cc1-5e1e-4caf-a72f-61c5a0caf206","actor_username":"saitama1990@gmail.com","actor_via_sso":false,"log_type":"account"}', '2025-05-13 16:20:17.593737+00', ''),
	('00000000-0000-0000-0000-000000000000', 'dc6fff76-bf10-4dc9-a074-6290a9a3ac71', '{"action":"user_repeated_signup","actor_id":"c07a3238-a5aa-4a7b-bcaf-67e3ad16f13d","actor_username":"toshiotawa@me.com","actor_via_sso":false,"log_type":"user","traits":{"provider":"email"}}', '2025-05-13 16:22:05.250809+00', ''),
	('00000000-0000-0000-0000-000000000000', '66e3a755-195f-4a24-9a22-fbdd07f7c06d', '{"action":"login","actor_id":"c07a3238-a5aa-4a7b-bcaf-67e3ad16f13d","actor_username":"toshiotawa@me.com","actor_via_sso":false,"log_type":"account","traits":{"provider":"email"}}', '2025-05-13 16:24:05.132239+00', ''),
	('00000000-0000-0000-0000-000000000000', '49e4635f-dd43-4c92-8a8b-bd9879f51104', '{"action":"logout","actor_id":"c07a3238-a5aa-4a7b-bcaf-67e3ad16f13d","actor_username":"toshiotawa@me.com","actor_via_sso":false,"log_type":"account"}', '2025-05-13 16:24:12.032046+00', ''),
	('00000000-0000-0000-0000-000000000000', '439b9ae4-5331-45d6-ba47-0c1022b11c98', '{"action":"login","actor_id":"e36f2cc1-5e1e-4caf-a72f-61c5a0caf206","actor_username":"saitama1990@gmail.com","actor_via_sso":false,"log_type":"account","traits":{"provider":"email"}}', '2025-05-13 16:25:35.167776+00', ''),
	('00000000-0000-0000-0000-000000000000', '335523b6-0f8f-4432-ab4e-62a7280225e4', '{"action":"logout","actor_id":"e36f2cc1-5e1e-4caf-a72f-61c5a0caf206","actor_username":"saitama1990@gmail.com","actor_via_sso":false,"log_type":"account"}', '2025-05-13 16:25:52.202527+00', ''),
	('00000000-0000-0000-0000-000000000000', 'bfdb0677-38e3-4387-8062-0e16c224c546', '{"action":"login","actor_id":"c07a3238-a5aa-4a7b-bcaf-67e3ad16f13d","actor_username":"toshiotawa@me.com","actor_via_sso":false,"log_type":"account","traits":{"provider":"email"}}', '2025-05-13 16:26:01.176142+00', ''),
	('00000000-0000-0000-0000-000000000000', 'cacc076d-30d8-432f-a358-908a1191b3e0', '{"action":"logout","actor_id":"c07a3238-a5aa-4a7b-bcaf-67e3ad16f13d","actor_username":"toshiotawa@me.com","actor_via_sso":false,"log_type":"account"}', '2025-05-13 16:46:23.14107+00', ''),
	('00000000-0000-0000-0000-000000000000', '1b6c7c7c-9c2b-439b-a601-723c0fcceafa', '{"action":"login","actor_id":"e36f2cc1-5e1e-4caf-a72f-61c5a0caf206","actor_username":"saitama1990@gmail.com","actor_via_sso":false,"log_type":"account","traits":{"provider":"email"}}', '2025-05-13 16:48:20.739657+00', ''),
	('00000000-0000-0000-0000-000000000000', 'ff203035-d01f-48cf-a806-fe78b5716004', '{"action":"logout","actor_id":"e36f2cc1-5e1e-4caf-a72f-61c5a0caf206","actor_username":"saitama1990@gmail.com","actor_via_sso":false,"log_type":"account"}', '2025-05-13 16:49:57.27925+00', ''),
	('00000000-0000-0000-0000-000000000000', '60aac0cf-348b-4a14-817b-9acb3fe2b34d', '{"action":"login","actor_id":"e36f2cc1-5e1e-4caf-a72f-61c5a0caf206","actor_username":"saitama1990@gmail.com","actor_via_sso":false,"log_type":"account","traits":{"provider":"email"}}', '2025-05-13 16:51:04.937531+00', ''),
	('00000000-0000-0000-0000-000000000000', 'cf9905ef-78ce-4e97-b38f-929e10182b64', '{"action":"logout","actor_id":"e36f2cc1-5e1e-4caf-a72f-61c5a0caf206","actor_username":"saitama1990@gmail.com","actor_via_sso":false,"log_type":"account"}', '2025-05-13 16:51:17.353871+00', ''),
	('00000000-0000-0000-0000-000000000000', 'a35448f6-cf36-4fb7-b346-ab4837dd0136', '{"action":"login","actor_id":"e36f2cc1-5e1e-4caf-a72f-61c5a0caf206","actor_username":"saitama1990@gmail.com","actor_via_sso":false,"log_type":"account","traits":{"provider":"email"}}', '2025-05-13 16:52:04.088396+00', ''),
	('00000000-0000-0000-0000-000000000000', 'f8b6eaf0-9378-4b4b-88af-4e6b69832212', '{"action":"logout","actor_id":"e36f2cc1-5e1e-4caf-a72f-61c5a0caf206","actor_username":"saitama1990@gmail.com","actor_via_sso":false,"log_type":"account"}', '2025-05-13 16:52:27.24799+00', ''),
	('00000000-0000-0000-0000-000000000000', '4e774767-dd62-4a80-8232-de1060803439', '{"action":"login","actor_id":"e36f2cc1-5e1e-4caf-a72f-61c5a0caf206","actor_username":"saitama1990@gmail.com","actor_via_sso":false,"log_type":"account","traits":{"provider":"email"}}', '2025-05-13 16:52:35.73963+00', ''),
	('00000000-0000-0000-0000-000000000000', '7c921e32-3dc8-47cb-bb67-e15b5f342045', '{"action":"logout","actor_id":"e36f2cc1-5e1e-4caf-a72f-61c5a0caf206","actor_username":"saitama1990@gmail.com","actor_via_sso":false,"log_type":"account"}', '2025-05-13 16:53:33.662433+00', ''),
	('00000000-0000-0000-0000-000000000000', '80cfcdbf-7759-4f40-a85a-f1b4be845cb4', '{"action":"login","actor_id":"e36f2cc1-5e1e-4caf-a72f-61c5a0caf206","actor_username":"saitama1990@gmail.com","actor_via_sso":false,"log_type":"account","traits":{"provider":"email"}}', '2025-05-13 16:53:57.239499+00', ''),
	('00000000-0000-0000-0000-000000000000', '8fcbd675-3950-499f-8007-b108333e33ce', '{"action":"logout","actor_id":"e36f2cc1-5e1e-4caf-a72f-61c5a0caf206","actor_username":"saitama1990@gmail.com","actor_via_sso":false,"log_type":"account"}', '2025-05-13 16:54:42.175578+00', ''),
	('00000000-0000-0000-0000-000000000000', 'd0c8698e-4690-404c-bfcb-37d4b44dddbb', '{"action":"login","actor_id":"e36f2cc1-5e1e-4caf-a72f-61c5a0caf206","actor_username":"saitama1990@gmail.com","actor_via_sso":false,"log_type":"account","traits":{"provider":"email"}}', '2025-05-13 16:54:46.544501+00', ''),
	('00000000-0000-0000-0000-000000000000', '5b2b4f00-e593-44ad-ad68-d788b6c116c2', '{"action":"logout","actor_id":"e36f2cc1-5e1e-4caf-a72f-61c5a0caf206","actor_username":"saitama1990@gmail.com","actor_via_sso":false,"log_type":"account"}', '2025-05-13 16:56:48.432287+00', ''),
	('00000000-0000-0000-0000-000000000000', '3ab7a372-c724-4766-a0df-04eb7b10dc60', '{"action":"login","actor_id":"e36f2cc1-5e1e-4caf-a72f-61c5a0caf206","actor_username":"saitama1990@gmail.com","actor_via_sso":false,"log_type":"account","traits":{"provider":"email"}}', '2025-05-13 16:59:18.570886+00', ''),
	('00000000-0000-0000-0000-000000000000', 'bbb65871-92cb-4f58-9619-7cbf12f259d1', '{"action":"logout","actor_id":"e36f2cc1-5e1e-4caf-a72f-61c5a0caf206","actor_username":"saitama1990@gmail.com","actor_via_sso":false,"log_type":"account"}', '2025-05-13 17:00:25.10411+00', ''),
	('00000000-0000-0000-0000-000000000000', '468dc28d-f91d-4e34-8d4b-cf3f94c09694', '{"action":"login","actor_id":"e36f2cc1-5e1e-4caf-a72f-61c5a0caf206","actor_username":"saitama1990@gmail.com","actor_via_sso":false,"log_type":"account","traits":{"provider":"email"}}', '2025-05-13 17:00:32.356012+00', ''),
	('00000000-0000-0000-0000-000000000000', '8bff9cf8-d4fe-40b6-a2ef-b9affe099208', '{"action":"logout","actor_id":"e36f2cc1-5e1e-4caf-a72f-61c5a0caf206","actor_username":"saitama1990@gmail.com","actor_via_sso":false,"log_type":"account"}', '2025-05-13 17:00:39.20332+00', ''),
	('00000000-0000-0000-0000-000000000000', 'f42c78ad-d53c-42cd-bb75-8e777022b94f', '{"action":"login","actor_id":"e36f2cc1-5e1e-4caf-a72f-61c5a0caf206","actor_username":"saitama1990@gmail.com","actor_via_sso":false,"log_type":"account","traits":{"provider":"email"}}', '2025-05-13 17:00:42.578137+00', ''),
	('00000000-0000-0000-0000-000000000000', '10b5b91b-e123-4849-a3b3-2585bc54ca17', '{"action":"logout","actor_id":"e36f2cc1-5e1e-4caf-a72f-61c5a0caf206","actor_username":"saitama1990@gmail.com","actor_via_sso":false,"log_type":"account"}', '2025-05-13 17:03:01.461787+00', ''),
	('00000000-0000-0000-0000-000000000000', '393831e2-af38-4d7c-b692-f44630beccc4', '{"action":"login","actor_id":"e36f2cc1-5e1e-4caf-a72f-61c5a0caf206","actor_username":"saitama1990@gmail.com","actor_via_sso":false,"log_type":"account","traits":{"provider":"email"}}', '2025-05-13 17:03:17.353948+00', ''),
	('00000000-0000-0000-0000-000000000000', '6107430e-5e23-4dc9-b9a6-82bcee59dfd4', '{"action":"logout","actor_id":"e36f2cc1-5e1e-4caf-a72f-61c5a0caf206","actor_username":"saitama1990@gmail.com","actor_via_sso":false,"log_type":"account"}', '2025-05-13 17:03:23.311978+00', ''),
	('00000000-0000-0000-0000-000000000000', 'f083ceb8-b222-4d33-bbde-0042f3cb7203', '{"action":"login","actor_id":"e36f2cc1-5e1e-4caf-a72f-61c5a0caf206","actor_username":"saitama1990@gmail.com","actor_via_sso":false,"log_type":"account","traits":{"provider":"email"}}', '2025-05-13 17:04:12.642742+00', ''),
	('00000000-0000-0000-0000-000000000000', '8fc9794d-f387-4b95-bf6f-98a4281d4ec1', '{"action":"logout","actor_id":"e36f2cc1-5e1e-4caf-a72f-61c5a0caf206","actor_username":"saitama1990@gmail.com","actor_via_sso":false,"log_type":"account"}', '2025-05-13 17:09:13.079828+00', ''),
	('00000000-0000-0000-0000-000000000000', '98fb71ea-e6d5-4407-b538-17ca4dda6710', '{"action":"login","actor_id":"e36f2cc1-5e1e-4caf-a72f-61c5a0caf206","actor_username":"saitama1990@gmail.com","actor_via_sso":false,"log_type":"account","traits":{"provider":"email"}}', '2025-05-13 17:10:11.789993+00', ''),
	('00000000-0000-0000-0000-000000000000', '54f72c06-3747-42d9-a009-bc6a153bda6b', '{"action":"logout","actor_id":"e36f2cc1-5e1e-4caf-a72f-61c5a0caf206","actor_username":"saitama1990@gmail.com","actor_via_sso":false,"log_type":"account"}', '2025-05-13 17:10:25.220881+00', ''),
	('00000000-0000-0000-0000-000000000000', '70680295-e6a8-4d74-9209-cdd90a604b58', '{"action":"login","actor_id":"e36f2cc1-5e1e-4caf-a72f-61c5a0caf206","actor_username":"saitama1990@gmail.com","actor_via_sso":false,"log_type":"account","traits":{"provider":"email"}}', '2025-05-13 17:11:46.57797+00', ''),
	('00000000-0000-0000-0000-000000000000', '72c85899-09b4-4664-aff9-b5b3a15e22c8', '{"action":"logout","actor_id":"e36f2cc1-5e1e-4caf-a72f-61c5a0caf206","actor_username":"saitama1990@gmail.com","actor_via_sso":false,"log_type":"account"}', '2025-05-13 17:12:33.719905+00', ''),
	('00000000-0000-0000-0000-000000000000', '71f4907c-f4c2-4e94-bd8a-c2ede555ee20', '{"action":"login","actor_id":"e36f2cc1-5e1e-4caf-a72f-61c5a0caf206","actor_username":"saitama1990@gmail.com","actor_via_sso":false,"log_type":"account","traits":{"provider":"email"}}', '2025-05-13 17:16:49.165038+00', ''),
	('00000000-0000-0000-0000-000000000000', '906ecf8b-5d05-4c17-9522-9cf82d034c74', '{"action":"login","actor_id":"c07a3238-a5aa-4a7b-bcaf-67e3ad16f13d","actor_username":"toshiotawa@me.com","actor_via_sso":false,"log_type":"account","traits":{"provider":"email"}}', '2025-05-13 22:23:25.898538+00', ''),
	('00000000-0000-0000-0000-000000000000', '49d99542-acc1-4e93-a8d6-07bc66be29cb', '{"action":"token_refreshed","actor_id":"c07a3238-a5aa-4a7b-bcaf-67e3ad16f13d","actor_username":"toshiotawa@me.com","actor_via_sso":false,"log_type":"token"}', '2025-05-14 00:32:32.374203+00', ''),
	('00000000-0000-0000-0000-000000000000', 'b55b310f-2c77-4c85-9b44-533f1278ed5c', '{"action":"token_revoked","actor_id":"c07a3238-a5aa-4a7b-bcaf-67e3ad16f13d","actor_username":"toshiotawa@me.com","actor_via_sso":false,"log_type":"token"}', '2025-05-14 00:32:32.377062+00', ''),
	('00000000-0000-0000-0000-000000000000', '778c180f-c2d1-4d16-8140-b43c0d597b23', '{"action":"logout","actor_id":"c07a3238-a5aa-4a7b-bcaf-67e3ad16f13d","actor_username":"toshiotawa@me.com","actor_via_sso":false,"log_type":"account"}', '2025-05-14 00:33:40.81494+00', ''),
	('00000000-0000-0000-0000-000000000000', '27336335-3f44-4e05-ab6f-6e8c9db8ac7b', '{"action":"token_refreshed","actor_id":"e36f2cc1-5e1e-4caf-a72f-61c5a0caf206","actor_username":"saitama1990@gmail.com","actor_via_sso":false,"log_type":"token"}', '2025-05-15 06:57:09.289794+00', ''),
	('00000000-0000-0000-0000-000000000000', '70c7abee-7b83-4f08-ab19-66d30e2e765a', '{"action":"token_revoked","actor_id":"e36f2cc1-5e1e-4caf-a72f-61c5a0caf206","actor_username":"saitama1990@gmail.com","actor_via_sso":false,"log_type":"token"}', '2025-05-15 06:57:09.305022+00', ''),
	('00000000-0000-0000-0000-000000000000', '35cbc152-31ab-4eae-9f66-f02e96da8329', '{"action":"token_refreshed","actor_id":"e36f2cc1-5e1e-4caf-a72f-61c5a0caf206","actor_username":"saitama1990@gmail.com","actor_via_sso":false,"log_type":"token"}', '2025-05-15 08:01:41.462953+00', ''),
	('00000000-0000-0000-0000-000000000000', 'e05af36f-b209-47d8-9296-fff1f7880af1', '{"action":"token_revoked","actor_id":"e36f2cc1-5e1e-4caf-a72f-61c5a0caf206","actor_username":"saitama1990@gmail.com","actor_via_sso":false,"log_type":"token"}', '2025-05-15 08:01:41.464403+00', ''),
	('00000000-0000-0000-0000-000000000000', '0cce57c4-678b-4991-946b-bbae88b09b58', '{"action":"logout","actor_id":"e36f2cc1-5e1e-4caf-a72f-61c5a0caf206","actor_username":"saitama1990@gmail.com","actor_via_sso":false,"log_type":"account"}', '2025-05-15 08:03:23.40982+00', ''),
	('00000000-0000-0000-0000-000000000000', 'a33d901e-fe56-445b-aa1f-4f6f5f7363ed', '{"action":"login","actor_id":"e36f2cc1-5e1e-4caf-a72f-61c5a0caf206","actor_username":"saitama1990@gmail.com","actor_via_sso":false,"log_type":"account","traits":{"provider":"email"}}', '2025-05-15 08:14:01.347019+00', ''),
	('00000000-0000-0000-0000-000000000000', '57126cc4-b544-4ef7-944c-2997baaab33f', '{"action":"logout","actor_id":"e36f2cc1-5e1e-4caf-a72f-61c5a0caf206","actor_username":"saitama1990@gmail.com","actor_via_sso":false,"log_type":"account"}', '2025-05-15 08:22:54.329001+00', ''),
	('00000000-0000-0000-0000-000000000000', 'a5bbcaa7-9e6f-4b86-ab55-eb1dd89149fe', '{"action":"login","actor_id":"e36f2cc1-5e1e-4caf-a72f-61c5a0caf206","actor_username":"saitama1990@gmail.com","actor_via_sso":false,"log_type":"account","traits":{"provider":"email"}}', '2025-05-15 08:31:48.43779+00', ''),
	('00000000-0000-0000-0000-000000000000', 'a9b67da7-7182-411d-85e9-e57cd0b8fa7f', '{"action":"logout","actor_id":"e36f2cc1-5e1e-4caf-a72f-61c5a0caf206","actor_username":"saitama1990@gmail.com","actor_via_sso":false,"log_type":"account"}', '2025-05-15 08:32:06.079954+00', ''),
	('00000000-0000-0000-0000-000000000000', '48e0d64b-c692-4a13-a436-b60e734e760b', '{"action":"login","actor_id":"e36f2cc1-5e1e-4caf-a72f-61c5a0caf206","actor_username":"saitama1990@gmail.com","actor_via_sso":false,"log_type":"account","traits":{"provider":"email"}}', '2025-05-15 08:42:52.741994+00', ''),
	('00000000-0000-0000-0000-000000000000', '07ffda7a-a312-4e35-bd86-96b045adbf24', '{"action":"logout","actor_id":"e36f2cc1-5e1e-4caf-a72f-61c5a0caf206","actor_username":"saitama1990@gmail.com","actor_via_sso":false,"log_type":"account"}', '2025-05-15 08:58:10.538202+00', ''),
	('00000000-0000-0000-0000-000000000000', '1dc572ec-e8fc-487e-9ada-87aeffbc236a', '{"action":"login","actor_id":"e36f2cc1-5e1e-4caf-a72f-61c5a0caf206","actor_username":"saitama1990@gmail.com","actor_via_sso":false,"log_type":"account","traits":{"provider":"email"}}', '2025-05-15 08:58:23.179879+00', ''),
	('00000000-0000-0000-0000-000000000000', 'a8543841-5d4a-44f7-9e2d-0d89e4ae2ca9', '{"action":"logout","actor_id":"e36f2cc1-5e1e-4caf-a72f-61c5a0caf206","actor_username":"saitama1990@gmail.com","actor_via_sso":false,"log_type":"account"}', '2025-05-15 09:06:14.944957+00', ''),
	('00000000-0000-0000-0000-000000000000', 'cb740750-8d3e-405a-94d9-02ec7f69b14e', '{"action":"login","actor_id":"e36f2cc1-5e1e-4caf-a72f-61c5a0caf206","actor_username":"saitama1990@gmail.com","actor_via_sso":false,"log_type":"account","traits":{"provider":"email"}}', '2025-05-15 09:06:18.208776+00', ''),
	('00000000-0000-0000-0000-000000000000', '1b5cac12-88b9-451d-a4d7-d070137bf522', '{"action":"logout","actor_id":"e36f2cc1-5e1e-4caf-a72f-61c5a0caf206","actor_username":"saitama1990@gmail.com","actor_via_sso":false,"log_type":"account"}', '2025-05-15 09:18:27.464887+00', ''),
	('00000000-0000-0000-0000-000000000000', 'f953897b-22d5-46bb-8aeb-e8a0ccdf5ad2', '{"action":"login","actor_id":"e36f2cc1-5e1e-4caf-a72f-61c5a0caf206","actor_username":"saitama1990@gmail.com","actor_via_sso":false,"log_type":"account","traits":{"provider":"email"}}', '2025-05-15 09:18:30.791671+00', ''),
	('00000000-0000-0000-0000-000000000000', '3e7c98bf-2f15-4edf-8380-b7284750526f', '{"action":"logout","actor_id":"e36f2cc1-5e1e-4caf-a72f-61c5a0caf206","actor_username":"saitama1990@gmail.com","actor_via_sso":false,"log_type":"account"}', '2025-05-15 09:24:54.296447+00', ''),
	('00000000-0000-0000-0000-000000000000', 'aad82761-5fed-4504-9683-15f08bd51d94', '{"action":"login","actor_id":"e36f2cc1-5e1e-4caf-a72f-61c5a0caf206","actor_username":"saitama1990@gmail.com","actor_via_sso":false,"log_type":"account","traits":{"provider":"email"}}', '2025-05-15 09:24:56.811772+00', ''),
	('00000000-0000-0000-0000-000000000000', '3e1dcce7-5449-4232-a3a0-7cb0b634ff53', '{"action":"logout","actor_id":"e36f2cc1-5e1e-4caf-a72f-61c5a0caf206","actor_username":"saitama1990@gmail.com","actor_via_sso":false,"log_type":"account"}', '2025-05-15 09:40:55.727984+00', ''),
	('00000000-0000-0000-0000-000000000000', 'd7be1298-fc4e-4a65-a531-878fb96de81f', '{"action":"login","actor_id":"e36f2cc1-5e1e-4caf-a72f-61c5a0caf206","actor_username":"saitama1990@gmail.com","actor_via_sso":false,"log_type":"account","traits":{"provider":"email"}}', '2025-05-15 09:41:05.068439+00', ''),
	('00000000-0000-0000-0000-000000000000', 'd64c9e23-84b7-4c07-8740-63c3905176d0', '{"action":"logout","actor_id":"e36f2cc1-5e1e-4caf-a72f-61c5a0caf206","actor_username":"saitama1990@gmail.com","actor_via_sso":false,"log_type":"account"}', '2025-05-15 09:49:05.421839+00', ''),
	('00000000-0000-0000-0000-000000000000', '72103281-81bc-4937-8ed4-a9b0e5e65d01', '{"action":"login","actor_id":"e36f2cc1-5e1e-4caf-a72f-61c5a0caf206","actor_username":"saitama1990@gmail.com","actor_via_sso":false,"log_type":"account","traits":{"provider":"email"}}', '2025-05-15 09:49:16.595049+00', ''),
	('00000000-0000-0000-0000-000000000000', '91b349da-c830-4234-accb-a698250eaa5a', '{"action":"logout","actor_id":"e36f2cc1-5e1e-4caf-a72f-61c5a0caf206","actor_username":"saitama1990@gmail.com","actor_via_sso":false,"log_type":"account"}', '2025-05-15 09:52:54.557228+00', ''),
	('00000000-0000-0000-0000-000000000000', '63fa483a-d08b-4296-80db-0f90b759c9c5', '{"action":"login","actor_id":"e36f2cc1-5e1e-4caf-a72f-61c5a0caf206","actor_username":"saitama1990@gmail.com","actor_via_sso":false,"log_type":"account","traits":{"provider":"email"}}', '2025-05-15 09:53:04.3477+00', ''),
	('00000000-0000-0000-0000-000000000000', '84e9a446-f58e-4105-ad95-cb2d08505565', '{"action":"logout","actor_id":"e36f2cc1-5e1e-4caf-a72f-61c5a0caf206","actor_username":"saitama1990@gmail.com","actor_via_sso":false,"log_type":"account"}', '2025-05-15 09:56:58.51112+00', ''),
	('00000000-0000-0000-0000-000000000000', '17dc032b-7a57-427d-bc58-6b88473e5689', '{"action":"login","actor_id":"e36f2cc1-5e1e-4caf-a72f-61c5a0caf206","actor_username":"saitama1990@gmail.com","actor_via_sso":false,"log_type":"account","traits":{"provider":"email"}}', '2025-05-15 09:57:09.643724+00', ''),
	('00000000-0000-0000-0000-000000000000', 'fa5c3b3f-70fc-4542-a834-eea78f0281d7', '{"action":"token_refreshed","actor_id":"e36f2cc1-5e1e-4caf-a72f-61c5a0caf206","actor_username":"saitama1990@gmail.com","actor_via_sso":false,"log_type":"token"}', '2025-05-15 11:00:03.487997+00', ''),
	('00000000-0000-0000-0000-000000000000', 'bcb26dde-b9e4-43ae-a310-75fee3fea262', '{"action":"token_revoked","actor_id":"e36f2cc1-5e1e-4caf-a72f-61c5a0caf206","actor_username":"saitama1990@gmail.com","actor_via_sso":false,"log_type":"token"}', '2025-05-15 11:00:03.488965+00', ''),
	('00000000-0000-0000-0000-000000000000', 'd6373de7-34b2-46a1-8c0b-ac726cfa0e25', '{"action":"logout","actor_id":"e36f2cc1-5e1e-4caf-a72f-61c5a0caf206","actor_username":"saitama1990@gmail.com","actor_via_sso":false,"log_type":"account"}', '2025-05-15 11:00:15.030472+00', ''),
	('00000000-0000-0000-0000-000000000000', 'ab4e1ce4-090a-46f6-895e-91bf2b9b0da0', '{"action":"login","actor_id":"e36f2cc1-5e1e-4caf-a72f-61c5a0caf206","actor_username":"saitama1990@gmail.com","actor_via_sso":false,"log_type":"account","traits":{"provider":"email"}}', '2025-05-15 11:00:26.524812+00', ''),
	('00000000-0000-0000-0000-000000000000', 'ac0af144-40ff-4a33-b8d3-86a4014723aa', '{"action":"logout","actor_id":"e36f2cc1-5e1e-4caf-a72f-61c5a0caf206","actor_username":"saitama1990@gmail.com","actor_via_sso":false,"log_type":"account"}', '2025-05-15 11:11:35.839348+00', ''),
	('00000000-0000-0000-0000-000000000000', '6c78dbce-9c73-4100-b257-e4e9d25e48d5', '{"action":"login","actor_id":"e36f2cc1-5e1e-4caf-a72f-61c5a0caf206","actor_username":"saitama1990@gmail.com","actor_via_sso":false,"log_type":"account","traits":{"provider":"email"}}', '2025-05-15 11:11:46.566377+00', ''),
	('00000000-0000-0000-0000-000000000000', '19469512-0849-4cf1-9a1b-bbde7e4d2708', '{"action":"logout","actor_id":"e36f2cc1-5e1e-4caf-a72f-61c5a0caf206","actor_username":"saitama1990@gmail.com","actor_via_sso":false,"log_type":"account"}', '2025-05-15 11:15:56.660133+00', ''),
	('00000000-0000-0000-0000-000000000000', '4ae5cf24-5f95-4f83-8f86-c22594e93523', '{"action":"login","actor_id":"e36f2cc1-5e1e-4caf-a72f-61c5a0caf206","actor_username":"saitama1990@gmail.com","actor_via_sso":false,"log_type":"account","traits":{"provider":"email"}}', '2025-05-15 11:16:08.360632+00', ''),
	('00000000-0000-0000-0000-000000000000', 'ecf2ae5a-5b2a-486a-ae87-f11e71f05711', '{"action":"logout","actor_id":"e36f2cc1-5e1e-4caf-a72f-61c5a0caf206","actor_username":"saitama1990@gmail.com","actor_via_sso":false,"log_type":"account"}', '2025-05-15 11:19:09.730259+00', ''),
	('00000000-0000-0000-0000-000000000000', '3023ac02-33da-4d19-bbfd-4542db133294', '{"action":"login","actor_id":"e36f2cc1-5e1e-4caf-a72f-61c5a0caf206","actor_username":"saitama1990@gmail.com","actor_via_sso":false,"log_type":"account","traits":{"provider":"email"}}', '2025-05-15 11:19:21.376372+00', ''),
	('00000000-0000-0000-0000-000000000000', '91566742-d9e5-48fe-9042-496d39db3cdd', '{"action":"logout","actor_id":"e36f2cc1-5e1e-4caf-a72f-61c5a0caf206","actor_username":"saitama1990@gmail.com","actor_via_sso":false,"log_type":"account"}', '2025-05-15 11:35:19.71438+00', ''),
	('00000000-0000-0000-0000-000000000000', 'ae34da7a-0b86-4dbe-8e32-3ae2dda8f426', '{"action":"login","actor_id":"e36f2cc1-5e1e-4caf-a72f-61c5a0caf206","actor_username":"saitama1990@gmail.com","actor_via_sso":false,"log_type":"account","traits":{"provider":"email"}}', '2025-05-15 11:35:39.518444+00', ''),
	('00000000-0000-0000-0000-000000000000', '0ac3647f-5daa-41a1-a37b-232532aaa9cc', '{"action":"logout","actor_id":"e36f2cc1-5e1e-4caf-a72f-61c5a0caf206","actor_username":"saitama1990@gmail.com","actor_via_sso":false,"log_type":"account"}', '2025-05-15 11:43:50.938455+00', ''),
	('00000000-0000-0000-0000-000000000000', '72416d9c-d282-4e5c-89d2-5b79f8f6b81d', '{"action":"login","actor_id":"e36f2cc1-5e1e-4caf-a72f-61c5a0caf206","actor_username":"saitama1990@gmail.com","actor_via_sso":false,"log_type":"account","traits":{"provider":"email"}}', '2025-05-15 11:44:00.545391+00', ''),
	('00000000-0000-0000-0000-000000000000', '4449df7c-b510-4642-a209-7f6fbfbb3a94', '{"action":"logout","actor_id":"e36f2cc1-5e1e-4caf-a72f-61c5a0caf206","actor_username":"saitama1990@gmail.com","actor_via_sso":false,"log_type":"account"}', '2025-05-15 11:46:07.509856+00', ''),
	('00000000-0000-0000-0000-000000000000', 'aaf0f400-af52-4710-8bc8-b89bfd182d15', '{"action":"login","actor_id":"e36f2cc1-5e1e-4caf-a72f-61c5a0caf206","actor_username":"saitama1990@gmail.com","actor_via_sso":false,"log_type":"account","traits":{"provider":"email"}}', '2025-05-15 11:46:25.905806+00', ''),
	('00000000-0000-0000-0000-000000000000', 'fcca1e98-7a69-4116-943b-86b6219451d7', '{"action":"logout","actor_id":"e36f2cc1-5e1e-4caf-a72f-61c5a0caf206","actor_username":"saitama1990@gmail.com","actor_via_sso":false,"log_type":"account"}', '2025-05-15 12:02:58.13498+00', ''),
	('00000000-0000-0000-0000-000000000000', '9b046568-e426-4b81-b59d-a5b14121c593', '{"action":"login","actor_id":"e36f2cc1-5e1e-4caf-a72f-61c5a0caf206","actor_username":"saitama1990@gmail.com","actor_via_sso":false,"log_type":"account","traits":{"provider":"email"}}', '2025-05-15 12:03:08.858458+00', ''),
	('00000000-0000-0000-0000-000000000000', 'a21577dc-04b3-4c55-b1a7-49448f4924f8', '{"action":"logout","actor_id":"e36f2cc1-5e1e-4caf-a72f-61c5a0caf206","actor_username":"saitama1990@gmail.com","actor_via_sso":false,"log_type":"account"}', '2025-05-15 12:05:10.332782+00', ''),
	('00000000-0000-0000-0000-000000000000', 'cb0ecf25-41a0-44c1-bd30-c8a81cb8b2b1', '{"action":"login","actor_id":"e36f2cc1-5e1e-4caf-a72f-61c5a0caf206","actor_username":"saitama1990@gmail.com","actor_via_sso":false,"log_type":"account","traits":{"provider":"email"}}', '2025-05-15 12:05:18.984177+00', ''),
	('00000000-0000-0000-0000-000000000000', 'e301158d-562e-438a-b2fa-2ed2dd7ac280', '{"action":"logout","actor_id":"e36f2cc1-5e1e-4caf-a72f-61c5a0caf206","actor_username":"saitama1990@gmail.com","actor_via_sso":false,"log_type":"account"}', '2025-05-15 12:07:40.219518+00', ''),
	('00000000-0000-0000-0000-000000000000', '5bd89eac-7b0b-4a4b-8971-199bc65ee36b', '{"action":"login","actor_id":"e36f2cc1-5e1e-4caf-a72f-61c5a0caf206","actor_username":"saitama1990@gmail.com","actor_via_sso":false,"log_type":"account","traits":{"provider":"email"}}', '2025-05-15 12:07:43.642729+00', ''),
	('00000000-0000-0000-0000-000000000000', '3dfe706e-d0ba-4273-b505-29abf7eefdff', '{"action":"logout","actor_id":"e36f2cc1-5e1e-4caf-a72f-61c5a0caf206","actor_username":"saitama1990@gmail.com","actor_via_sso":false,"log_type":"account"}', '2025-05-15 12:11:25.620094+00', ''),
	('00000000-0000-0000-0000-000000000000', '9b73f2a2-f550-4fe7-b5c4-7732d8d34086', '{"action":"login","actor_id":"e36f2cc1-5e1e-4caf-a72f-61c5a0caf206","actor_username":"saitama1990@gmail.com","actor_via_sso":false,"log_type":"account","traits":{"provider":"email"}}', '2025-05-15 12:11:36.836398+00', ''),
	('00000000-0000-0000-0000-000000000000', 'a7e5d927-bb3a-47dd-9de3-21da105926ed', '{"action":"logout","actor_id":"e36f2cc1-5e1e-4caf-a72f-61c5a0caf206","actor_username":"saitama1990@gmail.com","actor_via_sso":false,"log_type":"account"}', '2025-05-15 12:12:32.029694+00', ''),
	('00000000-0000-0000-0000-000000000000', 'fba2dc0b-a472-4e9a-ab38-42f5de0f5e8f', '{"action":"login","actor_id":"e36f2cc1-5e1e-4caf-a72f-61c5a0caf206","actor_username":"saitama1990@gmail.com","actor_via_sso":false,"log_type":"account","traits":{"provider":"email"}}', '2025-05-15 12:12:35.776881+00', ''),
	('00000000-0000-0000-0000-000000000000', '89121c65-13be-4031-ac1e-94d7c7ec3f19', '{"action":"logout","actor_id":"e36f2cc1-5e1e-4caf-a72f-61c5a0caf206","actor_username":"saitama1990@gmail.com","actor_via_sso":false,"log_type":"account"}', '2025-05-15 12:14:24.025188+00', ''),
	('00000000-0000-0000-0000-000000000000', 'eea2d230-fd4c-46fd-af3e-d690488c90de', '{"action":"login","actor_id":"e36f2cc1-5e1e-4caf-a72f-61c5a0caf206","actor_username":"saitama1990@gmail.com","actor_via_sso":false,"log_type":"account","traits":{"provider":"email"}}', '2025-05-15 12:14:32.505836+00', ''),
	('00000000-0000-0000-0000-000000000000', '02692cdd-9e32-4934-a256-603dab7a7f24', '{"action":"logout","actor_id":"e36f2cc1-5e1e-4caf-a72f-61c5a0caf206","actor_username":"saitama1990@gmail.com","actor_via_sso":false,"log_type":"account"}', '2025-05-15 12:32:14.129896+00', ''),
	('00000000-0000-0000-0000-000000000000', '6d960437-b8cd-4cff-8b32-c653b5c6b826', '{"action":"login","actor_id":"e36f2cc1-5e1e-4caf-a72f-61c5a0caf206","actor_username":"saitama1990@gmail.com","actor_via_sso":false,"log_type":"account","traits":{"provider":"email"}}', '2025-05-15 12:32:29.114664+00', ''),
	('00000000-0000-0000-0000-000000000000', '90d01be0-2c38-4671-819f-568bffa6521f', '{"action":"logout","actor_id":"e36f2cc1-5e1e-4caf-a72f-61c5a0caf206","actor_username":"saitama1990@gmail.com","actor_via_sso":false,"log_type":"account"}', '2025-05-15 12:35:08.751128+00', ''),
	('00000000-0000-0000-0000-000000000000', 'b8f7ddae-328a-43e7-bdf8-1ae04457fb3a', '{"action":"login","actor_id":"e36f2cc1-5e1e-4caf-a72f-61c5a0caf206","actor_username":"saitama1990@gmail.com","actor_via_sso":false,"log_type":"account","traits":{"provider":"email"}}', '2025-05-15 12:35:18.204259+00', ''),
	('00000000-0000-0000-0000-000000000000', '749aa54d-e5b3-45a8-b283-f2f612f6ed66', '{"action":"logout","actor_id":"e36f2cc1-5e1e-4caf-a72f-61c5a0caf206","actor_username":"saitama1990@gmail.com","actor_via_sso":false,"log_type":"account"}', '2025-05-15 12:35:41.700041+00', ''),
	('00000000-0000-0000-0000-000000000000', 'bc518078-63a6-415c-aec3-3232648612f8', '{"action":"login","actor_id":"e36f2cc1-5e1e-4caf-a72f-61c5a0caf206","actor_username":"saitama1990@gmail.com","actor_via_sso":false,"log_type":"account","traits":{"provider":"email"}}', '2025-05-15 12:35:47.459671+00', ''),
	('00000000-0000-0000-0000-000000000000', '0651fdce-ce40-41c9-ae7b-9265713ef57b', '{"action":"logout","actor_id":"e36f2cc1-5e1e-4caf-a72f-61c5a0caf206","actor_username":"saitama1990@gmail.com","actor_via_sso":false,"log_type":"account"}', '2025-05-15 12:36:06.79976+00', ''),
	('00000000-0000-0000-0000-000000000000', '59d89cef-f153-4131-95c9-7862ae67598c', '{"action":"login","actor_id":"e36f2cc1-5e1e-4caf-a72f-61c5a0caf206","actor_username":"saitama1990@gmail.com","actor_via_sso":false,"log_type":"account","traits":{"provider":"email"}}', '2025-05-15 12:36:10.059038+00', ''),
	('00000000-0000-0000-0000-000000000000', 'e39816ee-ba5c-41bd-aeab-e6898d6ae862', '{"action":"logout","actor_id":"e36f2cc1-5e1e-4caf-a72f-61c5a0caf206","actor_username":"saitama1990@gmail.com","actor_via_sso":false,"log_type":"account"}', '2025-05-15 12:36:53.378272+00', ''),
	('00000000-0000-0000-0000-000000000000', 'eda78163-390a-4586-9e72-56295084eb77', '{"action":"login","actor_id":"e36f2cc1-5e1e-4caf-a72f-61c5a0caf206","actor_username":"saitama1990@gmail.com","actor_via_sso":false,"log_type":"account","traits":{"provider":"email"}}', '2025-05-15 12:37:02.057146+00', ''),
	('00000000-0000-0000-0000-000000000000', '8feb4d67-6ed1-405e-8310-86ea0a81e8b7', '{"action":"token_refreshed","actor_id":"e36f2cc1-5e1e-4caf-a72f-61c5a0caf206","actor_username":"saitama1990@gmail.com","actor_via_sso":false,"log_type":"token"}', '2025-05-15 16:58:22.761767+00', ''),
	('00000000-0000-0000-0000-000000000000', '9cdaa4ef-4cca-400e-96a8-c88da281eb46', '{"action":"token_revoked","actor_id":"e36f2cc1-5e1e-4caf-a72f-61c5a0caf206","actor_username":"saitama1990@gmail.com","actor_via_sso":false,"log_type":"token"}', '2025-05-15 16:58:22.764354+00', ''),
	('00000000-0000-0000-0000-000000000000', 'db6aafa8-9fa7-4657-b8c1-a85ae7d1cb94', '{"action":"logout","actor_id":"e36f2cc1-5e1e-4caf-a72f-61c5a0caf206","actor_username":"saitama1990@gmail.com","actor_via_sso":false,"log_type":"account"}', '2025-05-15 16:58:25.694506+00', ''),
	('00000000-0000-0000-0000-000000000000', '0283af02-af07-496f-a4e5-6bfb071003c1', '{"action":"login","actor_id":"e36f2cc1-5e1e-4caf-a72f-61c5a0caf206","actor_username":"saitama1990@gmail.com","actor_via_sso":false,"log_type":"account","traits":{"provider":"email"}}', '2025-05-15 16:58:40.67932+00', ''),
	('00000000-0000-0000-0000-000000000000', '0ee1f402-1fef-4950-a018-03c2d53f1c83', '{"action":"logout","actor_id":"e36f2cc1-5e1e-4caf-a72f-61c5a0caf206","actor_username":"saitama1990@gmail.com","actor_via_sso":false,"log_type":"account"}', '2025-05-15 17:01:15.15754+00', ''),
	('00000000-0000-0000-0000-000000000000', 'eb1ad1b3-4f71-48d1-bf7d-d3c082ef6f35', '{"action":"login","actor_id":"e36f2cc1-5e1e-4caf-a72f-61c5a0caf206","actor_username":"saitama1990@gmail.com","actor_via_sso":false,"log_type":"account","traits":{"provider":"email"}}', '2025-05-15 17:01:23.474772+00', ''),
	('00000000-0000-0000-0000-000000000000', '20eb810b-f2cc-4cc3-b8b8-27a8121bc1b2', '{"action":"logout","actor_id":"e36f2cc1-5e1e-4caf-a72f-61c5a0caf206","actor_username":"saitama1990@gmail.com","actor_via_sso":false,"log_type":"account"}', '2025-05-15 17:02:20.101315+00', ''),
	('00000000-0000-0000-0000-000000000000', 'd2b89624-5921-41db-be04-da129d7e6b78', '{"action":"login","actor_id":"e36f2cc1-5e1e-4caf-a72f-61c5a0caf206","actor_username":"saitama1990@gmail.com","actor_via_sso":false,"log_type":"account","traits":{"provider":"email"}}', '2025-05-15 17:02:26.496195+00', ''),
	('00000000-0000-0000-0000-000000000000', 'cd51d48c-a46f-4cdc-8334-551d09a055a1', '{"action":"logout","actor_id":"e36f2cc1-5e1e-4caf-a72f-61c5a0caf206","actor_username":"saitama1990@gmail.com","actor_via_sso":false,"log_type":"account"}', '2025-05-15 17:20:30.676746+00', ''),
	('00000000-0000-0000-0000-000000000000', '23b006af-3882-4e03-8128-5516a12bd532', '{"action":"login","actor_id":"e36f2cc1-5e1e-4caf-a72f-61c5a0caf206","actor_username":"saitama1990@gmail.com","actor_via_sso":false,"log_type":"account","traits":{"provider":"email"}}', '2025-05-15 17:20:41.251457+00', ''),
	('00000000-0000-0000-0000-000000000000', '09162bc6-578e-427b-991d-0584dc82f04e', '{"action":"logout","actor_id":"e36f2cc1-5e1e-4caf-a72f-61c5a0caf206","actor_username":"saitama1990@gmail.com","actor_via_sso":false,"log_type":"account"}', '2025-05-15 17:23:46.245769+00', ''),
	('00000000-0000-0000-0000-000000000000', '2d59e855-fa6c-4e60-b960-28ad88fa216a', '{"action":"login","actor_id":"e36f2cc1-5e1e-4caf-a72f-61c5a0caf206","actor_username":"saitama1990@gmail.com","actor_via_sso":false,"log_type":"account","traits":{"provider":"email"}}', '2025-05-15 17:23:52.68559+00', ''),
	('00000000-0000-0000-0000-000000000000', 'ef5b02c5-3858-4487-b261-d391a1ae2919', '{"action":"logout","actor_id":"e36f2cc1-5e1e-4caf-a72f-61c5a0caf206","actor_username":"saitama1990@gmail.com","actor_via_sso":false,"log_type":"account"}', '2025-05-15 17:24:31.946333+00', ''),
	('00000000-0000-0000-0000-000000000000', 'dc792979-b66e-49fe-bf60-1ba0f9c44ec2', '{"action":"login","actor_id":"e36f2cc1-5e1e-4caf-a72f-61c5a0caf206","actor_username":"saitama1990@gmail.com","actor_via_sso":false,"log_type":"account","traits":{"provider":"email"}}', '2025-05-15 17:24:35.718487+00', ''),
	('00000000-0000-0000-0000-000000000000', 'edec76c3-af8a-496d-bc40-9c167d626475', '{"action":"logout","actor_id":"e36f2cc1-5e1e-4caf-a72f-61c5a0caf206","actor_username":"saitama1990@gmail.com","actor_via_sso":false,"log_type":"account"}', '2025-05-15 17:52:00.760327+00', ''),
	('00000000-0000-0000-0000-000000000000', 'b332e7d0-966c-40dc-bae1-3278d4098858', '{"action":"login","actor_id":"e36f2cc1-5e1e-4caf-a72f-61c5a0caf206","actor_username":"saitama1990@gmail.com","actor_via_sso":false,"log_type":"account","traits":{"provider":"email"}}', '2025-05-15 17:52:11.669432+00', ''),
	('00000000-0000-0000-0000-000000000000', '0f08d3ad-0ba4-4807-9c0a-c514febdfe53', '{"action":"logout","actor_id":"e36f2cc1-5e1e-4caf-a72f-61c5a0caf206","actor_username":"saitama1990@gmail.com","actor_via_sso":false,"log_type":"account"}', '2025-05-15 17:59:13.442094+00', ''),
	('00000000-0000-0000-0000-000000000000', 'c4e85a64-7f98-4f69-af5b-7d6cc57b823d', '{"action":"login","actor_id":"e36f2cc1-5e1e-4caf-a72f-61c5a0caf206","actor_username":"saitama1990@gmail.com","actor_via_sso":false,"log_type":"account","traits":{"provider":"email"}}', '2025-05-15 17:59:22.41646+00', ''),
	('00000000-0000-0000-0000-000000000000', '6f4a2dcf-6456-4120-955b-cfd9f3c16d96', '{"action":"logout","actor_id":"e36f2cc1-5e1e-4caf-a72f-61c5a0caf206","actor_username":"saitama1990@gmail.com","actor_via_sso":false,"log_type":"account"}', '2025-05-15 18:06:48.595853+00', ''),
	('00000000-0000-0000-0000-000000000000', '9d567d3c-c32e-4964-abfa-c1287ca0371a', '{"action":"login","actor_id":"e36f2cc1-5e1e-4caf-a72f-61c5a0caf206","actor_username":"saitama1990@gmail.com","actor_via_sso":false,"log_type":"account","traits":{"provider":"email"}}', '2025-05-15 18:06:58.101999+00', ''),
	('00000000-0000-0000-0000-000000000000', '51a29da4-e8e1-435f-9716-65efb3d47260', '{"action":"logout","actor_id":"e36f2cc1-5e1e-4caf-a72f-61c5a0caf206","actor_username":"saitama1990@gmail.com","actor_via_sso":false,"log_type":"account"}', '2025-05-15 18:21:03.981205+00', ''),
	('00000000-0000-0000-0000-000000000000', 'df2b3aef-ba7b-4cad-902c-44225101907c', '{"action":"login","actor_id":"e36f2cc1-5e1e-4caf-a72f-61c5a0caf206","actor_username":"saitama1990@gmail.com","actor_via_sso":false,"log_type":"account","traits":{"provider":"email"}}', '2025-05-15 18:21:12.735182+00', ''),
	('00000000-0000-0000-0000-000000000000', 'f6bccee3-57a8-44f1-b4ab-ce09d877084f', '{"action":"logout","actor_id":"e36f2cc1-5e1e-4caf-a72f-61c5a0caf206","actor_username":"saitama1990@gmail.com","actor_via_sso":false,"log_type":"account"}', '2025-05-15 18:35:48.540785+00', ''),
	('00000000-0000-0000-0000-000000000000', '9695aa53-1181-487f-b709-0ab06b37da40', '{"action":"login","actor_id":"e36f2cc1-5e1e-4caf-a72f-61c5a0caf206","actor_username":"saitama1990@gmail.com","actor_via_sso":false,"log_type":"account","traits":{"provider":"email"}}', '2025-05-15 18:35:59.748304+00', ''),
	('00000000-0000-0000-0000-000000000000', 'cfd2e421-137e-4236-8d92-4b24ef262248', '{"action":"logout","actor_id":"e36f2cc1-5e1e-4caf-a72f-61c5a0caf206","actor_username":"saitama1990@gmail.com","actor_via_sso":false,"log_type":"account"}', '2025-05-15 18:42:15.83148+00', ''),
	('00000000-0000-0000-0000-000000000000', 'ae74cbf9-eb31-44af-bc3d-f010a3fcd3a0', '{"action":"login","actor_id":"e36f2cc1-5e1e-4caf-a72f-61c5a0caf206","actor_username":"saitama1990@gmail.com","actor_via_sso":false,"log_type":"account","traits":{"provider":"email"}}', '2025-05-15 18:42:24.874182+00', ''),
	('00000000-0000-0000-0000-000000000000', '745929f1-c3ba-425b-b92c-0271d92cd77c', '{"action":"logout","actor_id":"e36f2cc1-5e1e-4caf-a72f-61c5a0caf206","actor_username":"saitama1990@gmail.com","actor_via_sso":false,"log_type":"account"}', '2025-05-15 18:50:36.464008+00', ''),
	('00000000-0000-0000-0000-000000000000', '062785a5-88d5-4d2c-9bd2-6443734b328f', '{"action":"login","actor_id":"e36f2cc1-5e1e-4caf-a72f-61c5a0caf206","actor_username":"saitama1990@gmail.com","actor_via_sso":false,"log_type":"account","traits":{"provider":"email"}}', '2025-05-15 18:50:45.514107+00', ''),
	('00000000-0000-0000-0000-000000000000', '313b7237-d183-4af6-82b6-b2d13e811368', '{"action":"logout","actor_id":"e36f2cc1-5e1e-4caf-a72f-61c5a0caf206","actor_username":"saitama1990@gmail.com","actor_via_sso":false,"log_type":"account"}', '2025-05-15 18:55:42.846191+00', ''),
	('00000000-0000-0000-0000-000000000000', 'fc5d2f6c-eb5a-437d-9215-db18eaf118fe', '{"action":"login","actor_id":"e36f2cc1-5e1e-4caf-a72f-61c5a0caf206","actor_username":"saitama1990@gmail.com","actor_via_sso":false,"log_type":"account","traits":{"provider":"email"}}', '2025-05-15 18:55:50.909055+00', ''),
	('00000000-0000-0000-0000-000000000000', '21ee658e-c59e-4f30-8a38-bd2145877c80', '{"action":"token_refreshed","actor_id":"e36f2cc1-5e1e-4caf-a72f-61c5a0caf206","actor_username":"saitama1990@gmail.com","actor_via_sso":false,"log_type":"token"}', '2025-05-16 05:23:24.390027+00', ''),
	('00000000-0000-0000-0000-000000000000', '5252e798-7eb8-4db4-b746-050258305772', '{"action":"token_revoked","actor_id":"e36f2cc1-5e1e-4caf-a72f-61c5a0caf206","actor_username":"saitama1990@gmail.com","actor_via_sso":false,"log_type":"token"}', '2025-05-16 05:23:24.396224+00', ''),
	('00000000-0000-0000-0000-000000000000', 'b8069564-7766-4d57-ae56-3bdba773bc4b', '{"action":"logout","actor_id":"e36f2cc1-5e1e-4caf-a72f-61c5a0caf206","actor_username":"saitama1990@gmail.com","actor_via_sso":false,"log_type":"account"}', '2025-05-16 05:23:26.976372+00', ''),
	('00000000-0000-0000-0000-000000000000', '830dce3e-0f6d-466f-84fc-3e723cf309ed', '{"action":"login","actor_id":"e36f2cc1-5e1e-4caf-a72f-61c5a0caf206","actor_username":"saitama1990@gmail.com","actor_via_sso":false,"log_type":"account","traits":{"provider":"email"}}', '2025-05-16 05:23:47.090182+00', ''),
	('00000000-0000-0000-0000-000000000000', '91af22f0-c8ee-4d06-b244-13409b423d05', '{"action":"logout","actor_id":"e36f2cc1-5e1e-4caf-a72f-61c5a0caf206","actor_username":"saitama1990@gmail.com","actor_via_sso":false,"log_type":"account"}', '2025-05-16 05:36:22.452202+00', ''),
	('00000000-0000-0000-0000-000000000000', '82959157-8c47-4800-bfef-63c999ef9b64', '{"action":"login","actor_id":"e36f2cc1-5e1e-4caf-a72f-61c5a0caf206","actor_username":"saitama1990@gmail.com","actor_via_sso":false,"log_type":"account","traits":{"provider":"email"}}', '2025-05-16 05:36:33.636165+00', ''),
	('00000000-0000-0000-0000-000000000000', '99ac33ec-f599-488a-aae3-111857fad2fe', '{"action":"logout","actor_id":"e36f2cc1-5e1e-4caf-a72f-61c5a0caf206","actor_username":"saitama1990@gmail.com","actor_via_sso":false,"log_type":"account"}', '2025-05-16 05:38:17.595339+00', ''),
	('00000000-0000-0000-0000-000000000000', '25a8a5cf-ac4b-437e-b205-921eb744d28b', '{"action":"login","actor_id":"e36f2cc1-5e1e-4caf-a72f-61c5a0caf206","actor_username":"saitama1990@gmail.com","actor_via_sso":false,"log_type":"account","traits":{"provider":"email"}}', '2025-05-16 05:38:26.586612+00', ''),
	('00000000-0000-0000-0000-000000000000', 'b9cc1493-6b39-4b64-a823-4aa9b2353159', '{"action":"logout","actor_id":"e36f2cc1-5e1e-4caf-a72f-61c5a0caf206","actor_username":"saitama1990@gmail.com","actor_via_sso":false,"log_type":"account"}', '2025-05-16 05:39:08.156552+00', ''),
	('00000000-0000-0000-0000-000000000000', '5ee1530a-d8bd-4ec0-b13e-0bf254b708a7', '{"action":"login","actor_id":"e36f2cc1-5e1e-4caf-a72f-61c5a0caf206","actor_username":"saitama1990@gmail.com","actor_via_sso":false,"log_type":"account","traits":{"provider":"email"}}', '2025-05-16 05:39:11.535069+00', ''),
	('00000000-0000-0000-0000-000000000000', '6c2c3f81-5387-41de-95d0-a74ad9e6768e', '{"action":"token_refreshed","actor_id":"e36f2cc1-5e1e-4caf-a72f-61c5a0caf206","actor_username":"saitama1990@gmail.com","actor_via_sso":false,"log_type":"token"}', '2025-05-16 11:51:35.307568+00', ''),
	('00000000-0000-0000-0000-000000000000', '672a2a5a-b536-43cb-af19-5f86f77767d2', '{"action":"token_revoked","actor_id":"e36f2cc1-5e1e-4caf-a72f-61c5a0caf206","actor_username":"saitama1990@gmail.com","actor_via_sso":false,"log_type":"token"}', '2025-05-16 11:51:35.315792+00', ''),
	('00000000-0000-0000-0000-000000000000', '827f4cf3-8337-4d24-b6c6-cbf63a145543', '{"action":"logout","actor_id":"e36f2cc1-5e1e-4caf-a72f-61c5a0caf206","actor_username":"saitama1990@gmail.com","actor_via_sso":false,"log_type":"account"}', '2025-05-16 11:51:59.461997+00', ''),
	('00000000-0000-0000-0000-000000000000', 'f4989d41-bd99-4351-8981-d13d0d3b3d8f', '{"action":"login","actor_id":"e36f2cc1-5e1e-4caf-a72f-61c5a0caf206","actor_username":"saitama1990@gmail.com","actor_via_sso":false,"log_type":"account","traits":{"provider":"email"}}', '2025-05-16 11:52:09.913403+00', ''),
	('00000000-0000-0000-0000-000000000000', 'b25cf328-4e2a-45a3-bba2-0db291cb41a6', '{"action":"logout","actor_id":"e36f2cc1-5e1e-4caf-a72f-61c5a0caf206","actor_username":"saitama1990@gmail.com","actor_via_sso":false,"log_type":"account"}', '2025-05-16 11:53:00.311836+00', ''),
	('00000000-0000-0000-0000-000000000000', '23fab5a1-c728-492b-9e74-313344451bbb', '{"action":"login","actor_id":"e36f2cc1-5e1e-4caf-a72f-61c5a0caf206","actor_username":"saitama1990@gmail.com","actor_via_sso":false,"log_type":"account","traits":{"provider":"email"}}', '2025-05-16 11:53:03.21004+00', ''),
	('00000000-0000-0000-0000-000000000000', '17d6e769-957f-4a14-a3f3-823505bdadbd', '{"action":"logout","actor_id":"e36f2cc1-5e1e-4caf-a72f-61c5a0caf206","actor_username":"saitama1990@gmail.com","actor_via_sso":false,"log_type":"account"}', '2025-05-16 11:54:54.785835+00', ''),
	('00000000-0000-0000-0000-000000000000', 'a2d442c2-cba4-411c-802d-e4c3e51c5006', '{"action":"login","actor_id":"e36f2cc1-5e1e-4caf-a72f-61c5a0caf206","actor_username":"saitama1990@gmail.com","actor_via_sso":false,"log_type":"account","traits":{"provider":"email"}}', '2025-05-16 11:55:02.192962+00', ''),
	('00000000-0000-0000-0000-000000000000', '0b5dcb1b-332a-471b-b6a3-22915514f142', '{"action":"logout","actor_id":"e36f2cc1-5e1e-4caf-a72f-61c5a0caf206","actor_username":"saitama1990@gmail.com","actor_via_sso":false,"log_type":"account"}', '2025-05-16 11:55:23.938701+00', ''),
	('00000000-0000-0000-0000-000000000000', '234306bd-ab49-4035-b329-d62ad34e6be1', '{"action":"login","actor_id":"e36f2cc1-5e1e-4caf-a72f-61c5a0caf206","actor_username":"saitama1990@gmail.com","actor_via_sso":false,"log_type":"account","traits":{"provider":"email"}}', '2025-05-16 11:55:26.681004+00', ''),
	('00000000-0000-0000-0000-000000000000', '97679b43-2564-4d77-bf1f-0b761ca704d1', '{"action":"logout","actor_id":"e36f2cc1-5e1e-4caf-a72f-61c5a0caf206","actor_username":"saitama1990@gmail.com","actor_via_sso":false,"log_type":"account"}', '2025-05-16 11:56:20.070905+00', ''),
	('00000000-0000-0000-0000-000000000000', '6913455c-b414-4484-a3fd-055df32bb76c', '{"action":"login","actor_id":"e36f2cc1-5e1e-4caf-a72f-61c5a0caf206","actor_username":"saitama1990@gmail.com","actor_via_sso":false,"log_type":"account","traits":{"provider":"email"}}', '2025-05-16 11:56:27.589735+00', ''),
	('00000000-0000-0000-0000-000000000000', '654803c1-8b08-4f83-969c-66ac04162360', '{"action":"logout","actor_id":"e36f2cc1-5e1e-4caf-a72f-61c5a0caf206","actor_username":"saitama1990@gmail.com","actor_via_sso":false,"log_type":"account"}', '2025-05-16 11:57:18.793113+00', ''),
	('00000000-0000-0000-0000-000000000000', '48c691c7-1a6d-4d51-bfc2-2192464cd97a', '{"action":"login","actor_id":"e36f2cc1-5e1e-4caf-a72f-61c5a0caf206","actor_username":"saitama1990@gmail.com","actor_via_sso":false,"log_type":"account","traits":{"provider":"email"}}', '2025-05-16 11:57:21.530815+00', ''),
	('00000000-0000-0000-0000-000000000000', 'ad6cf2e3-f2f5-45c6-bab6-8141d6bb5309', '{"action":"logout","actor_id":"e36f2cc1-5e1e-4caf-a72f-61c5a0caf206","actor_username":"saitama1990@gmail.com","actor_via_sso":false,"log_type":"account"}', '2025-05-16 11:58:16.03808+00', ''),
	('00000000-0000-0000-0000-000000000000', '99092262-a8bd-4257-9325-8310739a8d1a', '{"action":"login","actor_id":"e36f2cc1-5e1e-4caf-a72f-61c5a0caf206","actor_username":"saitama1990@gmail.com","actor_via_sso":false,"log_type":"account","traits":{"provider":"email"}}', '2025-05-16 11:58:23.958198+00', ''),
	('00000000-0000-0000-0000-000000000000', '41ee8b74-4002-414f-9b26-fc72e3e8cd2f', '{"action":"logout","actor_id":"e36f2cc1-5e1e-4caf-a72f-61c5a0caf206","actor_username":"saitama1990@gmail.com","actor_via_sso":false,"log_type":"account"}', '2025-05-16 12:29:59.611872+00', ''),
	('00000000-0000-0000-0000-000000000000', '493c4e6f-8f12-4b13-b007-d82a77036723', '{"action":"login","actor_id":"e36f2cc1-5e1e-4caf-a72f-61c5a0caf206","actor_username":"saitama1990@gmail.com","actor_via_sso":false,"log_type":"account","traits":{"provider":"email"}}', '2025-05-16 12:30:11.579864+00', ''),
	('00000000-0000-0000-0000-000000000000', 'fad97e9d-01ad-4982-b20d-5b40caccac39', '{"action":"logout","actor_id":"e36f2cc1-5e1e-4caf-a72f-61c5a0caf206","actor_username":"saitama1990@gmail.com","actor_via_sso":false,"log_type":"account"}', '2025-05-16 12:31:23.220859+00', ''),
	('00000000-0000-0000-0000-000000000000', 'eec1b4fd-3964-43c5-8df7-9456e017288c', '{"action":"login","actor_id":"e36f2cc1-5e1e-4caf-a72f-61c5a0caf206","actor_username":"saitama1990@gmail.com","actor_via_sso":false,"log_type":"account","traits":{"provider":"email"}}', '2025-05-16 12:31:29.531295+00', ''),
	('00000000-0000-0000-0000-000000000000', '43ba0655-c40f-4be2-903f-c63db9de082b', '{"action":"logout","actor_id":"e36f2cc1-5e1e-4caf-a72f-61c5a0caf206","actor_username":"saitama1990@gmail.com","actor_via_sso":false,"log_type":"account"}', '2025-05-16 12:36:21.181324+00', ''),
	('00000000-0000-0000-0000-000000000000', 'd6e0bd33-2766-4083-9e55-83bf080f291b', '{"action":"login","actor_id":"e36f2cc1-5e1e-4caf-a72f-61c5a0caf206","actor_username":"saitama1990@gmail.com","actor_via_sso":false,"log_type":"account","traits":{"provider":"email"}}', '2025-05-16 12:36:31.219831+00', ''),
	('00000000-0000-0000-0000-000000000000', 'c4c3beff-1a03-4834-ae81-67dca706118d', '{"action":"logout","actor_id":"e36f2cc1-5e1e-4caf-a72f-61c5a0caf206","actor_username":"saitama1990@gmail.com","actor_via_sso":false,"log_type":"account"}', '2025-05-16 12:36:57.227251+00', ''),
	('00000000-0000-0000-0000-000000000000', '7de6815a-b32f-4af9-a413-14d16541a54e', '{"action":"login","actor_id":"e36f2cc1-5e1e-4caf-a72f-61c5a0caf206","actor_username":"saitama1990@gmail.com","actor_via_sso":false,"log_type":"account","traits":{"provider":"email"}}', '2025-05-16 12:37:00.469295+00', ''),
	('00000000-0000-0000-0000-000000000000', 'f4e9f7a8-a398-4044-8759-62b743f25eee', '{"action":"logout","actor_id":"e36f2cc1-5e1e-4caf-a72f-61c5a0caf206","actor_username":"saitama1990@gmail.com","actor_via_sso":false,"log_type":"account"}', '2025-05-16 12:41:44.779921+00', ''),
	('00000000-0000-0000-0000-000000000000', 'f748d124-0ffd-44f2-ae8c-142719776812', '{"action":"login","actor_id":"e36f2cc1-5e1e-4caf-a72f-61c5a0caf206","actor_username":"saitama1990@gmail.com","actor_via_sso":false,"log_type":"account","traits":{"provider":"email"}}', '2025-05-16 12:41:59.4222+00', ''),
	('00000000-0000-0000-0000-000000000000', 'acaee928-5a34-4b39-8b95-d0346b9d8550', '{"action":"logout","actor_id":"e36f2cc1-5e1e-4caf-a72f-61c5a0caf206","actor_username":"saitama1990@gmail.com","actor_via_sso":false,"log_type":"account"}', '2025-05-16 12:42:20.073143+00', ''),
	('00000000-0000-0000-0000-000000000000', '5a5109b6-c125-4f9c-8582-c263a7d81dbf', '{"action":"login","actor_id":"e36f2cc1-5e1e-4caf-a72f-61c5a0caf206","actor_username":"saitama1990@gmail.com","actor_via_sso":false,"log_type":"account","traits":{"provider":"email"}}', '2025-05-16 12:42:23.556727+00', ''),
	('00000000-0000-0000-0000-000000000000', '88d87c78-6e80-47e5-9e44-12073798b08a', '{"action":"logout","actor_id":"e36f2cc1-5e1e-4caf-a72f-61c5a0caf206","actor_username":"saitama1990@gmail.com","actor_via_sso":false,"log_type":"account"}', '2025-05-16 12:43:13.150056+00', ''),
	('00000000-0000-0000-0000-000000000000', 'f5f995df-f400-498d-a890-2d31b41842f1', '{"action":"login","actor_id":"e36f2cc1-5e1e-4caf-a72f-61c5a0caf206","actor_username":"saitama1990@gmail.com","actor_via_sso":false,"log_type":"account","traits":{"provider":"email"}}', '2025-05-16 12:43:19.555257+00', ''),
	('00000000-0000-0000-0000-000000000000', '2a7bfe19-924d-4cb8-b9f0-7ee7a7dac059', '{"action":"logout","actor_id":"e36f2cc1-5e1e-4caf-a72f-61c5a0caf206","actor_username":"saitama1990@gmail.com","actor_via_sso":false,"log_type":"account"}', '2025-05-16 12:49:03.229511+00', ''),
	('00000000-0000-0000-0000-000000000000', 'eee3397c-3569-4fbe-ab1a-c10db043546e', '{"action":"login","actor_id":"e36f2cc1-5e1e-4caf-a72f-61c5a0caf206","actor_username":"saitama1990@gmail.com","actor_via_sso":false,"log_type":"account","traits":{"provider":"email"}}', '2025-05-16 12:49:13.422805+00', ''),
	('00000000-0000-0000-0000-000000000000', '3575a08e-e181-404e-894b-2ce891a93585', '{"action":"logout","actor_id":"e36f2cc1-5e1e-4caf-a72f-61c5a0caf206","actor_username":"saitama1990@gmail.com","actor_via_sso":false,"log_type":"account"}', '2025-05-16 12:56:09.606488+00', ''),
	('00000000-0000-0000-0000-000000000000', 'c4515e45-f627-4503-9820-beeaa82d31af', '{"action":"login","actor_id":"e36f2cc1-5e1e-4caf-a72f-61c5a0caf206","actor_username":"saitama1990@gmail.com","actor_via_sso":false,"log_type":"account","traits":{"provider":"email"}}', '2025-05-16 12:56:21.83777+00', ''),
	('00000000-0000-0000-0000-000000000000', 'e09dc84b-453a-47b9-bf50-4b82c45c9bd1', '{"action":"logout","actor_id":"e36f2cc1-5e1e-4caf-a72f-61c5a0caf206","actor_username":"saitama1990@gmail.com","actor_via_sso":false,"log_type":"account"}', '2025-05-16 13:01:56.996723+00', ''),
	('00000000-0000-0000-0000-000000000000', 'ab02f8e3-2463-41b9-9f9b-367092038b48', '{"action":"login","actor_id":"e36f2cc1-5e1e-4caf-a72f-61c5a0caf206","actor_username":"saitama1990@gmail.com","actor_via_sso":false,"log_type":"account","traits":{"provider":"email"}}', '2025-05-16 13:02:11.785918+00', ''),
	('00000000-0000-0000-0000-000000000000', '8b862c11-3083-482a-b2fd-7fc0ebccdfd8', '{"action":"logout","actor_id":"e36f2cc1-5e1e-4caf-a72f-61c5a0caf206","actor_username":"saitama1990@gmail.com","actor_via_sso":false,"log_type":"account"}', '2025-05-16 13:03:04.702146+00', ''),
	('00000000-0000-0000-0000-000000000000', '01c20f33-45b1-4b57-a1a4-4cce171020b5', '{"action":"login","actor_id":"e36f2cc1-5e1e-4caf-a72f-61c5a0caf206","actor_username":"saitama1990@gmail.com","actor_via_sso":false,"log_type":"account","traits":{"provider":"email"}}', '2025-05-16 13:04:30.59036+00', ''),
	('00000000-0000-0000-0000-000000000000', '35991e72-80e9-4343-93cc-cb03436dfbb9', '{"action":"logout","actor_id":"e36f2cc1-5e1e-4caf-a72f-61c5a0caf206","actor_username":"saitama1990@gmail.com","actor_via_sso":false,"log_type":"account"}', '2025-05-16 13:04:57.425024+00', ''),
	('00000000-0000-0000-0000-000000000000', 'a9558584-b8df-496f-8d91-354fae6b3c2e', '{"action":"login","actor_id":"e36f2cc1-5e1e-4caf-a72f-61c5a0caf206","actor_username":"saitama1990@gmail.com","actor_via_sso":false,"log_type":"account","traits":{"provider":"email"}}', '2025-05-16 13:05:01.907642+00', ''),
	('00000000-0000-0000-0000-000000000000', '72cf2d69-d8e6-40a9-8f6a-d13718fcbae0', '{"action":"logout","actor_id":"e36f2cc1-5e1e-4caf-a72f-61c5a0caf206","actor_username":"saitama1990@gmail.com","actor_via_sso":false,"log_type":"account"}', '2025-05-16 13:11:30.898335+00', ''),
	('00000000-0000-0000-0000-000000000000', '4a485b1b-6cd6-4dde-981b-65995e16344d', '{"action":"login","actor_id":"e36f2cc1-5e1e-4caf-a72f-61c5a0caf206","actor_username":"saitama1990@gmail.com","actor_via_sso":false,"log_type":"account","traits":{"provider":"email"}}', '2025-05-16 13:11:41.877424+00', ''),
	('00000000-0000-0000-0000-000000000000', '5dd076e0-b892-4f48-a40b-d2998337e8dc', '{"action":"logout","actor_id":"e36f2cc1-5e1e-4caf-a72f-61c5a0caf206","actor_username":"saitama1990@gmail.com","actor_via_sso":false,"log_type":"account"}', '2025-05-16 13:16:04.047273+00', ''),
	('00000000-0000-0000-0000-000000000000', '175e4a96-f79f-4fed-8f48-96a8ce48d616', '{"action":"login","actor_id":"e36f2cc1-5e1e-4caf-a72f-61c5a0caf206","actor_username":"saitama1990@gmail.com","actor_via_sso":false,"log_type":"account","traits":{"provider":"email"}}', '2025-05-16 13:16:22.03488+00', ''),
	('00000000-0000-0000-0000-000000000000', '4686c38f-d06a-432c-ab13-0c2fb4e0a79b', '{"action":"logout","actor_id":"e36f2cc1-5e1e-4caf-a72f-61c5a0caf206","actor_username":"saitama1990@gmail.com","actor_via_sso":false,"log_type":"account"}', '2025-05-16 13:17:33.800993+00', ''),
	('00000000-0000-0000-0000-000000000000', 'fcb74b1d-1493-45c7-83b6-bd346285fb32', '{"action":"login","actor_id":"e36f2cc1-5e1e-4caf-a72f-61c5a0caf206","actor_username":"saitama1990@gmail.com","actor_via_sso":false,"log_type":"account","traits":{"provider":"email"}}', '2025-05-16 13:17:42.366809+00', ''),
	('00000000-0000-0000-0000-000000000000', 'bd4bf93b-4e16-4c0e-b6fb-b677b073d918', '{"action":"logout","actor_id":"e36f2cc1-5e1e-4caf-a72f-61c5a0caf206","actor_username":"saitama1990@gmail.com","actor_via_sso":false,"log_type":"account"}', '2025-05-16 13:21:22.649715+00', ''),
	('00000000-0000-0000-0000-000000000000', '8295a9a6-e613-40db-ba8f-954ec166b038', '{"action":"login","actor_id":"e36f2cc1-5e1e-4caf-a72f-61c5a0caf206","actor_username":"saitama1990@gmail.com","actor_via_sso":false,"log_type":"account","traits":{"provider":"email"}}', '2025-05-16 13:21:32.476171+00', ''),
	('00000000-0000-0000-0000-000000000000', 'f6c149af-c92e-4a16-8182-773d4bfe54fd', '{"action":"logout","actor_id":"e36f2cc1-5e1e-4caf-a72f-61c5a0caf206","actor_username":"saitama1990@gmail.com","actor_via_sso":false,"log_type":"account"}', '2025-05-16 13:32:10.279006+00', ''),
	('00000000-0000-0000-0000-000000000000', '6d5b0b9e-a175-4bed-9000-296fc784d80d', '{"action":"login","actor_id":"e36f2cc1-5e1e-4caf-a72f-61c5a0caf206","actor_username":"saitama1990@gmail.com","actor_via_sso":false,"log_type":"account","traits":{"provider":"email"}}', '2025-05-16 13:32:28.777839+00', ''),
	('00000000-0000-0000-0000-000000000000', 'eb547918-c025-4637-a5b7-5b9cac7106ee', '{"action":"logout","actor_id":"e36f2cc1-5e1e-4caf-a72f-61c5a0caf206","actor_username":"saitama1990@gmail.com","actor_via_sso":false,"log_type":"account"}', '2025-05-16 13:38:56.907198+00', ''),
	('00000000-0000-0000-0000-000000000000', 'fe6930ed-ab19-46f5-80a5-bacaa2be6ac8', '{"action":"login","actor_id":"e36f2cc1-5e1e-4caf-a72f-61c5a0caf206","actor_username":"saitama1990@gmail.com","actor_via_sso":false,"log_type":"account","traits":{"provider":"email"}}', '2025-05-16 13:39:10.32211+00', ''),
	('00000000-0000-0000-0000-000000000000', 'fb742ec6-15bf-4a24-8b17-dd58e88adfcf', '{"action":"login","actor_id":"e36f2cc1-5e1e-4caf-a72f-61c5a0caf206","actor_username":"saitama1990@gmail.com","actor_via_sso":false,"log_type":"account","traits":{"provider":"email"}}', '2025-05-16 14:48:38.926258+00', ''),
	('00000000-0000-0000-0000-000000000000', '49da8277-1903-41f5-a8b4-8e7be004047f', '{"action":"token_refreshed","actor_id":"e36f2cc1-5e1e-4caf-a72f-61c5a0caf206","actor_username":"saitama1990@gmail.com","actor_via_sso":false,"log_type":"token"}', '2025-05-16 15:59:33.888094+00', ''),
	('00000000-0000-0000-0000-000000000000', '3f6c9275-c2d4-428c-8802-e41162c7d006', '{"action":"token_revoked","actor_id":"e36f2cc1-5e1e-4caf-a72f-61c5a0caf206","actor_username":"saitama1990@gmail.com","actor_via_sso":false,"log_type":"token"}', '2025-05-16 15:59:33.891976+00', ''),
	('00000000-0000-0000-0000-000000000000', '67f6c160-478c-441d-b9fb-b767dc3e19d3', '{"action":"token_refreshed","actor_id":"e36f2cc1-5e1e-4caf-a72f-61c5a0caf206","actor_username":"saitama1990@gmail.com","actor_via_sso":false,"log_type":"token"}', '2025-05-16 16:03:50.096514+00', ''),
	('00000000-0000-0000-0000-000000000000', 'da175ab9-144f-4eca-ac1d-3220fcabc0e5', '{"action":"token_revoked","actor_id":"e36f2cc1-5e1e-4caf-a72f-61c5a0caf206","actor_username":"saitama1990@gmail.com","actor_via_sso":false,"log_type":"token"}', '2025-05-16 16:03:50.100958+00', ''),
	('00000000-0000-0000-0000-000000000000', '5ee12cdc-a602-4b98-9471-249a04993633', '{"action":"token_refreshed","actor_id":"e36f2cc1-5e1e-4caf-a72f-61c5a0caf206","actor_username":"saitama1990@gmail.com","actor_via_sso":false,"log_type":"token"}', '2025-05-17 10:27:50.930586+00', ''),
	('00000000-0000-0000-0000-000000000000', 'a539624e-a4c4-488a-a78c-333c87dc6089', '{"action":"token_revoked","actor_id":"e36f2cc1-5e1e-4caf-a72f-61c5a0caf206","actor_username":"saitama1990@gmail.com","actor_via_sso":false,"log_type":"token"}', '2025-05-17 10:27:50.953347+00', ''),
	('00000000-0000-0000-0000-000000000000', '2c1b3479-d7cb-4240-be5e-1f8654d7025b', '{"action":"login","actor_id":"e36f2cc1-5e1e-4caf-a72f-61c5a0caf206","actor_username":"saitama1990@gmail.com","actor_via_sso":false,"log_type":"account","traits":{"provider":"email"}}', '2025-05-17 10:50:22.162657+00', ''),
	('00000000-0000-0000-0000-000000000000', 'ae718dd1-f35f-4bcc-8ecb-30466d989a1e', '{"action":"logout","actor_id":"e36f2cc1-5e1e-4caf-a72f-61c5a0caf206","actor_username":"saitama1990@gmail.com","actor_via_sso":false,"log_type":"account"}', '2025-05-17 11:17:47.803814+00', ''),
	('00000000-0000-0000-0000-000000000000', '32ba6413-3a7f-4734-a1c4-cc7eace443cc', '{"action":"login","actor_id":"e36f2cc1-5e1e-4caf-a72f-61c5a0caf206","actor_username":"saitama1990@gmail.com","actor_via_sso":false,"log_type":"account","traits":{"provider":"email"}}', '2025-05-17 11:18:02.568727+00', ''),
	('00000000-0000-0000-0000-000000000000', 'bb108bf6-bf46-40b8-9454-a6d43cc62d3e', '{"action":"logout","actor_id":"e36f2cc1-5e1e-4caf-a72f-61c5a0caf206","actor_username":"saitama1990@gmail.com","actor_via_sso":false,"log_type":"account"}', '2025-05-17 11:22:47.642908+00', ''),
	('00000000-0000-0000-0000-000000000000', '0103113a-3da6-43d4-839a-a1f6b3dd4397', '{"action":"login","actor_id":"e36f2cc1-5e1e-4caf-a72f-61c5a0caf206","actor_username":"saitama1990@gmail.com","actor_via_sso":false,"log_type":"account","traits":{"provider":"email"}}', '2025-05-17 11:46:33.937079+00', ''),
	('00000000-0000-0000-0000-000000000000', '0eb0ef10-f51a-4786-bd29-44b221bcfe3f', '{"action":"logout","actor_id":"e36f2cc1-5e1e-4caf-a72f-61c5a0caf206","actor_username":"saitama1990@gmail.com","actor_via_sso":false,"log_type":"account"}', '2025-05-17 11:46:37.901439+00', ''),
	('00000000-0000-0000-0000-000000000000', 'a37e980b-4ca3-41ce-82e1-1ff3ff5135a7', '{"action":"login","actor_id":"e36f2cc1-5e1e-4caf-a72f-61c5a0caf206","actor_username":"saitama1990@gmail.com","actor_via_sso":false,"log_type":"account","traits":{"provider":"email"}}', '2025-05-17 13:29:52.00289+00', ''),
	('00000000-0000-0000-0000-000000000000', '7157751b-724f-406f-8e97-4da8059347c3', '{"action":"token_refreshed","actor_id":"e36f2cc1-5e1e-4caf-a72f-61c5a0caf206","actor_username":"saitama1990@gmail.com","actor_via_sso":false,"log_type":"token"}', '2025-05-17 14:27:59.841313+00', ''),
	('00000000-0000-0000-0000-000000000000', '227ad918-6ee8-4580-9447-9bc095b4d9b2', '{"action":"token_revoked","actor_id":"e36f2cc1-5e1e-4caf-a72f-61c5a0caf206","actor_username":"saitama1990@gmail.com","actor_via_sso":false,"log_type":"token"}', '2025-05-17 14:27:59.845224+00', ''),
	('00000000-0000-0000-0000-000000000000', '3b39a9dc-c369-4e48-9306-f7ddb511cae1', '{"action":"token_refreshed","actor_id":"e36f2cc1-5e1e-4caf-a72f-61c5a0caf206","actor_username":"saitama1990@gmail.com","actor_via_sso":false,"log_type":"token"}', '2025-05-17 15:25:58.907138+00', ''),
	('00000000-0000-0000-0000-000000000000', '7d5a46bc-fb5a-4728-9ddc-1effdf46f5ca', '{"action":"token_revoked","actor_id":"e36f2cc1-5e1e-4caf-a72f-61c5a0caf206","actor_username":"saitama1990@gmail.com","actor_via_sso":false,"log_type":"token"}', '2025-05-17 15:25:58.910583+00', ''),
	('00000000-0000-0000-0000-000000000000', '6d525520-b154-402a-b714-f164c0f55e82', '{"action":"token_refreshed","actor_id":"e36f2cc1-5e1e-4caf-a72f-61c5a0caf206","actor_username":"saitama1990@gmail.com","actor_via_sso":false,"log_type":"token"}', '2025-05-18 11:16:51.502331+00', ''),
	('00000000-0000-0000-0000-000000000000', 'a4662d26-7828-4494-8392-aab1b51f6341', '{"action":"token_revoked","actor_id":"e36f2cc1-5e1e-4caf-a72f-61c5a0caf206","actor_username":"saitama1990@gmail.com","actor_via_sso":false,"log_type":"token"}', '2025-05-18 11:16:51.514939+00', ''),
	('00000000-0000-0000-0000-000000000000', '54ebf213-3cc1-4a96-bdcd-3ffa3577c727', '{"action":"token_refreshed","actor_id":"e36f2cc1-5e1e-4caf-a72f-61c5a0caf206","actor_username":"saitama1990@gmail.com","actor_via_sso":false,"log_type":"token"}', '2025-05-18 12:57:12.891636+00', ''),
	('00000000-0000-0000-0000-000000000000', '1d77e92b-999c-4f8d-9164-f422f4d2f52e', '{"action":"token_revoked","actor_id":"e36f2cc1-5e1e-4caf-a72f-61c5a0caf206","actor_username":"saitama1990@gmail.com","actor_via_sso":false,"log_type":"token"}', '2025-05-18 12:57:12.897885+00', ''),
	('00000000-0000-0000-0000-000000000000', '0d148512-be8b-453b-8250-8876fc4012af', '{"action":"token_refreshed","actor_id":"e36f2cc1-5e1e-4caf-a72f-61c5a0caf206","actor_username":"saitama1990@gmail.com","actor_via_sso":false,"log_type":"token"}', '2025-05-18 14:00:12.957156+00', ''),
	('00000000-0000-0000-0000-000000000000', '347bbfc1-5697-4cec-9344-5331cab6904f', '{"action":"token_revoked","actor_id":"e36f2cc1-5e1e-4caf-a72f-61c5a0caf206","actor_username":"saitama1990@gmail.com","actor_via_sso":false,"log_type":"token"}', '2025-05-18 14:00:12.959907+00', ''),
	('00000000-0000-0000-0000-000000000000', 'bbad8e74-4417-4b1b-8df0-6b58859e34a6', '{"action":"login","actor_id":"e36f2cc1-5e1e-4caf-a72f-61c5a0caf206","actor_username":"saitama1990@gmail.com","actor_via_sso":false,"log_type":"account","traits":{"provider":"email"}}', '2025-05-18 14:38:51.03627+00', ''),
	('00000000-0000-0000-0000-000000000000', 'b1193b52-f185-4a8b-a486-c538b67a0688', '{"action":"logout","actor_id":"e36f2cc1-5e1e-4caf-a72f-61c5a0caf206","actor_username":"saitama1990@gmail.com","actor_via_sso":false,"log_type":"account"}', '2025-05-18 14:55:19.599961+00', ''),
	('00000000-0000-0000-0000-000000000000', 'eee11489-4793-4061-aeaa-ca7b3619dbad', '{"action":"user_recovery_requested","actor_id":"e36f2cc1-5e1e-4caf-a72f-61c5a0caf206","actor_username":"saitama1990@gmail.com","actor_via_sso":false,"log_type":"user"}', '2025-05-18 14:55:31.689709+00', ''),
	('00000000-0000-0000-0000-000000000000', '7951392f-ba21-4afc-b081-29671ae7990d', '{"action":"login","actor_id":"e36f2cc1-5e1e-4caf-a72f-61c5a0caf206","actor_username":"saitama1990@gmail.com","actor_via_sso":false,"log_type":"account"}', '2025-05-18 14:56:06.092243+00', ''),
	('00000000-0000-0000-0000-000000000000', 'b1944868-72e7-402b-98a9-9f4b8d116b3e', '{"action":"user_updated_password","actor_id":"e36f2cc1-5e1e-4caf-a72f-61c5a0caf206","actor_username":"saitama1990@gmail.com","actor_via_sso":false,"log_type":"user"}', '2025-05-18 14:56:27.114195+00', ''),
	('00000000-0000-0000-0000-000000000000', 'e44717a5-3173-466a-be50-d251e2ea05bb', '{"action":"user_modified","actor_id":"e36f2cc1-5e1e-4caf-a72f-61c5a0caf206","actor_username":"saitama1990@gmail.com","actor_via_sso":false,"log_type":"user"}', '2025-05-18 14:56:27.114806+00', ''),
	('00000000-0000-0000-0000-000000000000', 'f84d730f-cdc2-4668-a864-4215a035f0f2', '{"action":"token_refreshed","actor_id":"e36f2cc1-5e1e-4caf-a72f-61c5a0caf206","actor_username":"saitama1990@gmail.com","actor_via_sso":false,"log_type":"token"}', '2025-05-18 16:08:32.514452+00', ''),
	('00000000-0000-0000-0000-000000000000', '23424918-a748-4361-9203-0ea9f8c1ac1a', '{"action":"token_revoked","actor_id":"e36f2cc1-5e1e-4caf-a72f-61c5a0caf206","actor_username":"saitama1990@gmail.com","actor_via_sso":false,"log_type":"token"}', '2025-05-18 16:08:32.519094+00', ''),
	('00000000-0000-0000-0000-000000000000', '5210c9a5-c422-4bda-973a-bad8da09c171', '{"action":"token_refreshed","actor_id":"e36f2cc1-5e1e-4caf-a72f-61c5a0caf206","actor_username":"saitama1990@gmail.com","actor_via_sso":false,"log_type":"token"}', '2025-05-19 00:21:27.233446+00', ''),
	('00000000-0000-0000-0000-000000000000', '6fcbb2e8-61d7-4d17-ac92-d91b39cf87ee', '{"action":"token_revoked","actor_id":"e36f2cc1-5e1e-4caf-a72f-61c5a0caf206","actor_username":"saitama1990@gmail.com","actor_via_sso":false,"log_type":"token"}', '2025-05-19 00:21:27.237418+00', ''),
	('00000000-0000-0000-0000-000000000000', 'fe8fad14-3447-4544-a208-1d983a90c7c0', '{"action":"logout","actor_id":"e36f2cc1-5e1e-4caf-a72f-61c5a0caf206","actor_username":"saitama1990@gmail.com","actor_via_sso":false,"log_type":"account"}', '2025-05-19 00:50:38.74246+00', ''),
	('00000000-0000-0000-0000-000000000000', '5ea06f74-64d5-43d0-8c5f-d58c5bc4c2a0', '{"action":"login","actor_id":"c07a3238-a5aa-4a7b-bcaf-67e3ad16f13d","actor_username":"toshiotawa@me.com","actor_via_sso":false,"log_type":"account","traits":{"provider":"email"}}', '2025-05-19 00:50:48.571534+00', ''),
	('00000000-0000-0000-0000-000000000000', '84ddc13b-833e-4f86-943c-e35f33d86a1a', '{"action":"logout","actor_id":"c07a3238-a5aa-4a7b-bcaf-67e3ad16f13d","actor_username":"toshiotawa@me.com","actor_via_sso":false,"log_type":"account"}', '2025-05-19 01:01:06.199971+00', ''),
	('00000000-0000-0000-0000-000000000000', 'edf4b6a1-ef3e-48e5-87f6-26ca264fa3c9', '{"action":"user_confirmation_requested","actor_id":"29bd84e2-dcbd-491d-85a6-f308913257a7","actor_username":"usutarsauce@gmail.com","actor_via_sso":false,"log_type":"user","traits":{"provider":"email"}}', '2025-05-19 01:01:23.374051+00', ''),
	('00000000-0000-0000-0000-000000000000', '02a8bb06-419b-41ca-9d3d-b695714d34bc', '{"action":"user_signedup","actor_id":"29bd84e2-dcbd-491d-85a6-f308913257a7","actor_username":"usutarsauce@gmail.com","actor_via_sso":false,"log_type":"team"}', '2025-05-19 01:02:32.631576+00', ''),
	('00000000-0000-0000-0000-000000000000', '67e791a6-79b5-4cb7-bef7-962d2e1a28cd', '{"action":"login","actor_id":"29bd84e2-dcbd-491d-85a6-f308913257a7","actor_username":"usutarsauce@gmail.com","actor_via_sso":false,"log_type":"account","traits":{"provider":"email"}}', '2025-05-19 03:29:35.789722+00', ''),
	('00000000-0000-0000-0000-000000000000', '31861d46-0a14-4a4f-bf79-315814ffd8f6', '{"action":"token_refreshed","actor_id":"29bd84e2-dcbd-491d-85a6-f308913257a7","actor_username":"usutarsauce@gmail.com","actor_via_sso":false,"log_type":"token"}', '2025-05-19 07:25:12.056979+00', ''),
	('00000000-0000-0000-0000-000000000000', 'c8f7e7ac-d3df-4c28-a911-0e5ec5d2561d', '{"action":"token_revoked","actor_id":"29bd84e2-dcbd-491d-85a6-f308913257a7","actor_username":"usutarsauce@gmail.com","actor_via_sso":false,"log_type":"token"}', '2025-05-19 07:25:12.069062+00', ''),
	('00000000-0000-0000-0000-000000000000', '41d47455-acce-4fe2-80f7-590aabf3644f', '{"action":"token_refreshed","actor_id":"29bd84e2-dcbd-491d-85a6-f308913257a7","actor_username":"usutarsauce@gmail.com","actor_via_sso":false,"log_type":"token"}', '2025-05-20 00:26:52.830311+00', ''),
	('00000000-0000-0000-0000-000000000000', 'abaa8659-13e2-4546-8064-fa7b20a546cd', '{"action":"token_revoked","actor_id":"29bd84e2-dcbd-491d-85a6-f308913257a7","actor_username":"usutarsauce@gmail.com","actor_via_sso":false,"log_type":"token"}', '2025-05-20 00:26:52.842146+00', ''),
	('00000000-0000-0000-0000-000000000000', 'e4553c44-5248-405c-bbbc-422d2da04ab4', '{"action":"user_confirmation_requested","actor_id":"b3cc3feb-4b2c-44de-a4d0-c38527f6d927","actor_username":"bebopify@gmail.com","actor_via_sso":false,"log_type":"user","traits":{"provider":"email"}}', '2025-05-20 00:46:51.525849+00', ''),
	('00000000-0000-0000-0000-000000000000', 'd43d5844-f647-45b3-b6d2-34cefbe4bf5a', '{"action":"user_signedup","actor_id":"b3cc3feb-4b2c-44de-a4d0-c38527f6d927","actor_username":"bebopify@gmail.com","actor_via_sso":false,"log_type":"team"}', '2025-05-20 00:47:20.166141+00', ''),
	('00000000-0000-0000-0000-000000000000', 'e506472e-6976-4230-ac90-d9c6d0a202db', '{"action":"logout","actor_id":"b3cc3feb-4b2c-44de-a4d0-c38527f6d927","actor_username":"bebopify@gmail.com","actor_via_sso":false,"log_type":"account"}', '2025-05-20 00:47:53.465094+00', ''),
	('00000000-0000-0000-0000-000000000000', '06663798-50be-4a2e-b07a-85f8764e90ba', '{"action":"user_recovery_requested","actor_id":"e36f2cc1-5e1e-4caf-a72f-61c5a0caf206","actor_username":"saitama1990@gmail.com","actor_via_sso":false,"log_type":"user"}', '2025-05-20 00:48:01.867975+00', ''),
	('00000000-0000-0000-0000-000000000000', 'e0c53466-488f-460e-b079-a2e8167b2bac', '{"action":"login","actor_id":"e36f2cc1-5e1e-4caf-a72f-61c5a0caf206","actor_username":"saitama1990@gmail.com","actor_via_sso":false,"log_type":"account"}', '2025-05-20 00:48:25.97002+00', ''),
	('00000000-0000-0000-0000-000000000000', '5faf7a0b-a68b-4986-ab8f-c1dcd39bf4a3', '{"action":"logout","actor_id":"e36f2cc1-5e1e-4caf-a72f-61c5a0caf206","actor_username":"saitama1990@gmail.com","actor_via_sso":false,"log_type":"account"}', '2025-05-20 01:02:57.237393+00', ''),
	('00000000-0000-0000-0000-000000000000', 'd36614b7-a6e9-4e9c-acf4-0ccf543a5e0f', '{"action":"user_recovery_requested","actor_id":"b3cc3feb-4b2c-44de-a4d0-c38527f6d927","actor_username":"bebopify@gmail.com","actor_via_sso":false,"log_type":"user"}', '2025-05-20 01:03:44.695337+00', ''),
	('00000000-0000-0000-0000-000000000000', '4a837918-2e3c-4825-8b81-7260c84ec790', '{"action":"login","actor_id":"b3cc3feb-4b2c-44de-a4d0-c38527f6d927","actor_username":"bebopify@gmail.com","actor_via_sso":false,"log_type":"account"}', '2025-05-20 01:04:57.566124+00', ''),
	('00000000-0000-0000-0000-000000000000', 'b4493aff-f35e-4924-8ed5-f1620077531b', '{"action":"token_refreshed","actor_id":"b3cc3feb-4b2c-44de-a4d0-c38527f6d927","actor_username":"bebopify@gmail.com","actor_via_sso":false,"log_type":"token"}', '2025-05-20 02:20:07.349886+00', ''),
	('00000000-0000-0000-0000-000000000000', '62532c81-c4e9-423f-90d0-3e9770183077', '{"action":"token_revoked","actor_id":"b3cc3feb-4b2c-44de-a4d0-c38527f6d927","actor_username":"bebopify@gmail.com","actor_via_sso":false,"log_type":"token"}', '2025-05-20 02:20:07.352482+00', ''),
	('00000000-0000-0000-0000-000000000000', '707c39f2-4f3f-4151-bc69-0add22d4ef51', '{"action":"logout","actor_id":"b3cc3feb-4b2c-44de-a4d0-c38527f6d927","actor_username":"bebopify@gmail.com","actor_via_sso":false,"log_type":"account"}', '2025-05-20 02:20:16.262461+00', ''),
	('00000000-0000-0000-0000-000000000000', '71f42da6-2cd2-49ab-87b9-de3167fa6d5d', '{"action":"token_refreshed","actor_id":"29bd84e2-dcbd-491d-85a6-f308913257a7","actor_username":"usutarsauce@gmail.com","actor_via_sso":false,"log_type":"token"}', '2025-05-20 02:48:50.177568+00', ''),
	('00000000-0000-0000-0000-000000000000', 'e3baa288-aa77-4ab0-900c-93442eba60c3', '{"action":"token_revoked","actor_id":"29bd84e2-dcbd-491d-85a6-f308913257a7","actor_username":"usutarsauce@gmail.com","actor_via_sso":false,"log_type":"token"}', '2025-05-20 02:48:50.186306+00', ''),
	('00000000-0000-0000-0000-000000000000', '40234fc3-a57e-4bd8-919b-e0ce47763494', '{"action":"login","actor_id":"e36f2cc1-5e1e-4caf-a72f-61c5a0caf206","actor_name":"y","actor_username":"saitama1990@gmail.com","actor_via_sso":false,"log_type":"account","traits":{"provider":"google"}}', '2025-05-20 03:13:36.244094+00', ''),
	('00000000-0000-0000-0000-000000000000', '31b73c64-0a21-4106-8a5f-791e265c4f11', '{"action":"login","actor_id":"e36f2cc1-5e1e-4caf-a72f-61c5a0caf206","actor_name":"y","actor_username":"saitama1990@gmail.com","actor_via_sso":false,"log_type":"account","traits":{"provider":"google"}}', '2025-05-20 03:14:16.432468+00', ''),
	('00000000-0000-0000-0000-000000000000', '41603b4c-2e78-404d-bc48-4006d49d4bd4', '{"action":"login","actor_id":"e36f2cc1-5e1e-4caf-a72f-61c5a0caf206","actor_name":"y","actor_username":"saitama1990@gmail.com","actor_via_sso":false,"log_type":"account","traits":{"provider":"google"}}', '2025-05-20 03:15:41.609787+00', ''),
	('00000000-0000-0000-0000-000000000000', '4232b999-dca8-486c-a536-351c524d319a', '{"action":"token_refreshed","actor_id":"e36f2cc1-5e1e-4caf-a72f-61c5a0caf206","actor_name":"y","actor_username":"saitama1990@gmail.com","actor_via_sso":false,"log_type":"token"}', '2025-05-20 04:14:02.852667+00', ''),
	('00000000-0000-0000-0000-000000000000', '65708374-9589-406f-b012-400846664db3', '{"action":"token_revoked","actor_id":"e36f2cc1-5e1e-4caf-a72f-61c5a0caf206","actor_name":"y","actor_username":"saitama1990@gmail.com","actor_via_sso":false,"log_type":"token"}', '2025-05-20 04:14:02.856637+00', ''),
	('00000000-0000-0000-0000-000000000000', 'bf010ae2-27dd-46a7-ade0-544cff82c932', '{"action":"login","actor_id":"b3cc3feb-4b2c-44de-a4d0-c38527f6d927","actor_name":"Bebopify","actor_username":"bebopify@gmail.com","actor_via_sso":false,"log_type":"account","traits":{"provider":"google"}}', '2025-05-20 04:26:48.232538+00', ''),
	('00000000-0000-0000-0000-000000000000', '07db1214-74cc-4365-a0a9-4f10b7d7f25b', '{"action":"login","actor_id":"b3cc3feb-4b2c-44de-a4d0-c38527f6d927","actor_name":"Bebopify","actor_username":"bebopify@gmail.com","actor_via_sso":false,"log_type":"account","traits":{"provider":"google"}}', '2025-05-20 04:29:20.570218+00', ''),
	('00000000-0000-0000-0000-000000000000', 'e307ffb2-c5cd-4595-8a41-79903add460a', '{"action":"user_recovery_requested","actor_id":"e36f2cc1-5e1e-4caf-a72f-61c5a0caf206","actor_name":"y","actor_username":"saitama1990@gmail.com","actor_via_sso":false,"log_type":"user"}', '2025-05-20 04:59:56.014219+00', ''),
	('00000000-0000-0000-0000-000000000000', '53d8602c-2cfd-4019-9795-b303e2baf335', '{"action":"login","actor_id":"e36f2cc1-5e1e-4caf-a72f-61c5a0caf206","actor_name":"y","actor_username":"saitama1990@gmail.com","actor_via_sso":false,"log_type":"account"}', '2025-05-20 05:00:39.220071+00', ''),
	('00000000-0000-0000-0000-000000000000', '73e346b7-92b6-4697-9879-8788404d71ed', '{"action":"user_recovery_requested","actor_id":"b3cc3feb-4b2c-44de-a4d0-c38527f6d927","actor_name":"Bebopify","actor_username":"bebopify@gmail.com","actor_via_sso":false,"log_type":"user"}', '2025-05-20 05:08:39.034774+00', ''),
	('00000000-0000-0000-0000-000000000000', 'b7e56b78-4557-427e-81c1-5631ad31b14f', '{"action":"login","actor_id":"b3cc3feb-4b2c-44de-a4d0-c38527f6d927","actor_name":"Bebopify","actor_username":"bebopify@gmail.com","actor_via_sso":false,"log_type":"account"}', '2025-05-20 05:08:53.44636+00', ''),
	('00000000-0000-0000-0000-000000000000', 'e2591859-508f-41e8-8666-21ce38b4fc31', '{"action":"user_recovery_requested","actor_id":"29bd84e2-dcbd-491d-85a6-f308913257a7","actor_username":"usutarsauce@gmail.com","actor_via_sso":false,"log_type":"user"}', '2025-05-20 05:12:40.374682+00', ''),
	('00000000-0000-0000-0000-000000000000', 'd1dec427-ca65-4d27-9066-6803919c028f', '{"action":"login","actor_id":"29bd84e2-dcbd-491d-85a6-f308913257a7","actor_username":"usutarsauce@gmail.com","actor_via_sso":false,"log_type":"account"}', '2025-05-20 05:13:04.417183+00', ''),
	('00000000-0000-0000-0000-000000000000', '62bf7415-366e-4bc7-bfe7-4f9b51719c56', '{"action":"logout","actor_id":"e36f2cc1-5e1e-4caf-a72f-61c5a0caf206","actor_name":"y","actor_username":"saitama1990@gmail.com","actor_via_sso":false,"log_type":"account"}', '2025-05-20 05:41:15.704208+00', ''),
	('00000000-0000-0000-0000-000000000000', '846401e9-a859-4df4-920a-e2e8d4e31c97', '{"action":"user_confirmation_requested","actor_id":"791789aa-55dd-4d63-9c33-4e1a57d0eb6b","actor_username":"toshiotawa@icloud.com","actor_via_sso":false,"log_type":"user","traits":{"provider":"email"}}', '2025-05-20 05:50:31.465192+00', ''),
	('00000000-0000-0000-0000-000000000000', '3ae71ccc-5911-4be6-8f24-7a763a6fa67c', '{"action":"user_confirmation_requested","actor_id":"538394d4-cce8-4ef4-8d3f-0dde42c6f88b","actor_username":"saitama1990+20@gmail.com","actor_via_sso":false,"log_type":"user","traits":{"provider":"email"}}', '2025-05-20 05:51:42.799632+00', ''),
	('00000000-0000-0000-0000-000000000000', '03424459-e8a3-4bb3-886a-01ef20055541', '{"action":"user_signedup","actor_id":"538394d4-cce8-4ef4-8d3f-0dde42c6f88b","actor_username":"saitama1990+20@gmail.com","actor_via_sso":false,"log_type":"team"}', '2025-05-20 05:51:52.008397+00', ''),
	('00000000-0000-0000-0000-000000000000', '7d528327-6830-4843-ab71-f5fe9a6e573c', '{"action":"logout","actor_id":"538394d4-cce8-4ef4-8d3f-0dde42c6f88b","actor_username":"saitama1990+20@gmail.com","actor_via_sso":false,"log_type":"account"}', '2025-05-20 06:11:07.789877+00', ''),
	('00000000-0000-0000-0000-000000000000', '36be4254-034e-483b-8822-f1cc2b753290', '{"action":"user_recovery_requested","actor_id":"e36f2cc1-5e1e-4caf-a72f-61c5a0caf206","actor_name":"y","actor_username":"saitama1990@gmail.com","actor_via_sso":false,"log_type":"user"}', '2025-05-20 06:11:21.931479+00', ''),
	('00000000-0000-0000-0000-000000000000', '26c3cf6c-7639-490a-96ce-b2800263201c', '{"action":"user_recovery_requested","actor_id":"e36f2cc1-5e1e-4caf-a72f-61c5a0caf206","actor_name":"y","actor_username":"saitama1990@gmail.com","actor_via_sso":false,"log_type":"user"}', '2025-05-20 06:11:22.663224+00', ''),
	('00000000-0000-0000-0000-000000000000', 'a935436b-428a-4751-96af-ddc10fee1471', '{"action":"login","actor_id":"e36f2cc1-5e1e-4caf-a72f-61c5a0caf206","actor_name":"y","actor_username":"saitama1990@gmail.com","actor_via_sso":false,"log_type":"account"}', '2025-05-20 06:12:23.322488+00', ''),
	('00000000-0000-0000-0000-000000000000', '66c19a3d-e7c5-4bc7-8e77-50cd788d1005', '{"action":"token_refreshed","actor_id":"e36f2cc1-5e1e-4caf-a72f-61c5a0caf206","actor_name":"y","actor_username":"saitama1990@gmail.com","actor_via_sso":false,"log_type":"token"}', '2025-05-20 07:11:37.623797+00', ''),
	('00000000-0000-0000-0000-000000000000', '2fee93ff-97ab-49ec-a0b0-a757b12db815', '{"action":"token_revoked","actor_id":"e36f2cc1-5e1e-4caf-a72f-61c5a0caf206","actor_name":"y","actor_username":"saitama1990@gmail.com","actor_via_sso":false,"log_type":"token"}', '2025-05-20 07:11:37.637582+00', ''),
	('00000000-0000-0000-0000-000000000000', '52a9f709-29e6-49f7-9eea-154fb24bba60', '{"action":"token_refreshed","actor_id":"e36f2cc1-5e1e-4caf-a72f-61c5a0caf206","actor_name":"y","actor_username":"saitama1990@gmail.com","actor_via_sso":false,"log_type":"token"}', '2025-05-21 02:00:43.752235+00', ''),
	('00000000-0000-0000-0000-000000000000', 'd67e1081-e6dd-4d01-9f53-8357641fad3a', '{"action":"token_revoked","actor_id":"e36f2cc1-5e1e-4caf-a72f-61c5a0caf206","actor_name":"y","actor_username":"saitama1990@gmail.com","actor_via_sso":false,"log_type":"token"}', '2025-05-21 02:00:43.772422+00', ''),
	('00000000-0000-0000-0000-000000000000', '6c3f9c1d-38da-42cf-9cf0-86c5a30e63a3', '{"action":"token_refreshed","actor_id":"b3cc3feb-4b2c-44de-a4d0-c38527f6d927","actor_name":"Bebopify","actor_username":"bebopify@gmail.com","actor_via_sso":false,"log_type":"token"}', '2025-05-21 02:29:40.83285+00', ''),
	('00000000-0000-0000-0000-000000000000', 'a4f50e4a-4f2f-43ea-8bbf-ec249f8d819e', '{"action":"token_revoked","actor_id":"b3cc3feb-4b2c-44de-a4d0-c38527f6d927","actor_name":"Bebopify","actor_username":"bebopify@gmail.com","actor_via_sso":false,"log_type":"token"}', '2025-05-21 02:29:40.834671+00', ''),
	('00000000-0000-0000-0000-000000000000', '44ae5311-d0e9-457b-bd61-2e021e4b0ad3', '{"action":"token_refreshed","actor_id":"e36f2cc1-5e1e-4caf-a72f-61c5a0caf206","actor_name":"y","actor_username":"saitama1990@gmail.com","actor_via_sso":false,"log_type":"token"}', '2025-05-21 06:22:48.950715+00', ''),
	('00000000-0000-0000-0000-000000000000', '3801d84c-f479-4a5c-92eb-40219e9d1103', '{"action":"token_revoked","actor_id":"e36f2cc1-5e1e-4caf-a72f-61c5a0caf206","actor_name":"y","actor_username":"saitama1990@gmail.com","actor_via_sso":false,"log_type":"token"}', '2025-05-21 06:22:48.961084+00', ''),
	('00000000-0000-0000-0000-000000000000', 'd858fd01-4217-462f-a8ea-8aae9718bb79', '{"action":"token_refreshed","actor_id":"e36f2cc1-5e1e-4caf-a72f-61c5a0caf206","actor_name":"y","actor_username":"saitama1990@gmail.com","actor_via_sso":false,"log_type":"token"}', '2025-05-21 08:00:10.218496+00', ''),
	('00000000-0000-0000-0000-000000000000', 'fcffa2da-72c6-4e92-a31d-d27ef6f6a9fa', '{"action":"token_revoked","actor_id":"e36f2cc1-5e1e-4caf-a72f-61c5a0caf206","actor_name":"y","actor_username":"saitama1990@gmail.com","actor_via_sso":false,"log_type":"token"}', '2025-05-21 08:00:10.219606+00', ''),
	('00000000-0000-0000-0000-000000000000', 'ef73d5b0-decf-4516-9ea9-a12488376b87', '{"action":"token_refreshed","actor_id":"e36f2cc1-5e1e-4caf-a72f-61c5a0caf206","actor_name":"y","actor_username":"saitama1990@gmail.com","actor_via_sso":false,"log_type":"token"}', '2025-05-22 01:40:35.900656+00', ''),
	('00000000-0000-0000-0000-000000000000', 'f98a7298-72ec-4ee0-b704-afba4d11d2f3', '{"action":"token_revoked","actor_id":"e36f2cc1-5e1e-4caf-a72f-61c5a0caf206","actor_name":"y","actor_username":"saitama1990@gmail.com","actor_via_sso":false,"log_type":"token"}', '2025-05-22 01:40:35.915828+00', ''),
	('00000000-0000-0000-0000-000000000000', 'db2f4594-b883-44b6-a41b-8a14f4477bef', '{"action":"user_recovery_requested","actor_id":"e36f2cc1-5e1e-4caf-a72f-61c5a0caf206","actor_name":"y","actor_username":"saitama1990@gmail.com","actor_via_sso":false,"log_type":"user"}', '2025-05-22 02:24:51.861966+00', ''),
	('00000000-0000-0000-0000-000000000000', '0f544f56-4fc0-4af6-a1e5-dae40f27e9ed', '{"action":"login","actor_id":"e36f2cc1-5e1e-4caf-a72f-61c5a0caf206","actor_name":"y","actor_username":"saitama1990@gmail.com","actor_via_sso":false,"log_type":"account"}', '2025-05-22 02:25:05.979674+00', ''),
	('00000000-0000-0000-0000-000000000000', 'febb7829-c39f-4573-b72b-dac08c4ce45d', '{"action":"logout","actor_id":"e36f2cc1-5e1e-4caf-a72f-61c5a0caf206","actor_name":"y","actor_username":"saitama1990@gmail.com","actor_via_sso":false,"log_type":"account"}', '2025-05-22 02:58:55.099115+00', ''),
	('00000000-0000-0000-0000-000000000000', 'f6cfbd59-34ac-4263-bb5c-c18cb81ba820', '{"action":"user_recovery_requested","actor_id":"e36f2cc1-5e1e-4caf-a72f-61c5a0caf206","actor_name":"y","actor_username":"saitama1990@gmail.com","actor_via_sso":false,"log_type":"user"}', '2025-05-22 02:59:00.974453+00', ''),
	('00000000-0000-0000-0000-000000000000', 'a56e5cfd-3368-4b2c-a918-a53bc2696318', '{"action":"login","actor_id":"e36f2cc1-5e1e-4caf-a72f-61c5a0caf206","actor_name":"y","actor_username":"saitama1990@gmail.com","actor_via_sso":false,"log_type":"account"}', '2025-05-22 02:59:19.686399+00', ''),
	('00000000-0000-0000-0000-000000000000', 'd05f5841-0aec-4f1b-b0b5-287bc46a9267', '{"action":"logout","actor_id":"e36f2cc1-5e1e-4caf-a72f-61c5a0caf206","actor_name":"y","actor_username":"saitama1990@gmail.com","actor_via_sso":false,"log_type":"account"}', '2025-05-22 03:16:48.884251+00', ''),
	('00000000-0000-0000-0000-000000000000', '82a06a6d-960a-484f-baa2-9d3e6e0801c1', '{"action":"user_recovery_requested","actor_id":"e36f2cc1-5e1e-4caf-a72f-61c5a0caf206","actor_name":"y","actor_username":"saitama1990@gmail.com","actor_via_sso":false,"log_type":"user"}', '2025-05-22 03:17:05.172918+00', ''),
	('00000000-0000-0000-0000-000000000000', '84644cf3-adc7-45d9-ad79-927aee330410', '{"action":"user_recovery_requested","actor_id":"e36f2cc1-5e1e-4caf-a72f-61c5a0caf206","actor_name":"y","actor_username":"saitama1990@gmail.com","actor_via_sso":false,"log_type":"user"}', '2025-05-22 03:18:13.506151+00', ''),
	('00000000-0000-0000-0000-000000000000', '0300f4fe-3c30-46cb-a6ff-6346b29dc365', '{"action":"login","actor_id":"e36f2cc1-5e1e-4caf-a72f-61c5a0caf206","actor_name":"y","actor_username":"saitama1990@gmail.com","actor_via_sso":false,"log_type":"account"}', '2025-05-22 03:18:47.078207+00', ''),
	('00000000-0000-0000-0000-000000000000', '94662dd0-2a0e-482b-9850-afe982ce090f', '{"action":"logout","actor_id":"e36f2cc1-5e1e-4caf-a72f-61c5a0caf206","actor_name":"y","actor_username":"saitama1990@gmail.com","actor_via_sso":false,"log_type":"account"}', '2025-05-22 03:25:28.216913+00', ''),
	('00000000-0000-0000-0000-000000000000', '9eefd598-d3ce-445d-a20f-fe12d62ec91f', '{"action":"user_recovery_requested","actor_id":"e36f2cc1-5e1e-4caf-a72f-61c5a0caf206","actor_name":"y","actor_username":"saitama1990@gmail.com","actor_via_sso":false,"log_type":"user"}', '2025-05-22 03:25:29.416929+00', ''),
	('00000000-0000-0000-0000-000000000000', '178eded2-8a08-4424-b086-6a302ba3847a', '{"action":"login","actor_id":"e36f2cc1-5e1e-4caf-a72f-61c5a0caf206","actor_name":"y","actor_username":"saitama1990@gmail.com","actor_via_sso":false,"log_type":"account"}', '2025-05-22 03:25:42.903719+00', ''),
	('00000000-0000-0000-0000-000000000000', '0a9bef00-62dd-4395-9243-50c5ce7e7113', '{"action":"logout","actor_id":"e36f2cc1-5e1e-4caf-a72f-61c5a0caf206","actor_name":"y","actor_username":"saitama1990@gmail.com","actor_via_sso":false,"log_type":"account"}', '2025-05-22 03:36:04.085188+00', ''),
	('00000000-0000-0000-0000-000000000000', '9011d2b2-ef55-4e2d-a599-b2ab0849cb34', '{"action":"user_recovery_requested","actor_id":"e36f2cc1-5e1e-4caf-a72f-61c5a0caf206","actor_name":"y","actor_username":"saitama1990@gmail.com","actor_via_sso":false,"log_type":"user"}', '2025-05-22 03:36:06.79985+00', ''),
	('00000000-0000-0000-0000-000000000000', '0a2f73e7-ec03-4fab-808c-f5dee7847281', '{"action":"login","actor_id":"e36f2cc1-5e1e-4caf-a72f-61c5a0caf206","actor_name":"y","actor_username":"saitama1990@gmail.com","actor_via_sso":false,"log_type":"account"}', '2025-05-22 03:36:55.237149+00', ''),
	('00000000-0000-0000-0000-000000000000', '74920bf6-2ec5-4f72-815e-0a2c9d444a05', '{"action":"logout","actor_id":"e36f2cc1-5e1e-4caf-a72f-61c5a0caf206","actor_name":"y","actor_username":"saitama1990@gmail.com","actor_via_sso":false,"log_type":"account"}', '2025-05-22 03:37:34.173705+00', ''),
	('00000000-0000-0000-0000-000000000000', '77816c56-7768-4ce7-999c-288ceaed2754', '{"action":"user_recovery_requested","actor_id":"e36f2cc1-5e1e-4caf-a72f-61c5a0caf206","actor_name":"y","actor_username":"saitama1990@gmail.com","actor_via_sso":false,"log_type":"user"}', '2025-05-22 03:37:44.808009+00', ''),
	('00000000-0000-0000-0000-000000000000', '2c05f931-f253-4687-a07a-9d3e3a6ccc55', '{"action":"login","actor_id":"e36f2cc1-5e1e-4caf-a72f-61c5a0caf206","actor_name":"y","actor_username":"saitama1990@gmail.com","actor_via_sso":false,"log_type":"account"}', '2025-05-22 03:38:06.522384+00', ''),
	('00000000-0000-0000-0000-000000000000', '63d027cd-f637-4cc0-b6d4-3d75d818863e', '{"action":"user_recovery_requested","actor_id":"e36f2cc1-5e1e-4caf-a72f-61c5a0caf206","actor_name":"y","actor_username":"saitama1990@gmail.com","actor_via_sso":false,"log_type":"user"}', '2025-05-22 03:41:25.280154+00', ''),
	('00000000-0000-0000-0000-000000000000', '82b30563-8425-4abe-b45a-a1e2cba2e536', '{"action":"login","actor_id":"e36f2cc1-5e1e-4caf-a72f-61c5a0caf206","actor_name":"y","actor_username":"saitama1990@gmail.com","actor_via_sso":false,"log_type":"account"}', '2025-05-22 03:41:33.352739+00', ''),
	('00000000-0000-0000-0000-000000000000', '703740c8-9803-45e1-894d-a9c284c0d302', '{"action":"user_recovery_requested","actor_id":"e36f2cc1-5e1e-4caf-a72f-61c5a0caf206","actor_name":"y","actor_username":"saitama1990@gmail.com","actor_via_sso":false,"log_type":"user"}', '2025-05-22 03:47:32.380509+00', ''),
	('00000000-0000-0000-0000-000000000000', 'b21a1780-a31d-4222-a400-a4b48cec9eec', '{"action":"login","actor_id":"e36f2cc1-5e1e-4caf-a72f-61c5a0caf206","actor_name":"y","actor_username":"saitama1990@gmail.com","actor_via_sso":false,"log_type":"account"}', '2025-05-22 03:47:45.650611+00', ''),
	('00000000-0000-0000-0000-000000000000', '27946623-34e9-4e4d-8ee9-5a7c62fbaf77', '{"action":"logout","actor_id":"e36f2cc1-5e1e-4caf-a72f-61c5a0caf206","actor_name":"y","actor_username":"saitama1990@gmail.com","actor_via_sso":false,"log_type":"account"}', '2025-05-22 04:00:26.86157+00', ''),
	('00000000-0000-0000-0000-000000000000', '576fad58-7698-4500-bfb5-58e20d43fa94', '{"action":"user_recovery_requested","actor_id":"e36f2cc1-5e1e-4caf-a72f-61c5a0caf206","actor_name":"y","actor_username":"saitama1990@gmail.com","actor_via_sso":false,"log_type":"user"}', '2025-05-22 04:00:29.165839+00', ''),
	('00000000-0000-0000-0000-000000000000', '50dcb1c3-7f89-4112-9391-54ea288d8b34', '{"action":"login","actor_id":"e36f2cc1-5e1e-4caf-a72f-61c5a0caf206","actor_name":"y","actor_username":"saitama1990@gmail.com","actor_via_sso":false,"log_type":"account"}', '2025-05-22 04:00:39.005291+00', ''),
	('00000000-0000-0000-0000-000000000000', '810e6d61-9aba-4090-b60e-010536dcc9d7', '{"action":"logout","actor_id":"e36f2cc1-5e1e-4caf-a72f-61c5a0caf206","actor_name":"y","actor_username":"saitama1990@gmail.com","actor_via_sso":false,"log_type":"account"}', '2025-05-22 04:09:04.848603+00', ''),
	('00000000-0000-0000-0000-000000000000', '3a3f2ad9-b27f-4ab9-a9b4-fadcbe6cc314', '{"action":"user_recovery_requested","actor_id":"e36f2cc1-5e1e-4caf-a72f-61c5a0caf206","actor_name":"y","actor_username":"saitama1990@gmail.com","actor_via_sso":false,"log_type":"user"}', '2025-05-22 04:09:07.151064+00', ''),
	('00000000-0000-0000-0000-000000000000', '8af10067-661e-4efa-8953-439c6deeacdc', '{"action":"login","actor_id":"e36f2cc1-5e1e-4caf-a72f-61c5a0caf206","actor_name":"y","actor_username":"saitama1990@gmail.com","actor_via_sso":false,"log_type":"account"}', '2025-05-22 04:09:31.720475+00', ''),
	('00000000-0000-0000-0000-000000000000', '7075140d-0d1d-4bb1-acdf-88c33b24dd47', '{"action":"user_recovery_requested","actor_id":"e36f2cc1-5e1e-4caf-a72f-61c5a0caf206","actor_name":"y","actor_username":"saitama1990@gmail.com","actor_via_sso":false,"log_type":"user"}', '2025-05-22 04:12:11.674335+00', ''),
	('00000000-0000-0000-0000-000000000000', 'f0978ac4-13a0-4db1-bd4a-e54b542146c7', '{"action":"login","actor_id":"e36f2cc1-5e1e-4caf-a72f-61c5a0caf206","actor_name":"y","actor_username":"saitama1990@gmail.com","actor_via_sso":false,"log_type":"account"}', '2025-05-22 04:12:25.309842+00', ''),
	('00000000-0000-0000-0000-000000000000', '38129c46-5417-4f87-8985-11c2d770827f', '{"action":"user_recovery_requested","actor_id":"e36f2cc1-5e1e-4caf-a72f-61c5a0caf206","actor_name":"y","actor_username":"saitama1990@gmail.com","actor_via_sso":false,"log_type":"user"}', '2025-05-22 04:29:35.649947+00', ''),
	('00000000-0000-0000-0000-000000000000', 'ddbe9058-0b89-4fe6-9e4a-e84a306fe498', '{"action":"login","actor_id":"e36f2cc1-5e1e-4caf-a72f-61c5a0caf206","actor_name":"y","actor_username":"saitama1990@gmail.com","actor_via_sso":false,"log_type":"account"}', '2025-05-22 04:29:43.094717+00', ''),
	('00000000-0000-0000-0000-000000000000', '410217a9-7484-40fb-bb63-1f477bc650b5', '{"action":"logout","actor_id":"e36f2cc1-5e1e-4caf-a72f-61c5a0caf206","actor_name":"y","actor_username":"saitama1990@gmail.com","actor_via_sso":false,"log_type":"account"}', '2025-05-22 04:30:22.452917+00', ''),
	('00000000-0000-0000-0000-000000000000', '57762807-15eb-4c2a-bdab-8acbce9434fb', '{"action":"user_recovery_requested","actor_id":"e36f2cc1-5e1e-4caf-a72f-61c5a0caf206","actor_name":"y","actor_username":"saitama1990@gmail.com","actor_via_sso":false,"log_type":"user"}', '2025-05-22 04:30:36.337498+00', ''),
	('00000000-0000-0000-0000-000000000000', '249d7cd4-922d-4474-a545-d1779de8f3db', '{"action":"user_recovery_requested","actor_id":"e36f2cc1-5e1e-4caf-a72f-61c5a0caf206","actor_name":"y","actor_username":"saitama1990@gmail.com","actor_via_sso":false,"log_type":"user"}', '2025-05-22 04:30:37.472689+00', ''),
	('00000000-0000-0000-0000-000000000000', '8e129070-8c27-42b4-9c44-4dd8655b81e0', '{"action":"login","actor_id":"e36f2cc1-5e1e-4caf-a72f-61c5a0caf206","actor_name":"y","actor_username":"saitama1990@gmail.com","actor_via_sso":false,"log_type":"account"}', '2025-05-22 04:31:09.8135+00', ''),
	('00000000-0000-0000-0000-000000000000', '0be8c332-fd1f-424f-9a61-76aa08d71922', '{"action":"logout","actor_id":"e36f2cc1-5e1e-4caf-a72f-61c5a0caf206","actor_name":"y","actor_username":"saitama1990@gmail.com","actor_via_sso":false,"log_type":"account"}', '2025-05-22 05:05:53.797206+00', ''),
	('00000000-0000-0000-0000-000000000000', '476223b0-19a7-4e46-bca8-f81fc8831c8c', '{"action":"user_recovery_requested","actor_id":"e36f2cc1-5e1e-4caf-a72f-61c5a0caf206","actor_name":"y","actor_username":"saitama1990@gmail.com","actor_via_sso":false,"log_type":"user"}', '2025-05-22 05:06:05.89303+00', ''),
	('00000000-0000-0000-0000-000000000000', '92cb2738-91fa-4bbf-8f21-93052264d1fa', '{"action":"login","actor_id":"e36f2cc1-5e1e-4caf-a72f-61c5a0caf206","actor_name":"y","actor_username":"saitama1990@gmail.com","actor_via_sso":false,"log_type":"account"}', '2025-05-22 05:06:26.485637+00', ''),
	('00000000-0000-0000-0000-000000000000', 'e4c10d5e-3f81-47c0-980d-da0221d15123', '{"action":"token_refreshed","actor_id":"e36f2cc1-5e1e-4caf-a72f-61c5a0caf206","actor_name":"y","actor_username":"saitama1990@gmail.com","actor_via_sso":false,"log_type":"token"}', '2025-05-22 06:05:13.272543+00', ''),
	('00000000-0000-0000-0000-000000000000', '24c09dbb-6249-4411-a2cf-7c2db4d4d1c2', '{"action":"token_revoked","actor_id":"e36f2cc1-5e1e-4caf-a72f-61c5a0caf206","actor_name":"y","actor_username":"saitama1990@gmail.com","actor_via_sso":false,"log_type":"token"}', '2025-05-22 06:05:13.27826+00', ''),
	('00000000-0000-0000-0000-000000000000', 'b9bb1241-3b87-4b3a-a30b-90136a493746', '{"action":"token_refreshed","actor_id":"e36f2cc1-5e1e-4caf-a72f-61c5a0caf206","actor_name":"y","actor_username":"saitama1990@gmail.com","actor_via_sso":false,"log_type":"token"}', '2025-05-22 07:03:38.708447+00', ''),
	('00000000-0000-0000-0000-000000000000', '58435afa-b686-4d9e-95cf-c0f3b607cd81', '{"action":"token_revoked","actor_id":"e36f2cc1-5e1e-4caf-a72f-61c5a0caf206","actor_name":"y","actor_username":"saitama1990@gmail.com","actor_via_sso":false,"log_type":"token"}', '2025-05-22 07:03:38.719673+00', ''),
	('00000000-0000-0000-0000-000000000000', '0893d866-9bce-4bea-81be-9561de236298', '{"action":"token_refreshed","actor_id":"e36f2cc1-5e1e-4caf-a72f-61c5a0caf206","actor_name":"y","actor_username":"saitama1990@gmail.com","actor_via_sso":false,"log_type":"token"}', '2025-05-22 11:33:23.79387+00', ''),
	('00000000-0000-0000-0000-000000000000', '47fd737f-a9fd-4305-9f74-a5303ee2769b', '{"action":"token_revoked","actor_id":"e36f2cc1-5e1e-4caf-a72f-61c5a0caf206","actor_name":"y","actor_username":"saitama1990@gmail.com","actor_via_sso":false,"log_type":"token"}', '2025-05-22 11:33:23.809388+00', ''),
	('00000000-0000-0000-0000-000000000000', 'c71c727c-6947-4d9a-a724-ffb73d65c5de', '{"action":"token_refreshed","actor_id":"e36f2cc1-5e1e-4caf-a72f-61c5a0caf206","actor_name":"y","actor_username":"saitama1990@gmail.com","actor_via_sso":false,"log_type":"token"}', '2025-05-22 12:34:16.474469+00', ''),
	('00000000-0000-0000-0000-000000000000', '1f399c83-99f9-44f5-b5ce-a60c2b6a91a0', '{"action":"token_revoked","actor_id":"e36f2cc1-5e1e-4caf-a72f-61c5a0caf206","actor_name":"y","actor_username":"saitama1990@gmail.com","actor_via_sso":false,"log_type":"token"}', '2025-05-22 12:34:16.478073+00', ''),
	('00000000-0000-0000-0000-000000000000', '4a254a7c-05f5-41c5-ba03-67a7b5892f0a', '{"action":"token_refreshed","actor_id":"e36f2cc1-5e1e-4caf-a72f-61c5a0caf206","actor_name":"y","actor_username":"saitama1990@gmail.com","actor_via_sso":false,"log_type":"token"}', '2025-05-22 13:33:42.438192+00', ''),
	('00000000-0000-0000-0000-000000000000', 'bdef00b9-8df8-4139-a5c6-582aa9549f6c', '{"action":"token_revoked","actor_id":"e36f2cc1-5e1e-4caf-a72f-61c5a0caf206","actor_name":"y","actor_username":"saitama1990@gmail.com","actor_via_sso":false,"log_type":"token"}', '2025-05-22 13:33:42.44471+00', ''),
	('00000000-0000-0000-0000-000000000000', '61096218-72a6-433c-86fc-170c1da47491', '{"action":"logout","actor_id":"e36f2cc1-5e1e-4caf-a72f-61c5a0caf206","actor_name":"y","actor_username":"saitama1990@gmail.com","actor_via_sso":false,"log_type":"account"}', '2025-05-22 13:57:52.031039+00', ''),
	('00000000-0000-0000-0000-000000000000', '4ba60777-2941-44d5-950a-cccf64b96396', '{"action":"user_recovery_requested","actor_id":"e36f2cc1-5e1e-4caf-a72f-61c5a0caf206","actor_name":"y","actor_username":"saitama1990@gmail.com","actor_via_sso":false,"log_type":"user"}', '2025-05-22 13:57:56.923657+00', ''),
	('00000000-0000-0000-0000-000000000000', 'b0b4bbd1-fb61-4f83-8ebb-08c382b4f362', '{"action":"login","actor_id":"e36f2cc1-5e1e-4caf-a72f-61c5a0caf206","actor_name":"y","actor_username":"saitama1990@gmail.com","actor_via_sso":false,"log_type":"account"}', '2025-05-22 13:58:09.292922+00', ''),
	('00000000-0000-0000-0000-000000000000', '149c295a-11b1-4362-99fc-12fdddf64e83', '{"action":"logout","actor_id":"e36f2cc1-5e1e-4caf-a72f-61c5a0caf206","actor_name":"y","actor_username":"saitama1990@gmail.com","actor_via_sso":false,"log_type":"account"}', '2025-05-22 14:02:28.209289+00', ''),
	('00000000-0000-0000-0000-000000000000', 'e801c9ae-3490-4c37-922e-32f4376131aa', '{"action":"user_recovery_requested","actor_id":"e36f2cc1-5e1e-4caf-a72f-61c5a0caf206","actor_name":"y","actor_username":"saitama1990@gmail.com","actor_via_sso":false,"log_type":"user"}', '2025-05-22 14:02:30.592759+00', ''),
	('00000000-0000-0000-0000-000000000000', '71f219a1-c3a4-4909-a5d5-4f50d582c6a5', '{"action":"login","actor_id":"e36f2cc1-5e1e-4caf-a72f-61c5a0caf206","actor_name":"y","actor_username":"saitama1990@gmail.com","actor_via_sso":false,"log_type":"account"}', '2025-05-22 14:03:31.364691+00', ''),
	('00000000-0000-0000-0000-000000000000', '8ffa3cd3-3dcb-4f77-9b67-0e92e02304f8', '{"action":"logout","actor_id":"e36f2cc1-5e1e-4caf-a72f-61c5a0caf206","actor_name":"y","actor_username":"saitama1990@gmail.com","actor_via_sso":false,"log_type":"account"}', '2025-05-22 14:05:06.236647+00', ''),
	('00000000-0000-0000-0000-000000000000', '87612768-0e41-4978-8eaf-3fb93b49d160', '{"action":"token_refreshed","actor_id":"29bd84e2-dcbd-491d-85a6-f308913257a7","actor_username":"usutarsauce@gmail.com","actor_via_sso":false,"log_type":"token"}', '2025-05-26 06:43:43.471647+00', ''),
	('00000000-0000-0000-0000-000000000000', '37405207-aee7-43e2-9d3b-cafd54d732c5', '{"action":"token_revoked","actor_id":"29bd84e2-dcbd-491d-85a6-f308913257a7","actor_username":"usutarsauce@gmail.com","actor_via_sso":false,"log_type":"token"}', '2025-05-26 06:43:43.485056+00', ''),
	('00000000-0000-0000-0000-000000000000', 'df923c79-32c1-41ee-9a9f-b794cba7939f', '{"action":"logout","actor_id":"29bd84e2-dcbd-491d-85a6-f308913257a7","actor_username":"usutarsauce@gmail.com","actor_via_sso":false,"log_type":"account"}', '2025-05-26 06:44:11.711557+00', ''),
	('00000000-0000-0000-0000-000000000000', '410a56d1-5f67-4467-ab48-0d68217d43f9', '{"action":"token_refreshed","actor_id":"b3cc3feb-4b2c-44de-a4d0-c38527f6d927","actor_name":"Bebopify","actor_username":"bebopify@gmail.com","actor_via_sso":false,"log_type":"token"}', '2025-05-26 13:49:26.213533+00', ''),
	('00000000-0000-0000-0000-000000000000', '0582afad-5e32-4b97-a158-08ce6bdf8c95', '{"action":"token_revoked","actor_id":"b3cc3feb-4b2c-44de-a4d0-c38527f6d927","actor_name":"Bebopify","actor_username":"bebopify@gmail.com","actor_via_sso":false,"log_type":"token"}', '2025-05-26 13:49:26.220812+00', ''),
	('00000000-0000-0000-0000-000000000000', 'f7f05174-f23c-4f5d-9a09-8531f7795b4f', '{"action":"user_deleted","actor_id":"00000000-0000-0000-0000-000000000000","actor_username":"service_role","actor_via_sso":false,"log_type":"team","traits":{"user_email":"saitama1990@gmail.com","user_id":"e36f2cc1-5e1e-4caf-a72f-61c5a0caf206","user_phone":""}}', '2025-07-08 02:43:03.903554+00', ''),
	('00000000-0000-0000-0000-000000000000', '38e9643c-f69f-4707-9464-0b7ec0491d6b', '{"action":"user_deleted","actor_id":"00000000-0000-0000-0000-000000000000","actor_username":"service_role","actor_via_sso":false,"log_type":"team","traits":{"user_email":"saitama1990+20@gmail.com","user_id":"538394d4-cce8-4ef4-8d3f-0dde42c6f88b","user_phone":""}}', '2025-07-08 02:43:03.910321+00', ''),
	('00000000-0000-0000-0000-000000000000', '81478cda-87a2-485c-88ee-ddc2287d1075', '{"action":"user_deleted","actor_id":"00000000-0000-0000-0000-000000000000","actor_username":"service_role","actor_via_sso":false,"log_type":"team","traits":{"user_email":"usutarsauce@gmail.com","user_id":"29bd84e2-dcbd-491d-85a6-f308913257a7","user_phone":""}}', '2025-07-08 02:43:03.904015+00', ''),
	('00000000-0000-0000-0000-000000000000', '9926f0cd-a150-43d3-957d-238e13f24204', '{"action":"user_deleted","actor_id":"00000000-0000-0000-0000-000000000000","actor_username":"service_role","actor_via_sso":false,"log_type":"team","traits":{"user_email":"bebopify@gmail.com","user_id":"b3cc3feb-4b2c-44de-a4d0-c38527f6d927","user_phone":""}}', '2025-07-08 02:43:03.917219+00', ''),
	('00000000-0000-0000-0000-000000000000', 'ff62dae7-de38-4df6-b93c-be43d85e279d', '{"action":"user_deleted","actor_id":"00000000-0000-0000-0000-000000000000","actor_username":"service_role","actor_via_sso":false,"log_type":"team","traits":{"user_email":"toshiotawa@icloud.com","user_id":"791789aa-55dd-4d63-9c33-4e1a57d0eb6b","user_phone":""}}', '2025-07-08 02:43:03.983959+00', ''),
	('00000000-0000-0000-0000-000000000000', '7927463d-23cb-4700-ac9a-d667f0b0bae2', '{"action":"user_deleted","actor_id":"00000000-0000-0000-0000-000000000000","actor_username":"service_role","actor_via_sso":false,"log_type":"team","traits":{"user_email":"toshiotawa@me.com","user_id":"c07a3238-a5aa-4a7b-bcaf-67e3ad16f13d","user_phone":""}}', '2025-07-08 02:43:04.016476+00', ''),
	('00000000-0000-0000-0000-000000000000', '5a520245-faab-4e45-9547-7fc35cfe752f', '{"action":"user_confirmation_requested","actor_id":"ed9af03b-5152-4508-b46a-0a7831ad5f5b","actor_username":"saitama1990@gmail.com","actor_via_sso":false,"log_type":"user","traits":{"provider":"email"}}', '2025-07-08 07:48:59.974135+00', ''),
	('00000000-0000-0000-0000-000000000000', '07baa7e5-1be1-4e07-a01c-c9c230a2faad', '{"action":"user_signedup","actor_id":"ed9af03b-5152-4508-b46a-0a7831ad5f5b","actor_username":"saitama1990@gmail.com","actor_via_sso":false,"log_type":"team"}', '2025-07-08 07:49:11.46937+00', ''),
	('00000000-0000-0000-0000-000000000000', 'f363ecdf-1313-4e50-ba27-cfa7c60b99cd', '{"action":"user_recovery_requested","actor_id":"ed9af03b-5152-4508-b46a-0a7831ad5f5b","actor_username":"saitama1990@gmail.com","actor_via_sso":false,"log_type":"user"}', '2025-07-08 07:49:51.320325+00', ''),
	('00000000-0000-0000-0000-000000000000', '4a0037a6-b87b-4c12-86f8-0cac5bbe38e6', '{"action":"login","actor_id":"ed9af03b-5152-4508-b46a-0a7831ad5f5b","actor_username":"saitama1990@gmail.com","actor_via_sso":false,"log_type":"account"}', '2025-07-08 07:50:42.840955+00', ''),
	('00000000-0000-0000-0000-000000000000', '7c73cc4a-1007-4156-a9b1-625cdc0e927c', '{"action":"user_recovery_requested","actor_id":"ed9af03b-5152-4508-b46a-0a7831ad5f5b","actor_username":"saitama1990@gmail.com","actor_via_sso":false,"log_type":"user"}', '2025-07-08 18:29:00.966119+00', ''),
	('00000000-0000-0000-0000-000000000000', '3cec2abf-0d35-4086-9900-a50e6ba64f03', '{"action":"login","actor_id":"ed9af03b-5152-4508-b46a-0a7831ad5f5b","actor_username":"saitama1990@gmail.com","actor_via_sso":false,"log_type":"account"}', '2025-07-08 18:29:17.17181+00', ''),
	('00000000-0000-0000-0000-000000000000', 'bcf98e47-5efe-4464-9571-129519a961a4', '{"action":"user_recovery_requested","actor_id":"ed9af03b-5152-4508-b46a-0a7831ad5f5b","actor_username":"saitama1990@gmail.com","actor_via_sso":false,"log_type":"user"}', '2025-07-08 18:32:45.058491+00', ''),
	('00000000-0000-0000-0000-000000000000', 'a77b16de-f87b-4a4b-8165-aa56fb057e47', '{"action":"login","actor_id":"ed9af03b-5152-4508-b46a-0a7831ad5f5b","actor_username":"saitama1990@gmail.com","actor_via_sso":false,"log_type":"account"}', '2025-07-08 18:32:54.593962+00', ''),
	('00000000-0000-0000-0000-000000000000', '658c230d-d685-425f-8e0b-4ac031908951', '{"action":"user_recovery_requested","actor_id":"ed9af03b-5152-4508-b46a-0a7831ad5f5b","actor_username":"saitama1990@gmail.com","actor_via_sso":false,"log_type":"user"}', '2025-07-08 18:33:54.632796+00', ''),
	('00000000-0000-0000-0000-000000000000', '0af7a32a-721a-4075-b31f-9d05a4b58acf', '{"action":"login","actor_id":"ed9af03b-5152-4508-b46a-0a7831ad5f5b","actor_username":"saitama1990@gmail.com","actor_via_sso":false,"log_type":"account"}', '2025-07-08 18:34:02.186816+00', ''),
	('00000000-0000-0000-0000-000000000000', '44b4d28d-6d4b-454f-884f-e9541fdd0101', '{"action":"user_recovery_requested","actor_id":"ed9af03b-5152-4508-b46a-0a7831ad5f5b","actor_username":"saitama1990@gmail.com","actor_via_sso":false,"log_type":"user"}', '2025-07-08 18:41:26.893219+00', ''),
	('00000000-0000-0000-0000-000000000000', '4b0a9695-25db-4794-98fc-90a4ed2c15ac', '{"action":"login","actor_id":"ed9af03b-5152-4508-b46a-0a7831ad5f5b","actor_username":"saitama1990@gmail.com","actor_via_sso":false,"log_type":"account"}', '2025-07-08 18:41:47.990932+00', ''),
	('00000000-0000-0000-0000-000000000000', 'e11f3254-9c12-4e0a-9f28-cf4aa3f6a334', '{"action":"token_refreshed","actor_id":"ed9af03b-5152-4508-b46a-0a7831ad5f5b","actor_username":"saitama1990@gmail.com","actor_via_sso":false,"log_type":"token"}', '2025-07-08 18:45:00.41703+00', ''),
	('00000000-0000-0000-0000-000000000000', 'a114f34e-978d-4077-b1d2-a2c9b2e985b1', '{"action":"token_revoked","actor_id":"ed9af03b-5152-4508-b46a-0a7831ad5f5b","actor_username":"saitama1990@gmail.com","actor_via_sso":false,"log_type":"token"}', '2025-07-08 18:45:00.418146+00', ''),
	('00000000-0000-0000-0000-000000000000', '27f081df-5da1-4763-94b8-48a925c8caba', '{"action":"user_recovery_requested","actor_id":"ed9af03b-5152-4508-b46a-0a7831ad5f5b","actor_username":"saitama1990@gmail.com","actor_via_sso":false,"log_type":"user"}', '2025-07-08 18:45:17.239514+00', ''),
	('00000000-0000-0000-0000-000000000000', '558b93a3-9ac4-49df-b1f5-8063df37ca93', '{"action":"login","actor_id":"ed9af03b-5152-4508-b46a-0a7831ad5f5b","actor_username":"saitama1990@gmail.com","actor_via_sso":false,"log_type":"account"}', '2025-07-08 18:45:27.800444+00', ''),
	('00000000-0000-0000-0000-000000000000', '0bfae26d-3167-42af-bb09-936eca70cd48', '{"action":"user_recovery_requested","actor_id":"ed9af03b-5152-4508-b46a-0a7831ad5f5b","actor_username":"saitama1990@gmail.com","actor_via_sso":false,"log_type":"user"}', '2025-07-08 18:46:44.864623+00', ''),
	('00000000-0000-0000-0000-000000000000', 'ab7f4226-ee19-4291-8a0d-c27dff548d92', '{"action":"login","actor_id":"ed9af03b-5152-4508-b46a-0a7831ad5f5b","actor_username":"saitama1990@gmail.com","actor_via_sso":false,"log_type":"account"}', '2025-07-08 18:46:58.081648+00', ''),
	('00000000-0000-0000-0000-000000000000', '2daf3d60-eee8-4bf5-a1c6-2ca036c657db', '{"action":"user_recovery_requested","actor_id":"ed9af03b-5152-4508-b46a-0a7831ad5f5b","actor_username":"saitama1990@gmail.com","actor_via_sso":false,"log_type":"user"}', '2025-07-08 18:49:51.917394+00', ''),
	('00000000-0000-0000-0000-000000000000', 'fcdf4fed-f326-41b3-9f04-d52a352b0ece', '{"action":"login","actor_id":"ed9af03b-5152-4508-b46a-0a7831ad5f5b","actor_username":"saitama1990@gmail.com","actor_via_sso":false,"log_type":"account"}', '2025-07-08 18:50:04.458727+00', ''),
	('00000000-0000-0000-0000-000000000000', '2b157035-54d7-4dc2-96c0-a0e619b81e3a', '{"action":"user_recovery_requested","actor_id":"ed9af03b-5152-4508-b46a-0a7831ad5f5b","actor_username":"saitama1990@gmail.com","actor_via_sso":false,"log_type":"user"}', '2025-07-08 18:55:24.647752+00', ''),
	('00000000-0000-0000-0000-000000000000', '1b1d4b09-36be-4674-a6b6-328ff14c33a2', '{"action":"user_recovery_requested","actor_id":"ed9af03b-5152-4508-b46a-0a7831ad5f5b","actor_username":"saitama1990@gmail.com","actor_via_sso":false,"log_type":"user"}', '2025-07-08 18:56:32.142964+00', ''),
	('00000000-0000-0000-0000-000000000000', 'de1bca67-1e35-40e9-8bd6-6d432acaa63c', '{"action":"login","actor_id":"ed9af03b-5152-4508-b46a-0a7831ad5f5b","actor_username":"saitama1990@gmail.com","actor_via_sso":false,"log_type":"account"}', '2025-07-08 18:56:42.021175+00', ''),
	('00000000-0000-0000-0000-000000000000', '0e2084ae-8800-45e2-aa98-b88aba04f6ba', '{"action":"user_recovery_requested","actor_id":"ed9af03b-5152-4508-b46a-0a7831ad5f5b","actor_username":"saitama1990@gmail.com","actor_via_sso":false,"log_type":"user"}', '2025-07-08 18:57:52.203639+00', ''),
	('00000000-0000-0000-0000-000000000000', 'deae96e4-8843-4aca-989c-f5543dda63be', '{"action":"login","actor_id":"ed9af03b-5152-4508-b46a-0a7831ad5f5b","actor_username":"saitama1990@gmail.com","actor_via_sso":false,"log_type":"account"}', '2025-07-08 18:58:01.84468+00', ''),
	('00000000-0000-0000-0000-000000000000', 'b684fd7c-0212-4877-8e44-eac8e743e1b9', '{"action":"user_recovery_requested","actor_id":"ed9af03b-5152-4508-b46a-0a7831ad5f5b","actor_username":"saitama1990@gmail.com","actor_via_sso":false,"log_type":"user"}', '2025-07-08 19:08:37.813432+00', ''),
	('00000000-0000-0000-0000-000000000000', '5d194cec-2c9d-46de-ae94-5bb88a5d882b', '{"action":"login","actor_id":"ed9af03b-5152-4508-b46a-0a7831ad5f5b","actor_username":"saitama1990@gmail.com","actor_via_sso":false,"log_type":"account"}', '2025-07-08 19:08:47.264315+00', ''),
	('00000000-0000-0000-0000-000000000000', '78aee073-625a-4b6e-81e5-f53bf841b7c4', '{"action":"user_recovery_requested","actor_id":"ed9af03b-5152-4508-b46a-0a7831ad5f5b","actor_username":"saitama1990@gmail.com","actor_via_sso":false,"log_type":"user"}', '2025-07-08 19:10:06.915163+00', ''),
	('00000000-0000-0000-0000-000000000000', '0d5002cf-7c32-4e90-b25b-24db252379bf', '{"action":"login","actor_id":"ed9af03b-5152-4508-b46a-0a7831ad5f5b","actor_username":"saitama1990@gmail.com","actor_via_sso":false,"log_type":"account"}', '2025-07-08 19:10:17.199968+00', ''),
	('00000000-0000-0000-0000-000000000000', '47612640-ee3b-4a13-b00f-7a1f5b252308', '{"action":"user_confirmation_requested","actor_id":"1d9c822d-b8e4-4d0a-977d-fabf601faf91","actor_username":"bebopify@gmail.com","actor_via_sso":false,"log_type":"user","traits":{"provider":"email"}}', '2025-07-08 19:10:27.423093+00', ''),
	('00000000-0000-0000-0000-000000000000', '51f7e29e-f979-41cd-81d3-2f1e32951cbf', '{"action":"user_signedup","actor_id":"1d9c822d-b8e4-4d0a-977d-fabf601faf91","actor_username":"bebopify@gmail.com","actor_via_sso":false,"log_type":"team"}', '2025-07-08 19:10:41.136309+00', ''),
	('00000000-0000-0000-0000-000000000000', '3299c1ef-d354-4f4a-b3b0-900fb9b49a70', '{"action":"user_recovery_requested","actor_id":"1d9c822d-b8e4-4d0a-977d-fabf601faf91","actor_username":"bebopify@gmail.com","actor_via_sso":false,"log_type":"user"}', '2025-07-08 19:12:00.039921+00', ''),
	('00000000-0000-0000-0000-000000000000', 'f6039ff9-f95e-4a2b-be68-630f9bde01d6', '{"action":"login","actor_id":"1d9c822d-b8e4-4d0a-977d-fabf601faf91","actor_username":"bebopify@gmail.com","actor_via_sso":false,"log_type":"account"}', '2025-07-08 19:12:27.208785+00', ''),
	('00000000-0000-0000-0000-000000000000', 'c90fa526-fe7c-4ece-8c60-b61875c975b0', '{"action":"user_recovery_requested","actor_id":"ed9af03b-5152-4508-b46a-0a7831ad5f5b","actor_username":"saitama1990@gmail.com","actor_via_sso":false,"log_type":"user"}', '2025-07-08 19:14:19.879889+00', ''),
	('00000000-0000-0000-0000-000000000000', 'e348b4d8-0462-4800-86bb-862f3bc37126', '{"action":"login","actor_id":"ed9af03b-5152-4508-b46a-0a7831ad5f5b","actor_username":"saitama1990@gmail.com","actor_via_sso":false,"log_type":"account"}', '2025-07-08 19:14:26.623613+00', ''),
	('00000000-0000-0000-0000-000000000000', '25655441-1505-450d-801e-c8b532602758', '{"action":"user_recovery_requested","actor_id":"ed9af03b-5152-4508-b46a-0a7831ad5f5b","actor_username":"saitama1990@gmail.com","actor_via_sso":false,"log_type":"user"}', '2025-07-08 19:32:55.674348+00', ''),
	('00000000-0000-0000-0000-000000000000', '80fb1103-f604-47e3-ad1b-a8ba45e26f58', '{"action":"login","actor_id":"ed9af03b-5152-4508-b46a-0a7831ad5f5b","actor_username":"saitama1990@gmail.com","actor_via_sso":false,"log_type":"account"}', '2025-07-08 19:33:07.586492+00', ''),
	('00000000-0000-0000-0000-000000000000', 'df706ecd-d7e7-4214-9437-8ee6a0e407ae', '{"action":"user_recovery_requested","actor_id":"1d9c822d-b8e4-4d0a-977d-fabf601faf91","actor_username":"bebopify@gmail.com","actor_via_sso":false,"log_type":"user"}', '2025-07-08 19:35:34.266808+00', ''),
	('00000000-0000-0000-0000-000000000000', '56d6a4bd-358d-423f-8ba1-c59f7c753137', '{"action":"login","actor_id":"1d9c822d-b8e4-4d0a-977d-fabf601faf91","actor_username":"bebopify@gmail.com","actor_via_sso":false,"log_type":"account"}', '2025-07-08 19:35:43.342213+00', ''),
	('00000000-0000-0000-0000-000000000000', 'be764734-d0a4-43a7-be5f-e6541b8ca93c', '{"action":"user_recovery_requested","actor_id":"ed9af03b-5152-4508-b46a-0a7831ad5f5b","actor_username":"saitama1990@gmail.com","actor_via_sso":false,"log_type":"user"}', '2025-07-08 19:39:06.754281+00', ''),
	('00000000-0000-0000-0000-000000000000', '9d2a98e0-b8d3-42a4-aba5-dff4db37bea6', '{"action":"login","actor_id":"ed9af03b-5152-4508-b46a-0a7831ad5f5b","actor_username":"saitama1990@gmail.com","actor_via_sso":false,"log_type":"account"}', '2025-07-08 19:39:23.506626+00', ''),
	('00000000-0000-0000-0000-000000000000', '7ae2a0aa-a1d1-49d6-9780-05397a559454', '{"action":"user_recovery_requested","actor_id":"ed9af03b-5152-4508-b46a-0a7831ad5f5b","actor_username":"saitama1990@gmail.com","actor_via_sso":false,"log_type":"user"}', '2025-07-08 19:40:20.343748+00', ''),
	('00000000-0000-0000-0000-000000000000', '4814869b-921c-4af5-95c3-89193a0d022f', '{"action":"login","actor_id":"ed9af03b-5152-4508-b46a-0a7831ad5f5b","actor_username":"saitama1990@gmail.com","actor_via_sso":false,"log_type":"account"}', '2025-07-08 19:40:29.419795+00', ''),
	('00000000-0000-0000-0000-000000000000', '42da4a8a-821a-4830-9c5b-2ba363ed4691', '{"action":"user_recovery_requested","actor_id":"1d9c822d-b8e4-4d0a-977d-fabf601faf91","actor_username":"bebopify@gmail.com","actor_via_sso":false,"log_type":"user"}', '2025-07-08 19:42:31.945933+00', ''),
	('00000000-0000-0000-0000-000000000000', '289af91c-59e4-4e96-a3ee-42b62d1b9543', '{"action":"login","actor_id":"1d9c822d-b8e4-4d0a-977d-fabf601faf91","actor_username":"bebopify@gmail.com","actor_via_sso":false,"log_type":"account"}', '2025-07-08 19:42:57.959834+00', ''),
	('00000000-0000-0000-0000-000000000000', '2bc5946f-6596-477c-a04e-8662f8a7bf7c', '{"action":"user_recovery_requested","actor_id":"1d9c822d-b8e4-4d0a-977d-fabf601faf91","actor_username":"bebopify@gmail.com","actor_via_sso":false,"log_type":"user"}', '2025-07-08 19:43:55.57407+00', ''),
	('00000000-0000-0000-0000-000000000000', 'e1476444-bf58-4bb6-b917-d99750d75108', '{"action":"login","actor_id":"1d9c822d-b8e4-4d0a-977d-fabf601faf91","actor_username":"bebopify@gmail.com","actor_via_sso":false,"log_type":"account"}', '2025-07-08 19:44:05.157542+00', ''),
	('00000000-0000-0000-0000-000000000000', '0aa36e24-73ca-40e2-b5e9-547a71e6a574', '{"action":"user_recovery_requested","actor_id":"1d9c822d-b8e4-4d0a-977d-fabf601faf91","actor_username":"bebopify@gmail.com","actor_via_sso":false,"log_type":"user"}', '2025-07-08 19:45:07.690457+00', ''),
	('00000000-0000-0000-0000-000000000000', 'c9de811c-0500-4fc5-8da4-ad2d7a83dbcf', '{"action":"login","actor_id":"1d9c822d-b8e4-4d0a-977d-fabf601faf91","actor_username":"bebopify@gmail.com","actor_via_sso":false,"log_type":"account"}', '2025-07-08 19:45:17.823677+00', ''),
	('00000000-0000-0000-0000-000000000000', '8bf4913d-e8d0-47f1-9d54-778bf2fbd229', '{"action":"user_recovery_requested","actor_id":"1d9c822d-b8e4-4d0a-977d-fabf601faf91","actor_username":"bebopify@gmail.com","actor_via_sso":false,"log_type":"user"}', '2025-07-08 19:47:56.88854+00', ''),
	('00000000-0000-0000-0000-000000000000', '1092713d-e6ac-4c8b-97c7-da20ce0110d1', '{"action":"login","actor_id":"1d9c822d-b8e4-4d0a-977d-fabf601faf91","actor_username":"bebopify@gmail.com","actor_via_sso":false,"log_type":"account"}', '2025-07-08 19:49:02.749015+00', ''),
	('00000000-0000-0000-0000-000000000000', 'e1edf5c9-dd5b-43d5-aea0-edb0e83f969b', '{"action":"user_recovery_requested","actor_id":"1d9c822d-b8e4-4d0a-977d-fabf601faf91","actor_username":"bebopify@gmail.com","actor_via_sso":false,"log_type":"user"}', '2025-07-08 19:59:25.944689+00', ''),
	('00000000-0000-0000-0000-000000000000', '9a65adf5-cca2-449a-bb1f-b2beba266d44', '{"action":"login","actor_id":"1d9c822d-b8e4-4d0a-977d-fabf601faf91","actor_username":"bebopify@gmail.com","actor_via_sso":false,"log_type":"account"}', '2025-07-08 19:59:35.267558+00', ''),
	('00000000-0000-0000-0000-000000000000', 'de28dc09-b045-4439-b363-9ae97724564c', '{"action":"user_recovery_requested","actor_id":"ed9af03b-5152-4508-b46a-0a7831ad5f5b","actor_username":"saitama1990@gmail.com","actor_via_sso":false,"log_type":"user"}', '2025-07-08 20:02:04.739997+00', ''),
	('00000000-0000-0000-0000-000000000000', '6f495470-163d-428a-bb6e-771e1c7e9671', '{"action":"login","actor_id":"ed9af03b-5152-4508-b46a-0a7831ad5f5b","actor_username":"saitama1990@gmail.com","actor_via_sso":false,"log_type":"account"}', '2025-07-08 20:02:15.281781+00', ''),
	('00000000-0000-0000-0000-000000000000', '7d151702-afe0-4ad0-a6c5-03e08b0a43ae', '{"action":"user_recovery_requested","actor_id":"1d9c822d-b8e4-4d0a-977d-fabf601faf91","actor_username":"bebopify@gmail.com","actor_via_sso":false,"log_type":"user"}', '2025-07-08 20:15:03.12562+00', ''),
	('00000000-0000-0000-0000-000000000000', '132dabc6-d498-4d56-ba58-1f90926dbcab', '{"action":"login","actor_id":"1d9c822d-b8e4-4d0a-977d-fabf601faf91","actor_username":"bebopify@gmail.com","actor_via_sso":false,"log_type":"account"}', '2025-07-08 20:15:16.329379+00', ''),
	('00000000-0000-0000-0000-000000000000', '651a50a6-1851-43ea-ba76-ba0fa798e302', '{"action":"user_recovery_requested","actor_id":"1d9c822d-b8e4-4d0a-977d-fabf601faf91","actor_username":"bebopify@gmail.com","actor_via_sso":false,"log_type":"user"}', '2025-07-08 20:21:14.674372+00', ''),
	('00000000-0000-0000-0000-000000000000', '0eb30e6b-eb58-42e6-8da8-d926ddd5a5de', '{"action":"login","actor_id":"1d9c822d-b8e4-4d0a-977d-fabf601faf91","actor_username":"bebopify@gmail.com","actor_via_sso":false,"log_type":"account"}', '2025-07-08 20:21:27.659565+00', ''),
	('00000000-0000-0000-0000-000000000000', '4055fa9f-2dd7-46c3-a7b4-636438577a37', '{"action":"user_recovery_requested","actor_id":"1d9c822d-b8e4-4d0a-977d-fabf601faf91","actor_username":"bebopify@gmail.com","actor_via_sso":false,"log_type":"user"}', '2025-07-08 20:22:50.142175+00', ''),
	('00000000-0000-0000-0000-000000000000', 'dbbc57c8-84f8-4eeb-aff2-f4e22326eacc', '{"action":"login","actor_id":"1d9c822d-b8e4-4d0a-977d-fabf601faf91","actor_username":"bebopify@gmail.com","actor_via_sso":false,"log_type":"account"}', '2025-07-08 20:23:04.175931+00', ''),
	('00000000-0000-0000-0000-000000000000', '40a26037-83b3-4bde-801d-3a3948e56ed1', '{"action":"user_recovery_requested","actor_id":"ed9af03b-5152-4508-b46a-0a7831ad5f5b","actor_username":"saitama1990@gmail.com","actor_via_sso":false,"log_type":"user"}', '2025-07-08 20:24:53.829256+00', ''),
	('00000000-0000-0000-0000-000000000000', '9dc13b3d-ccea-433f-914d-976a888b9cd1', '{"action":"user_recovery_requested","actor_id":"1d9c822d-b8e4-4d0a-977d-fabf601faf91","actor_username":"bebopify@gmail.com","actor_via_sso":false,"log_type":"user"}', '2025-07-08 20:29:16.461429+00', ''),
	('00000000-0000-0000-0000-000000000000', '5b559bff-b563-4e16-82b0-e9f014a1da3b', '{"action":"login","actor_id":"1d9c822d-b8e4-4d0a-977d-fabf601faf91","actor_username":"bebopify@gmail.com","actor_via_sso":false,"log_type":"account"}', '2025-07-08 20:29:26.449061+00', ''),
	('00000000-0000-0000-0000-000000000000', '0561f19e-c993-47be-81a1-6e57a0c4def5', '{"action":"user_recovery_requested","actor_id":"1d9c822d-b8e4-4d0a-977d-fabf601faf91","actor_username":"bebopify@gmail.com","actor_via_sso":false,"log_type":"user"}', '2025-07-08 20:30:36.281914+00', ''),
	('00000000-0000-0000-0000-000000000000', '6f1417b6-dfe6-4221-a872-07830e8b643a', '{"action":"login","actor_id":"1d9c822d-b8e4-4d0a-977d-fabf601faf91","actor_username":"bebopify@gmail.com","actor_via_sso":false,"log_type":"account"}', '2025-07-08 20:30:54.862013+00', ''),
	('00000000-0000-0000-0000-000000000000', '9979ae4d-b692-419f-9a1c-d9bb3f404abc', '{"action":"user_recovery_requested","actor_id":"1d9c822d-b8e4-4d0a-977d-fabf601faf91","actor_username":"bebopify@gmail.com","actor_via_sso":false,"log_type":"user"}', '2025-07-08 20:41:43.259709+00', ''),
	('00000000-0000-0000-0000-000000000000', 'af306168-daba-47ae-8a50-1496d6eb0a33', '{"action":"login","actor_id":"1d9c822d-b8e4-4d0a-977d-fabf601faf91","actor_username":"bebopify@gmail.com","actor_via_sso":false,"log_type":"account"}', '2025-07-08 20:41:58.96831+00', ''),
	('00000000-0000-0000-0000-000000000000', '8e5e6d25-40a3-4297-b019-5d8bb6b62444', '{"action":"token_refreshed","actor_id":"ed9af03b-5152-4508-b46a-0a7831ad5f5b","actor_username":"saitama1990@gmail.com","actor_via_sso":false,"log_type":"token"}', '2025-07-08 20:55:04.083826+00', ''),
	('00000000-0000-0000-0000-000000000000', '3348d87f-3027-4059-97c2-2bc97f0fed4a', '{"action":"token_revoked","actor_id":"ed9af03b-5152-4508-b46a-0a7831ad5f5b","actor_username":"saitama1990@gmail.com","actor_via_sso":false,"log_type":"token"}', '2025-07-08 20:55:04.084828+00', ''),
	('00000000-0000-0000-0000-000000000000', '7b8721f2-a0e9-4356-bda2-46162176fcec', '{"action":"token_refreshed","actor_id":"ed9af03b-5152-4508-b46a-0a7831ad5f5b","actor_username":"saitama1990@gmail.com","actor_via_sso":false,"log_type":"token"}', '2025-07-08 22:28:35.037384+00', ''),
	('00000000-0000-0000-0000-000000000000', '22398bd0-2cf7-4a5d-9bbb-a7ec5477d199', '{"action":"token_revoked","actor_id":"ed9af03b-5152-4508-b46a-0a7831ad5f5b","actor_username":"saitama1990@gmail.com","actor_via_sso":false,"log_type":"token"}', '2025-07-08 22:28:35.038256+00', ''),
	('00000000-0000-0000-0000-000000000000', '805235d2-fe0f-4630-a688-6426db78b221', '{"action":"token_refreshed","actor_id":"1d9c822d-b8e4-4d0a-977d-fabf601faf91","actor_username":"bebopify@gmail.com","actor_via_sso":false,"log_type":"token"}', '2025-07-08 23:16:59.273717+00', ''),
	('00000000-0000-0000-0000-000000000000', '110fe36c-4f98-4be6-849f-02eefb9a80b3', '{"action":"token_revoked","actor_id":"1d9c822d-b8e4-4d0a-977d-fabf601faf91","actor_username":"bebopify@gmail.com","actor_via_sso":false,"log_type":"token"}', '2025-07-08 23:16:59.274555+00', ''),
	('00000000-0000-0000-0000-000000000000', '75e9b950-71ee-4c9d-abd1-98bebbee32ca', '{"action":"token_refreshed","actor_id":"ed9af03b-5152-4508-b46a-0a7831ad5f5b","actor_username":"saitama1990@gmail.com","actor_via_sso":false,"log_type":"token"}', '2025-07-09 00:12:56.77851+00', ''),
	('00000000-0000-0000-0000-000000000000', 'a4acac7a-628c-4e04-a931-ddc9c6f21721', '{"action":"token_revoked","actor_id":"ed9af03b-5152-4508-b46a-0a7831ad5f5b","actor_username":"saitama1990@gmail.com","actor_via_sso":false,"log_type":"token"}', '2025-07-09 00:12:56.780138+00', ''),
	('00000000-0000-0000-0000-000000000000', 'd5ff3f6c-646c-425e-8137-8c839fa6e073', '{"action":"token_refreshed","actor_id":"ed9af03b-5152-4508-b46a-0a7831ad5f5b","actor_username":"saitama1990@gmail.com","actor_via_sso":false,"log_type":"token"}', '2025-07-10 15:44:30.248213+00', ''),
	('00000000-0000-0000-0000-000000000000', 'fd885697-f8c1-40cf-ab7b-99a304eaf929', '{"action":"token_revoked","actor_id":"ed9af03b-5152-4508-b46a-0a7831ad5f5b","actor_username":"saitama1990@gmail.com","actor_via_sso":false,"log_type":"token"}', '2025-07-10 15:44:30.249224+00', ''),
	('00000000-0000-0000-0000-000000000000', 'f4d8e76c-dd2b-4381-a54f-e2f70dfdadbd', '{"action":"token_refreshed","actor_id":"ed9af03b-5152-4508-b46a-0a7831ad5f5b","actor_username":"saitama1990@gmail.com","actor_via_sso":false,"log_type":"token"}', '2025-07-10 16:43:32.221106+00', ''),
	('00000000-0000-0000-0000-000000000000', 'ace8e1f5-82a5-4b4c-b622-da00cb242bbb', '{"action":"token_revoked","actor_id":"ed9af03b-5152-4508-b46a-0a7831ad5f5b","actor_username":"saitama1990@gmail.com","actor_via_sso":false,"log_type":"token"}', '2025-07-10 16:43:32.221957+00', ''),
	('00000000-0000-0000-0000-000000000000', 'c43129e8-8e45-4775-ae6c-3e854d8e3aad', '{"action":"token_refreshed","actor_id":"ed9af03b-5152-4508-b46a-0a7831ad5f5b","actor_username":"saitama1990@gmail.com","actor_via_sso":false,"log_type":"token"}', '2025-07-10 17:51:07.742892+00', ''),
	('00000000-0000-0000-0000-000000000000', 'a954ff12-8e38-4d3d-a711-be5e57ed94fb', '{"action":"token_revoked","actor_id":"ed9af03b-5152-4508-b46a-0a7831ad5f5b","actor_username":"saitama1990@gmail.com","actor_via_sso":false,"log_type":"token"}', '2025-07-10 17:51:07.74377+00', ''),
	('00000000-0000-0000-0000-000000000000', '98cb6de6-7abf-48b4-8ec0-bd7a96b50a75', '{"action":"token_refreshed","actor_id":"ed9af03b-5152-4508-b46a-0a7831ad5f5b","actor_username":"saitama1990@gmail.com","actor_via_sso":false,"log_type":"token"}', '2025-07-10 22:55:06.437382+00', ''),
	('00000000-0000-0000-0000-000000000000', 'ceb25ba1-80bf-4f6a-b52c-025ba8131124', '{"action":"token_revoked","actor_id":"ed9af03b-5152-4508-b46a-0a7831ad5f5b","actor_username":"saitama1990@gmail.com","actor_via_sso":false,"log_type":"token"}', '2025-07-10 22:55:06.438371+00', ''),
	('00000000-0000-0000-0000-000000000000', '60fec803-68cb-4185-ac27-1034b20dc26f', '{"action":"token_refreshed","actor_id":"ed9af03b-5152-4508-b46a-0a7831ad5f5b","actor_username":"saitama1990@gmail.com","actor_via_sso":false,"log_type":"token"}', '2025-07-10 23:53:44.965089+00', ''),
	('00000000-0000-0000-0000-000000000000', 'a7519956-5226-4991-ad35-455d8d7528f7', '{"action":"token_revoked","actor_id":"ed9af03b-5152-4508-b46a-0a7831ad5f5b","actor_username":"saitama1990@gmail.com","actor_via_sso":false,"log_type":"token"}', '2025-07-10 23:53:44.966618+00', ''),
	('00000000-0000-0000-0000-000000000000', 'c38aae11-1cef-4999-9e75-b79375a61035', '{"action":"user_recovery_requested","actor_id":"1d9c822d-b8e4-4d0a-977d-fabf601faf91","actor_username":"bebopify@gmail.com","actor_via_sso":false,"log_type":"user"}', '2025-07-11 00:25:33.737122+00', ''),
	('00000000-0000-0000-0000-000000000000', '5ffd345c-762e-4254-bf61-a998a134e814', '{"action":"login","actor_id":"1d9c822d-b8e4-4d0a-977d-fabf601faf91","actor_username":"bebopify@gmail.com","actor_via_sso":false,"log_type":"account"}', '2025-07-11 00:25:48.39974+00', ''),
	('00000000-0000-0000-0000-000000000000', '7a00e5da-748c-4e26-9a34-b3a034adece3', '{"action":"token_refreshed","actor_id":"ed9af03b-5152-4508-b46a-0a7831ad5f5b","actor_username":"saitama1990@gmail.com","actor_via_sso":false,"log_type":"token"}', '2025-07-11 00:52:33.970977+00', ''),
	('00000000-0000-0000-0000-000000000000', 'dff2c9ba-6340-4cf1-8d74-7d46c4305b04', '{"action":"token_revoked","actor_id":"ed9af03b-5152-4508-b46a-0a7831ad5f5b","actor_username":"saitama1990@gmail.com","actor_via_sso":false,"log_type":"token"}', '2025-07-11 00:52:33.971911+00', ''),
	('00000000-0000-0000-0000-000000000000', '8b6c43de-932a-4622-aebd-38f63226e207', '{"action":"token_refreshed","actor_id":"1d9c822d-b8e4-4d0a-977d-fabf601faf91","actor_username":"bebopify@gmail.com","actor_via_sso":false,"log_type":"token"}', '2025-07-11 01:24:34.342908+00', ''),
	('00000000-0000-0000-0000-000000000000', 'd90254c0-2ca0-45e1-8104-2abfba5e8714', '{"action":"token_revoked","actor_id":"1d9c822d-b8e4-4d0a-977d-fabf601faf91","actor_username":"bebopify@gmail.com","actor_via_sso":false,"log_type":"token"}', '2025-07-11 01:24:34.344364+00', ''),
	('00000000-0000-0000-0000-000000000000', '5630c273-866d-40c3-8121-bb3e2a2a0403', '{"action":"logout","actor_id":"ed9af03b-5152-4508-b46a-0a7831ad5f5b","actor_username":"saitama1990@gmail.com","actor_via_sso":false,"log_type":"account"}', '2025-07-11 01:40:52.216696+00', ''),
	('00000000-0000-0000-0000-000000000000', '07eecffd-186c-4555-9b50-4eb45b99772a', '{"action":"user_recovery_requested","actor_id":"ed9af03b-5152-4508-b46a-0a7831ad5f5b","actor_username":"saitama1990@gmail.com","actor_via_sso":false,"log_type":"user"}', '2025-07-11 01:41:08.706591+00', ''),
	('00000000-0000-0000-0000-000000000000', '3a13fe27-f59f-4f94-b41a-b7da7fa6351b', '{"action":"login","actor_id":"ed9af03b-5152-4508-b46a-0a7831ad5f5b","actor_username":"saitama1990@gmail.com","actor_via_sso":false,"log_type":"account"}', '2025-07-11 01:41:21.542027+00', ''),
	('00000000-0000-0000-0000-000000000000', 'fc9a1488-56b2-4af0-9b09-879991ff0c58', '{"action":"token_refreshed","actor_id":"1d9c822d-b8e4-4d0a-977d-fabf601faf91","actor_username":"bebopify@gmail.com","actor_via_sso":false,"log_type":"token"}', '2025-07-11 02:23:05.292506+00', ''),
	('00000000-0000-0000-0000-000000000000', 'd75e6a84-4e10-414e-8a39-af61d30f1f89', '{"action":"token_revoked","actor_id":"1d9c822d-b8e4-4d0a-977d-fabf601faf91","actor_username":"bebopify@gmail.com","actor_via_sso":false,"log_type":"token"}', '2025-07-11 02:23:05.293336+00', ''),
	('00000000-0000-0000-0000-000000000000', '05dd143a-368c-432a-9f70-1aa78cafb12c', '{"action":"token_refreshed","actor_id":"ed9af03b-5152-4508-b46a-0a7831ad5f5b","actor_username":"saitama1990@gmail.com","actor_via_sso":false,"log_type":"token"}', '2025-07-11 02:39:54.934528+00', ''),
	('00000000-0000-0000-0000-000000000000', '981cf95c-09cf-470f-b35a-be3eef2fd7fe', '{"action":"token_revoked","actor_id":"ed9af03b-5152-4508-b46a-0a7831ad5f5b","actor_username":"saitama1990@gmail.com","actor_via_sso":false,"log_type":"token"}', '2025-07-11 02:39:54.935474+00', ''),
	('00000000-0000-0000-0000-000000000000', 'd049e51c-9c65-4408-b4de-cf6012e6965a', '{"action":"token_refreshed","actor_id":"1d9c822d-b8e4-4d0a-977d-fabf601faf91","actor_username":"bebopify@gmail.com","actor_via_sso":false,"log_type":"token"}', '2025-07-11 03:21:34.983648+00', ''),
	('00000000-0000-0000-0000-000000000000', 'ffd2f0c5-ae02-4c4f-95dc-f5521025fa00', '{"action":"token_revoked","actor_id":"1d9c822d-b8e4-4d0a-977d-fabf601faf91","actor_username":"bebopify@gmail.com","actor_via_sso":false,"log_type":"token"}', '2025-07-11 03:21:34.984647+00', ''),
	('00000000-0000-0000-0000-000000000000', '1a8a3ba8-2412-4b69-a332-93418d1d8aec', '{"action":"token_refreshed","actor_id":"ed9af03b-5152-4508-b46a-0a7831ad5f5b","actor_username":"saitama1990@gmail.com","actor_via_sso":false,"log_type":"token"}', '2025-07-11 03:38:31.727391+00', ''),
	('00000000-0000-0000-0000-000000000000', 'e0000f52-685e-4a9a-8256-852fdd9a578a', '{"action":"token_revoked","actor_id":"ed9af03b-5152-4508-b46a-0a7831ad5f5b","actor_username":"saitama1990@gmail.com","actor_via_sso":false,"log_type":"token"}', '2025-07-11 03:38:31.728412+00', ''),
	('00000000-0000-0000-0000-000000000000', 'a8ec63e1-68cf-4268-8941-140ac42a6395', '{"action":"token_refreshed","actor_id":"ed9af03b-5152-4508-b46a-0a7831ad5f5b","actor_username":"saitama1990@gmail.com","actor_via_sso":false,"log_type":"token"}', '2025-07-11 04:37:10.043013+00', ''),
	('00000000-0000-0000-0000-000000000000', '1d5692f9-8243-40dd-8777-acbf8e179be1', '{"action":"token_revoked","actor_id":"ed9af03b-5152-4508-b46a-0a7831ad5f5b","actor_username":"saitama1990@gmail.com","actor_via_sso":false,"log_type":"token"}', '2025-07-11 04:37:10.043876+00', ''),
	('00000000-0000-0000-0000-000000000000', 'ddc0c8fb-c870-46d7-b271-b4a5398bb535', '{"action":"logout","actor_id":"ed9af03b-5152-4508-b46a-0a7831ad5f5b","actor_username":"saitama1990@gmail.com","actor_via_sso":false,"log_type":"account"}', '2025-07-11 04:56:46.957393+00', ''),
	('00000000-0000-0000-0000-000000000000', 'ccf54d60-e58e-4053-973e-f68568e3d082', '{"action":"user_recovery_requested","actor_id":"ed9af03b-5152-4508-b46a-0a7831ad5f5b","actor_username":"saitama1990@gmail.com","actor_via_sso":false,"log_type":"user"}', '2025-07-11 05:21:08.756366+00', ''),
	('00000000-0000-0000-0000-000000000000', 'f71bc0d2-4fe0-46de-b5bd-e30ca820b39f', '{"action":"user_recovery_requested","actor_id":"ed9af03b-5152-4508-b46a-0a7831ad5f5b","actor_username":"saitama1990@gmail.com","actor_via_sso":false,"log_type":"user"}', '2025-07-11 05:25:19.286883+00', ''),
	('00000000-0000-0000-0000-000000000000', '344fd8fe-3eb9-4342-af27-4e07c5e31247', '{"action":"login","actor_id":"ed9af03b-5152-4508-b46a-0a7831ad5f5b","actor_username":"saitama1990@gmail.com","actor_via_sso":false,"log_type":"account"}', '2025-07-11 05:25:28.039347+00', ''),
	('00000000-0000-0000-0000-000000000000', '1d9d6f16-a688-4146-9a5d-65de751795b8', '{"action":"token_refreshed","actor_id":"1d9c822d-b8e4-4d0a-977d-fabf601faf91","actor_username":"bebopify@gmail.com","actor_via_sso":false,"log_type":"token"}', '2025-07-11 05:30:38.382425+00', ''),
	('00000000-0000-0000-0000-000000000000', '190388ff-dd18-4a4e-b891-638689c21f36', '{"action":"token_revoked","actor_id":"1d9c822d-b8e4-4d0a-977d-fabf601faf91","actor_username":"bebopify@gmail.com","actor_via_sso":false,"log_type":"token"}', '2025-07-11 05:30:38.383301+00', ''),
	('00000000-0000-0000-0000-000000000000', 'a73bc31e-8637-4c3b-855e-2c0f37955a62', '{"action":"user_recovery_requested","actor_id":"ed9af03b-5152-4508-b46a-0a7831ad5f5b","actor_username":"saitama1990@gmail.com","actor_via_sso":false,"log_type":"user"}', '2025-07-11 05:35:09.516191+00', ''),
	('00000000-0000-0000-0000-000000000000', '0ddebdb1-47bb-4d09-b53b-8b05c2de7823', '{"action":"login","actor_id":"ed9af03b-5152-4508-b46a-0a7831ad5f5b","actor_username":"saitama1990@gmail.com","actor_via_sso":false,"log_type":"account"}', '2025-07-11 05:35:16.447383+00', ''),
	('00000000-0000-0000-0000-000000000000', '99b46946-2c98-473f-ac45-a11a6433e4d4', '{"action":"token_refreshed","actor_id":"1d9c822d-b8e4-4d0a-977d-fabf601faf91","actor_username":"bebopify@gmail.com","actor_via_sso":false,"log_type":"token"}', '2025-07-11 06:29:33.493326+00', ''),
	('00000000-0000-0000-0000-000000000000', '6d8b7079-442e-45ba-9572-241ff450cf0a', '{"action":"token_revoked","actor_id":"1d9c822d-b8e4-4d0a-977d-fabf601faf91","actor_username":"bebopify@gmail.com","actor_via_sso":false,"log_type":"token"}', '2025-07-11 06:29:33.494222+00', ''),
	('00000000-0000-0000-0000-000000000000', '37ccd21c-f64f-49d4-aaae-9061097f4ae8', '{"action":"token_refreshed","actor_id":"ed9af03b-5152-4508-b46a-0a7831ad5f5b","actor_username":"saitama1990@gmail.com","actor_via_sso":false,"log_type":"token"}', '2025-07-11 06:33:46.879146+00', ''),
	('00000000-0000-0000-0000-000000000000', 'cd2686da-8e0d-4052-a2d9-14745b0ea4c6', '{"action":"token_revoked","actor_id":"ed9af03b-5152-4508-b46a-0a7831ad5f5b","actor_username":"saitama1990@gmail.com","actor_via_sso":false,"log_type":"token"}', '2025-07-11 06:33:46.880087+00', ''),
	('00000000-0000-0000-0000-000000000000', 'da038006-b9a0-4c63-9b35-cc9d1b15afd8', '{"action":"logout","actor_id":"ed9af03b-5152-4508-b46a-0a7831ad5f5b","actor_username":"saitama1990@gmail.com","actor_via_sso":false,"log_type":"account"}', '2025-07-11 06:47:50.310518+00', ''),
	('00000000-0000-0000-0000-000000000000', '53dce03d-ff1c-4776-97f8-d7b90c0fc3d3', '{"action":"user_recovery_requested","actor_id":"ed9af03b-5152-4508-b46a-0a7831ad5f5b","actor_username":"saitama1990@gmail.com","actor_via_sso":false,"log_type":"user"}', '2025-07-11 06:47:58.494325+00', ''),
	('00000000-0000-0000-0000-000000000000', 'a3c41855-3e67-4907-a46a-583e453c3a76', '{"action":"login","actor_id":"ed9af03b-5152-4508-b46a-0a7831ad5f5b","actor_username":"saitama1990@gmail.com","actor_via_sso":false,"log_type":"account"}', '2025-07-11 06:48:18.302981+00', ''),
	('00000000-0000-0000-0000-000000000000', '517ce369-a1ab-4f4c-ae22-27f7737d271e', '{"action":"token_refreshed","actor_id":"ed9af03b-5152-4508-b46a-0a7831ad5f5b","actor_username":"saitama1990@gmail.com","actor_via_sso":false,"log_type":"token"}', '2025-07-11 21:38:33.646235+00', ''),
	('00000000-0000-0000-0000-000000000000', 'fb6138c5-5119-4753-ba67-cd169bce595d', '{"action":"token_revoked","actor_id":"ed9af03b-5152-4508-b46a-0a7831ad5f5b","actor_username":"saitama1990@gmail.com","actor_via_sso":false,"log_type":"token"}', '2025-07-11 21:38:33.647141+00', ''),
	('00000000-0000-0000-0000-000000000000', 'a06a2eaa-fe6c-4265-b12d-28059c3fe09a', '{"action":"token_refreshed","actor_id":"ed9af03b-5152-4508-b46a-0a7831ad5f5b","actor_username":"saitama1990@gmail.com","actor_via_sso":false,"log_type":"token"}', '2025-07-11 22:37:15.694719+00', ''),
	('00000000-0000-0000-0000-000000000000', '6a9614f9-ee23-485e-89dd-0da0b3b924aa', '{"action":"token_revoked","actor_id":"ed9af03b-5152-4508-b46a-0a7831ad5f5b","actor_username":"saitama1990@gmail.com","actor_via_sso":false,"log_type":"token"}', '2025-07-11 22:37:15.6956+00', ''),
	('00000000-0000-0000-0000-000000000000', '3067b2c8-7467-476c-94fe-7b938401824e', '{"action":"token_refreshed","actor_id":"ed9af03b-5152-4508-b46a-0a7831ad5f5b","actor_username":"saitama1990@gmail.com","actor_via_sso":false,"log_type":"token"}', '2025-07-11 23:36:05.62728+00', ''),
	('00000000-0000-0000-0000-000000000000', '9f08c3d5-b035-4fe0-abbe-fd7dd4f8c841', '{"action":"token_revoked","actor_id":"ed9af03b-5152-4508-b46a-0a7831ad5f5b","actor_username":"saitama1990@gmail.com","actor_via_sso":false,"log_type":"token"}', '2025-07-11 23:36:05.628115+00', ''),
	('00000000-0000-0000-0000-000000000000', '21fbfddb-669f-4888-8af8-c83573098a6a', '{"action":"token_refreshed","actor_id":"ed9af03b-5152-4508-b46a-0a7831ad5f5b","actor_username":"saitama1990@gmail.com","actor_via_sso":false,"log_type":"token"}', '2025-07-12 00:34:40.564887+00', ''),
	('00000000-0000-0000-0000-000000000000', '10520f90-9650-45e0-977e-c2762979cdba', '{"action":"token_revoked","actor_id":"ed9af03b-5152-4508-b46a-0a7831ad5f5b","actor_username":"saitama1990@gmail.com","actor_via_sso":false,"log_type":"token"}', '2025-07-12 00:34:40.565789+00', ''),
	('00000000-0000-0000-0000-000000000000', 'e3c3f27a-479d-4deb-b483-d15a0db302ab', '{"action":"token_refreshed","actor_id":"ed9af03b-5152-4508-b46a-0a7831ad5f5b","actor_username":"saitama1990@gmail.com","actor_via_sso":false,"log_type":"token"}', '2025-07-12 01:58:55.160423+00', ''),
	('00000000-0000-0000-0000-000000000000', '3d0f1fd5-314c-4b1d-990f-3d92392024fb', '{"action":"token_revoked","actor_id":"ed9af03b-5152-4508-b46a-0a7831ad5f5b","actor_username":"saitama1990@gmail.com","actor_via_sso":false,"log_type":"token"}', '2025-07-12 01:58:55.161247+00', ''),
	('00000000-0000-0000-0000-000000000000', '70d100d3-4703-4cc1-b78a-5db24d5044db', '{"action":"token_refreshed","actor_id":"ed9af03b-5152-4508-b46a-0a7831ad5f5b","actor_username":"saitama1990@gmail.com","actor_via_sso":false,"log_type":"token"}', '2025-07-12 02:58:35.089859+00', ''),
	('00000000-0000-0000-0000-000000000000', '0d6f634e-8d77-4bc0-bb3b-3fe4c474d134', '{"action":"token_revoked","actor_id":"ed9af03b-5152-4508-b46a-0a7831ad5f5b","actor_username":"saitama1990@gmail.com","actor_via_sso":false,"log_type":"token"}', '2025-07-12 02:58:35.090741+00', ''),
	('00000000-0000-0000-0000-000000000000', '15f7bf23-f821-4bf9-9eb7-c0d5b9480aaf', '{"action":"token_refreshed","actor_id":"ed9af03b-5152-4508-b46a-0a7831ad5f5b","actor_username":"saitama1990@gmail.com","actor_via_sso":false,"log_type":"token"}', '2025-07-12 04:01:20.378377+00', ''),
	('00000000-0000-0000-0000-000000000000', '7f404ef5-fa8a-427b-a700-2d1985b937ce', '{"action":"token_revoked","actor_id":"ed9af03b-5152-4508-b46a-0a7831ad5f5b","actor_username":"saitama1990@gmail.com","actor_via_sso":false,"log_type":"token"}', '2025-07-12 04:01:20.379351+00', ''),
	('00000000-0000-0000-0000-000000000000', '0e9130d1-3d40-495c-b128-8b5bbde4c2b6', '{"action":"token_refreshed","actor_id":"ed9af03b-5152-4508-b46a-0a7831ad5f5b","actor_username":"saitama1990@gmail.com","actor_via_sso":false,"log_type":"token"}', '2025-07-12 04:59:48.582753+00', ''),
	('00000000-0000-0000-0000-000000000000', '8b2f6a50-7b63-451b-964d-540a61ebb90c', '{"action":"token_revoked","actor_id":"ed9af03b-5152-4508-b46a-0a7831ad5f5b","actor_username":"saitama1990@gmail.com","actor_via_sso":false,"log_type":"token"}', '2025-07-12 04:59:48.583662+00', ''),
	('00000000-0000-0000-0000-000000000000', 'a9b63cd5-c0d5-4ab4-9ed5-2d84b1bc7eb5', '{"action":"token_refreshed","actor_id":"ed9af03b-5152-4508-b46a-0a7831ad5f5b","actor_username":"saitama1990@gmail.com","actor_via_sso":false,"log_type":"token"}', '2025-07-12 11:32:32.723362+00', ''),
	('00000000-0000-0000-0000-000000000000', 'e25bbc5c-3fd8-4add-94e0-c62d6123796d', '{"action":"token_revoked","actor_id":"ed9af03b-5152-4508-b46a-0a7831ad5f5b","actor_username":"saitama1990@gmail.com","actor_via_sso":false,"log_type":"token"}', '2025-07-12 11:32:32.724268+00', ''),
	('00000000-0000-0000-0000-000000000000', 'c03d2ed1-3bcc-4d14-894e-7b21a227d5cb', '{"action":"token_refreshed","actor_id":"ed9af03b-5152-4508-b46a-0a7831ad5f5b","actor_username":"saitama1990@gmail.com","actor_via_sso":false,"log_type":"token"}', '2025-07-12 12:31:02.85116+00', ''),
	('00000000-0000-0000-0000-000000000000', '92ea40a2-be04-428b-ba07-1241a0dad06c', '{"action":"token_revoked","actor_id":"ed9af03b-5152-4508-b46a-0a7831ad5f5b","actor_username":"saitama1990@gmail.com","actor_via_sso":false,"log_type":"token"}', '2025-07-12 12:31:02.852158+00', ''),
	('00000000-0000-0000-0000-000000000000', '80b8759c-92fc-4d81-bcf1-06172b7f6162', '{"action":"logout","actor_id":"ed9af03b-5152-4508-b46a-0a7831ad5f5b","actor_username":"saitama1990@gmail.com","actor_via_sso":false,"log_type":"account"}', '2025-07-12 13:15:16.406777+00', ''),
	('00000000-0000-0000-0000-000000000000', 'd824cd42-d157-4212-b8a8-c60a80d4126b', '{"action":"user_recovery_requested","actor_id":"ed9af03b-5152-4508-b46a-0a7831ad5f5b","actor_username":"saitama1990@gmail.com","actor_via_sso":false,"log_type":"user"}', '2025-07-12 13:15:26.969138+00', ''),
	('00000000-0000-0000-0000-000000000000', '9c6c5adc-6432-41ed-adff-5ab5cb1c7c02', '{"action":"login","actor_id":"ed9af03b-5152-4508-b46a-0a7831ad5f5b","actor_username":"saitama1990@gmail.com","actor_via_sso":false,"log_type":"account"}', '2025-07-12 13:15:43.730321+00', ''),
	('00000000-0000-0000-0000-000000000000', 'a89354e6-8104-4f3b-8f63-cc570c6b30b9', '{"action":"user_recovery_requested","actor_id":"ed9af03b-5152-4508-b46a-0a7831ad5f5b","actor_username":"saitama1990@gmail.com","actor_via_sso":false,"log_type":"user"}', '2025-07-12 13:17:07.980959+00', ''),
	('00000000-0000-0000-0000-000000000000', '11e50760-bce9-4748-ba37-027bb7b424c5', '{"action":"login","actor_id":"ed9af03b-5152-4508-b46a-0a7831ad5f5b","actor_username":"saitama1990@gmail.com","actor_via_sso":false,"log_type":"account"}', '2025-07-12 13:17:16.082946+00', ''),
	('00000000-0000-0000-0000-000000000000', 'd718c735-3edb-4ca3-b0be-a2efde941fed', '{"action":"token_refreshed","actor_id":"ed9af03b-5152-4508-b46a-0a7831ad5f5b","actor_username":"saitama1990@gmail.com","actor_via_sso":false,"log_type":"token"}', '2025-07-12 14:15:49.409875+00', ''),
	('00000000-0000-0000-0000-000000000000', 'aeb1bd46-5faf-4f98-b200-b7f2c5f065e5', '{"action":"token_revoked","actor_id":"ed9af03b-5152-4508-b46a-0a7831ad5f5b","actor_username":"saitama1990@gmail.com","actor_via_sso":false,"log_type":"token"}', '2025-07-12 14:15:49.411778+00', ''),
	('00000000-0000-0000-0000-000000000000', '6ef6bd69-95d3-4f2c-9d8a-82ac571173cb', '{"action":"token_refreshed","actor_id":"ed9af03b-5152-4508-b46a-0a7831ad5f5b","actor_username":"saitama1990@gmail.com","actor_via_sso":false,"log_type":"token"}', '2025-07-12 15:14:37.981186+00', ''),
	('00000000-0000-0000-0000-000000000000', 'f4c2c1ad-395f-410c-aa0b-45edaf92dc6e', '{"action":"token_revoked","actor_id":"ed9af03b-5152-4508-b46a-0a7831ad5f5b","actor_username":"saitama1990@gmail.com","actor_via_sso":false,"log_type":"token"}', '2025-07-12 15:14:37.982122+00', ''),
	('00000000-0000-0000-0000-000000000000', '8460b229-6ead-440b-a03e-07a1def80de1', '{"action":"token_refreshed","actor_id":"ed9af03b-5152-4508-b46a-0a7831ad5f5b","actor_username":"saitama1990@gmail.com","actor_via_sso":false,"log_type":"token"}', '2025-07-12 16:13:33.379396+00', ''),
	('00000000-0000-0000-0000-000000000000', '8065413e-6468-4d79-8425-3b42e86d43bb', '{"action":"token_revoked","actor_id":"ed9af03b-5152-4508-b46a-0a7831ad5f5b","actor_username":"saitama1990@gmail.com","actor_via_sso":false,"log_type":"token"}', '2025-07-12 16:13:33.382423+00', ''),
	('00000000-0000-0000-0000-000000000000', '9835282d-b049-43a0-89cc-fe2667450b01', '{"action":"token_refreshed","actor_id":"ed9af03b-5152-4508-b46a-0a7831ad5f5b","actor_username":"saitama1990@gmail.com","actor_via_sso":false,"log_type":"token"}', '2025-07-12 17:12:09.388717+00', ''),
	('00000000-0000-0000-0000-000000000000', '58a0bf54-375e-480c-a58e-47570f00c678', '{"action":"token_revoked","actor_id":"ed9af03b-5152-4508-b46a-0a7831ad5f5b","actor_username":"saitama1990@gmail.com","actor_via_sso":false,"log_type":"token"}', '2025-07-12 17:12:09.390262+00', ''),
	('00000000-0000-0000-0000-000000000000', 'cdc052e5-2751-4851-9c09-3cdd2d771eee', '{"action":"token_refreshed","actor_id":"ed9af03b-5152-4508-b46a-0a7831ad5f5b","actor_username":"saitama1990@gmail.com","actor_via_sso":false,"log_type":"token"}', '2025-07-12 18:10:37.51226+00', ''),
	('00000000-0000-0000-0000-000000000000', 'ab577324-692b-49ad-85bc-d16aa014452b', '{"action":"token_revoked","actor_id":"ed9af03b-5152-4508-b46a-0a7831ad5f5b","actor_username":"saitama1990@gmail.com","actor_via_sso":false,"log_type":"token"}', '2025-07-12 18:10:37.513194+00', ''),
	('00000000-0000-0000-0000-000000000000', '3004aedd-94d5-449d-bf7a-20e0c7cc36d3', '{"action":"token_refreshed","actor_id":"ed9af03b-5152-4508-b46a-0a7831ad5f5b","actor_username":"saitama1990@gmail.com","actor_via_sso":false,"log_type":"token"}', '2025-07-12 21:21:50.717982+00', ''),
	('00000000-0000-0000-0000-000000000000', '5fb322d8-a1b1-42ec-b551-4f03cf4bb719', '{"action":"token_revoked","actor_id":"ed9af03b-5152-4508-b46a-0a7831ad5f5b","actor_username":"saitama1990@gmail.com","actor_via_sso":false,"log_type":"token"}', '2025-07-12 21:21:50.719932+00', ''),
	('00000000-0000-0000-0000-000000000000', '7fca56e6-3fa8-4142-a13b-dfbda5c43377', '{"action":"token_refreshed","actor_id":"ed9af03b-5152-4508-b46a-0a7831ad5f5b","actor_username":"saitama1990@gmail.com","actor_via_sso":false,"log_type":"token"}', '2025-07-12 22:20:24.688165+00', ''),
	('00000000-0000-0000-0000-000000000000', 'afa024d1-3fba-4504-8a50-f32719f62956', '{"action":"token_revoked","actor_id":"ed9af03b-5152-4508-b46a-0a7831ad5f5b","actor_username":"saitama1990@gmail.com","actor_via_sso":false,"log_type":"token"}', '2025-07-12 22:20:24.689762+00', ''),
	('00000000-0000-0000-0000-000000000000', 'ce8b4eee-b808-4e8e-8f20-710f952252c0', '{"action":"token_refreshed","actor_id":"ed9af03b-5152-4508-b46a-0a7831ad5f5b","actor_username":"saitama1990@gmail.com","actor_via_sso":false,"log_type":"token"}', '2025-07-12 23:19:11.171973+00', ''),
	('00000000-0000-0000-0000-000000000000', '13551f3f-62ea-4039-b832-26b07d3db373', '{"action":"token_revoked","actor_id":"ed9af03b-5152-4508-b46a-0a7831ad5f5b","actor_username":"saitama1990@gmail.com","actor_via_sso":false,"log_type":"token"}', '2025-07-12 23:19:11.173579+00', ''),
	('00000000-0000-0000-0000-000000000000', '6d7af9dd-a4ad-4f35-894a-6519f3678f28', '{"action":"token_refreshed","actor_id":"ed9af03b-5152-4508-b46a-0a7831ad5f5b","actor_username":"saitama1990@gmail.com","actor_via_sso":false,"log_type":"token"}', '2025-07-13 00:17:30.766054+00', ''),
	('00000000-0000-0000-0000-000000000000', '61ac4b6b-ebf2-4022-848c-26861beda971', '{"action":"token_revoked","actor_id":"ed9af03b-5152-4508-b46a-0a7831ad5f5b","actor_username":"saitama1990@gmail.com","actor_via_sso":false,"log_type":"token"}', '2025-07-13 00:17:30.767714+00', ''),
	('00000000-0000-0000-0000-000000000000', '23bacac4-5773-4604-b667-07244ea38900', '{"action":"token_refreshed","actor_id":"ed9af03b-5152-4508-b46a-0a7831ad5f5b","actor_username":"saitama1990@gmail.com","actor_via_sso":false,"log_type":"token"}', '2025-07-13 01:16:28.794439+00', ''),
	('00000000-0000-0000-0000-000000000000', '10098822-3275-4cce-ab73-c8d2b0481e92', '{"action":"token_revoked","actor_id":"ed9af03b-5152-4508-b46a-0a7831ad5f5b","actor_username":"saitama1990@gmail.com","actor_via_sso":false,"log_type":"token"}', '2025-07-13 01:16:28.796007+00', ''),
	('00000000-0000-0000-0000-000000000000', 'd55fd318-995a-4dff-b494-5e73121da71f', '{"action":"token_refreshed","actor_id":"ed9af03b-5152-4508-b46a-0a7831ad5f5b","actor_username":"saitama1990@gmail.com","actor_via_sso":false,"log_type":"token"}', '2025-07-13 02:15:14.752248+00', ''),
	('00000000-0000-0000-0000-000000000000', '522f676c-0e0d-4197-8654-9ff5e0d731f7', '{"action":"token_revoked","actor_id":"ed9af03b-5152-4508-b46a-0a7831ad5f5b","actor_username":"saitama1990@gmail.com","actor_via_sso":false,"log_type":"token"}', '2025-07-13 02:15:14.754284+00', ''),
	('00000000-0000-0000-0000-000000000000', '64308fd7-6bde-46c2-9a0b-0834c548318b', '{"action":"token_refreshed","actor_id":"ed9af03b-5152-4508-b46a-0a7831ad5f5b","actor_username":"saitama1990@gmail.com","actor_via_sso":false,"log_type":"token"}', '2025-07-13 03:13:49.249408+00', ''),
	('00000000-0000-0000-0000-000000000000', '4f2f67cc-26a5-43e3-9a35-cb2e8d0e8391', '{"action":"token_revoked","actor_id":"ed9af03b-5152-4508-b46a-0a7831ad5f5b","actor_username":"saitama1990@gmail.com","actor_via_sso":false,"log_type":"token"}', '2025-07-13 03:13:49.251718+00', ''),
	('00000000-0000-0000-0000-000000000000', '8851a9f7-5053-4281-909b-9a2f2c9a9cae', '{"action":"token_refreshed","actor_id":"ed9af03b-5152-4508-b46a-0a7831ad5f5b","actor_username":"saitama1990@gmail.com","actor_via_sso":false,"log_type":"token"}', '2025-07-13 04:47:54.088616+00', ''),
	('00000000-0000-0000-0000-000000000000', '70d6cc61-37af-4b58-be73-6da8c2ffca58', '{"action":"token_revoked","actor_id":"ed9af03b-5152-4508-b46a-0a7831ad5f5b","actor_username":"saitama1990@gmail.com","actor_via_sso":false,"log_type":"token"}', '2025-07-13 04:47:54.089494+00', ''),
	('00000000-0000-0000-0000-000000000000', '28731d6c-03d8-4e6f-b73e-226d5bbc9da1', '{"action":"token_refreshed","actor_id":"ed9af03b-5152-4508-b46a-0a7831ad5f5b","actor_username":"saitama1990@gmail.com","actor_via_sso":false,"log_type":"token"}', '2025-07-13 05:46:04.91188+00', ''),
	('00000000-0000-0000-0000-000000000000', 'd8d086ea-f638-4ced-8031-d789e45f19c5', '{"action":"token_revoked","actor_id":"ed9af03b-5152-4508-b46a-0a7831ad5f5b","actor_username":"saitama1990@gmail.com","actor_via_sso":false,"log_type":"token"}', '2025-07-13 05:46:04.912756+00', ''),
	('00000000-0000-0000-0000-000000000000', '156dbf39-fe03-432a-9df0-6f474b98a238', '{"action":"token_refreshed","actor_id":"ed9af03b-5152-4508-b46a-0a7831ad5f5b","actor_username":"saitama1990@gmail.com","actor_via_sso":false,"log_type":"token"}', '2025-07-13 21:43:58.382434+00', ''),
	('00000000-0000-0000-0000-000000000000', '9f00a03c-2475-4b5d-8ed4-8d87cd56ebe4', '{"action":"token_revoked","actor_id":"ed9af03b-5152-4508-b46a-0a7831ad5f5b","actor_username":"saitama1990@gmail.com","actor_via_sso":false,"log_type":"token"}', '2025-07-13 21:43:58.383329+00', ''),
	('00000000-0000-0000-0000-000000000000', 'd7f6b4f6-d95a-4445-a821-181c6ffe6740', '{"action":"token_refreshed","actor_id":"ed9af03b-5152-4508-b46a-0a7831ad5f5b","actor_username":"saitama1990@gmail.com","actor_via_sso":false,"log_type":"token"}', '2025-07-13 21:43:59.653062+00', ''),
	('00000000-0000-0000-0000-000000000000', 'f3da99fe-372a-4ef5-ba44-669fc8d4847c', '{"action":"token_refreshed","actor_id":"ed9af03b-5152-4508-b46a-0a7831ad5f5b","actor_username":"saitama1990@gmail.com","actor_via_sso":false,"log_type":"token"}', '2025-07-13 22:42:20.916261+00', ''),
	('00000000-0000-0000-0000-000000000000', 'c7c07b5f-3d4d-4c05-8ced-613e7614471a', '{"action":"token_revoked","actor_id":"ed9af03b-5152-4508-b46a-0a7831ad5f5b","actor_username":"saitama1990@gmail.com","actor_via_sso":false,"log_type":"token"}', '2025-07-13 22:42:20.917171+00', ''),
	('00000000-0000-0000-0000-000000000000', '15ef876f-91cf-4fe0-a8f6-a3287b1716cf', '{"action":"token_refreshed","actor_id":"ed9af03b-5152-4508-b46a-0a7831ad5f5b","actor_username":"saitama1990@gmail.com","actor_via_sso":false,"log_type":"token"}', '2025-07-13 23:56:31.588961+00', ''),
	('00000000-0000-0000-0000-000000000000', '6080cab8-c28f-4c28-be2b-4d92fd3a9b8e', '{"action":"token_revoked","actor_id":"ed9af03b-5152-4508-b46a-0a7831ad5f5b","actor_username":"saitama1990@gmail.com","actor_via_sso":false,"log_type":"token"}', '2025-07-13 23:56:31.589847+00', ''),
	('00000000-0000-0000-0000-000000000000', '9c5db44f-fea3-46b0-89f4-4879846064a7', '{"action":"token_refreshed","actor_id":"ed9af03b-5152-4508-b46a-0a7831ad5f5b","actor_username":"saitama1990@gmail.com","actor_via_sso":false,"log_type":"token"}', '2025-07-14 00:55:19.514376+00', ''),
	('00000000-0000-0000-0000-000000000000', '51a186d8-39e5-4a04-9121-1b932e3279ed', '{"action":"token_revoked","actor_id":"ed9af03b-5152-4508-b46a-0a7831ad5f5b","actor_username":"saitama1990@gmail.com","actor_via_sso":false,"log_type":"token"}', '2025-07-14 00:55:19.516887+00', ''),
	('00000000-0000-0000-0000-000000000000', 'cc044424-4769-40ae-b29a-eeb1c4ec26d9', '{"action":"token_refreshed","actor_id":"ed9af03b-5152-4508-b46a-0a7831ad5f5b","actor_username":"saitama1990@gmail.com","actor_via_sso":false,"log_type":"token"}', '2025-07-14 01:53:55.104718+00', ''),
	('00000000-0000-0000-0000-000000000000', '6467ade4-d7cc-42c7-8f2d-af99b1afa824', '{"action":"token_revoked","actor_id":"ed9af03b-5152-4508-b46a-0a7831ad5f5b","actor_username":"saitama1990@gmail.com","actor_via_sso":false,"log_type":"token"}', '2025-07-14 01:53:55.105662+00', ''),
	('00000000-0000-0000-0000-000000000000', '703dcb4f-6807-43b9-8ad8-e81e6fc2c38e', '{"action":"token_refreshed","actor_id":"ed9af03b-5152-4508-b46a-0a7831ad5f5b","actor_username":"saitama1990@gmail.com","actor_via_sso":false,"log_type":"token"}', '2025-07-14 02:52:24.190548+00', ''),
	('00000000-0000-0000-0000-000000000000', 'df90b9a1-d77b-4ef6-8e29-a86752f56571', '{"action":"token_revoked","actor_id":"ed9af03b-5152-4508-b46a-0a7831ad5f5b","actor_username":"saitama1990@gmail.com","actor_via_sso":false,"log_type":"token"}', '2025-07-14 02:52:24.191469+00', ''),
	('00000000-0000-0000-0000-000000000000', '81308d73-57cb-4b31-8030-cbdfdfc169f7', '{"action":"token_refreshed","actor_id":"ed9af03b-5152-4508-b46a-0a7831ad5f5b","actor_username":"saitama1990@gmail.com","actor_via_sso":false,"log_type":"token"}', '2025-07-14 03:50:54.987269+00', ''),
	('00000000-0000-0000-0000-000000000000', '0a6a6f23-04c8-47ec-999d-73d3c7c2b786', '{"action":"token_revoked","actor_id":"ed9af03b-5152-4508-b46a-0a7831ad5f5b","actor_username":"saitama1990@gmail.com","actor_via_sso":false,"log_type":"token"}', '2025-07-14 03:50:54.988241+00', ''),
	('00000000-0000-0000-0000-000000000000', '5acf26b8-bccf-47df-a503-d18b27281def', '{"action":"token_refreshed","actor_id":"ed9af03b-5152-4508-b46a-0a7831ad5f5b","actor_username":"saitama1990@gmail.com","actor_via_sso":false,"log_type":"token"}', '2025-07-14 04:49:29.861126+00', ''),
	('00000000-0000-0000-0000-000000000000', '54fa864b-e5fb-4cc3-8dfd-7ce94f781815', '{"action":"token_revoked","actor_id":"ed9af03b-5152-4508-b46a-0a7831ad5f5b","actor_username":"saitama1990@gmail.com","actor_via_sso":false,"log_type":"token"}', '2025-07-14 04:49:29.862003+00', ''),
	('00000000-0000-0000-0000-000000000000', '0aaed5da-4ad2-425e-8cff-7bfe78b594b3', '{"action":"token_refreshed","actor_id":"ed9af03b-5152-4508-b46a-0a7831ad5f5b","actor_username":"saitama1990@gmail.com","actor_via_sso":false,"log_type":"token"}', '2025-07-14 05:48:05.250833+00', ''),
	('00000000-0000-0000-0000-000000000000', '900a990f-5cc7-4cef-b9f9-2bee55f0465b', '{"action":"token_revoked","actor_id":"ed9af03b-5152-4508-b46a-0a7831ad5f5b","actor_username":"saitama1990@gmail.com","actor_via_sso":false,"log_type":"token"}', '2025-07-14 05:48:05.251711+00', ''),
	('00000000-0000-0000-0000-000000000000', '2a35f9ca-2134-4eff-8453-670c4c6aa44c', '{"action":"token_refreshed","actor_id":"ed9af03b-5152-4508-b46a-0a7831ad5f5b","actor_username":"saitama1990@gmail.com","actor_via_sso":false,"log_type":"token"}', '2025-07-14 06:46:41.740044+00', ''),
	('00000000-0000-0000-0000-000000000000', '65bb878b-e64c-4fb7-8113-f97cd55c3269', '{"action":"token_revoked","actor_id":"ed9af03b-5152-4508-b46a-0a7831ad5f5b","actor_username":"saitama1990@gmail.com","actor_via_sso":false,"log_type":"token"}', '2025-07-14 06:46:41.740896+00', ''),
	('00000000-0000-0000-0000-000000000000', '39241647-984c-4f77-9ded-a5a5d3e1c8d7', '{"action":"token_refreshed","actor_id":"ed9af03b-5152-4508-b46a-0a7831ad5f5b","actor_username":"saitama1990@gmail.com","actor_via_sso":false,"log_type":"token"}', '2025-07-14 07:45:14.764027+00', ''),
	('00000000-0000-0000-0000-000000000000', 'c678b9cd-58c1-413d-9765-1f0d9fa77cd1', '{"action":"token_revoked","actor_id":"ed9af03b-5152-4508-b46a-0a7831ad5f5b","actor_username":"saitama1990@gmail.com","actor_via_sso":false,"log_type":"token"}', '2025-07-14 07:45:14.765098+00', ''),
	('00000000-0000-0000-0000-000000000000', '46ea6d8f-77d1-4e80-a1ec-60e821d29787', '{"action":"token_refreshed","actor_id":"ed9af03b-5152-4508-b46a-0a7831ad5f5b","actor_username":"saitama1990@gmail.com","actor_via_sso":false,"log_type":"token"}', '2025-07-14 13:12:02.382699+00', ''),
	('00000000-0000-0000-0000-000000000000', 'bd1378f8-9387-4381-9ccf-0f523f730dc2', '{"action":"token_revoked","actor_id":"ed9af03b-5152-4508-b46a-0a7831ad5f5b","actor_username":"saitama1990@gmail.com","actor_via_sso":false,"log_type":"token"}', '2025-07-14 13:12:02.383651+00', ''),
	('00000000-0000-0000-0000-000000000000', 'b080fcf5-b3ef-4f90-b621-d5ea32ba9836', '{"action":"token_refreshed","actor_id":"ed9af03b-5152-4508-b46a-0a7831ad5f5b","actor_username":"saitama1990@gmail.com","actor_via_sso":false,"log_type":"token"}', '2025-07-14 13:12:22.812545+00', ''),
	('00000000-0000-0000-0000-000000000000', 'd2684cbc-5d4d-4801-aacc-a6390bdef689', '{"action":"token_refreshed","actor_id":"ed9af03b-5152-4508-b46a-0a7831ad5f5b","actor_username":"saitama1990@gmail.com","actor_via_sso":false,"log_type":"token"}', '2025-07-14 14:11:11.292043+00', ''),
	('00000000-0000-0000-0000-000000000000', '96793ea1-5865-451a-8701-10db1b9706fd', '{"action":"token_revoked","actor_id":"ed9af03b-5152-4508-b46a-0a7831ad5f5b","actor_username":"saitama1990@gmail.com","actor_via_sso":false,"log_type":"token"}', '2025-07-14 14:11:11.294288+00', ''),
	('00000000-0000-0000-0000-000000000000', '5b73071a-1921-43f8-830b-255fad37ec99', '{"action":"token_refreshed","actor_id":"ed9af03b-5152-4508-b46a-0a7831ad5f5b","actor_username":"saitama1990@gmail.com","actor_via_sso":false,"log_type":"token"}', '2025-07-15 01:05:47.690566+00', ''),
	('00000000-0000-0000-0000-000000000000', 'f22e94c3-d8d7-4990-a5ba-e1e50d06e39f', '{"action":"token_revoked","actor_id":"ed9af03b-5152-4508-b46a-0a7831ad5f5b","actor_username":"saitama1990@gmail.com","actor_via_sso":false,"log_type":"token"}', '2025-07-15 01:05:47.693113+00', ''),
	('00000000-0000-0000-0000-000000000000', '50a83151-85f6-4ec1-a26a-2f273d7aea2b', '{"action":"token_refreshed","actor_id":"ed9af03b-5152-4508-b46a-0a7831ad5f5b","actor_username":"saitama1990@gmail.com","actor_via_sso":false,"log_type":"token"}', '2025-07-15 02:04:22.859586+00', ''),
	('00000000-0000-0000-0000-000000000000', 'ee1ebda6-5158-431a-a6e0-c1b6de2131f1', '{"action":"token_revoked","actor_id":"ed9af03b-5152-4508-b46a-0a7831ad5f5b","actor_username":"saitama1990@gmail.com","actor_via_sso":false,"log_type":"token"}', '2025-07-15 02:04:22.860488+00', ''),
	('00000000-0000-0000-0000-000000000000', 'a37ae412-d8e7-4c67-9eda-8fa17dc2567c', '{"action":"token_refreshed","actor_id":"ed9af03b-5152-4508-b46a-0a7831ad5f5b","actor_username":"saitama1990@gmail.com","actor_via_sso":false,"log_type":"token"}', '2025-07-15 03:02:57.844856+00', ''),
	('00000000-0000-0000-0000-000000000000', '42106d86-7d26-4756-a2e3-527153d0978a', '{"action":"token_revoked","actor_id":"ed9af03b-5152-4508-b46a-0a7831ad5f5b","actor_username":"saitama1990@gmail.com","actor_via_sso":false,"log_type":"token"}', '2025-07-15 03:02:57.846532+00', ''),
	('00000000-0000-0000-0000-000000000000', '2436c6dd-0643-4c2e-849e-4581d939895b', '{"action":"token_refreshed","actor_id":"ed9af03b-5152-4508-b46a-0a7831ad5f5b","actor_username":"saitama1990@gmail.com","actor_via_sso":false,"log_type":"token"}', '2025-07-15 04:01:12.832827+00', ''),
	('00000000-0000-0000-0000-000000000000', '4529ff23-2e7c-4654-8f04-894a179718bb', '{"action":"token_revoked","actor_id":"ed9af03b-5152-4508-b46a-0a7831ad5f5b","actor_username":"saitama1990@gmail.com","actor_via_sso":false,"log_type":"token"}', '2025-07-15 04:01:12.833817+00', ''),
	('00000000-0000-0000-0000-000000000000', 'c45d8a2b-8f64-4bcc-a764-97544949c5f1', '{"action":"token_refreshed","actor_id":"ed9af03b-5152-4508-b46a-0a7831ad5f5b","actor_username":"saitama1990@gmail.com","actor_via_sso":false,"log_type":"token"}', '2025-07-15 04:59:57.32741+00', ''),
	('00000000-0000-0000-0000-000000000000', '98fc6c30-1946-4bc7-8bf9-5a04c43dc46d', '{"action":"token_revoked","actor_id":"ed9af03b-5152-4508-b46a-0a7831ad5f5b","actor_username":"saitama1990@gmail.com","actor_via_sso":false,"log_type":"token"}', '2025-07-15 04:59:57.328263+00', ''),
	('00000000-0000-0000-0000-000000000000', 'e68a41b4-2224-49c2-88be-c95ba898e550', '{"action":"token_refreshed","actor_id":"ed9af03b-5152-4508-b46a-0a7831ad5f5b","actor_username":"saitama1990@gmail.com","actor_via_sso":false,"log_type":"token"}', '2025-07-15 05:58:47.626066+00', ''),
	('00000000-0000-0000-0000-000000000000', '59ad8f5d-3175-4b63-af68-2d7859166c26', '{"action":"token_revoked","actor_id":"ed9af03b-5152-4508-b46a-0a7831ad5f5b","actor_username":"saitama1990@gmail.com","actor_via_sso":false,"log_type":"token"}', '2025-07-15 05:58:47.627024+00', ''),
	('00000000-0000-0000-0000-000000000000', '4e978b10-615b-4988-a8f7-363972abe491', '{"action":"token_refreshed","actor_id":"ed9af03b-5152-4508-b46a-0a7831ad5f5b","actor_username":"saitama1990@gmail.com","actor_via_sso":false,"log_type":"token"}', '2025-07-15 06:57:29.139557+00', ''),
	('00000000-0000-0000-0000-000000000000', '2a5166bb-2d79-42d9-a99a-313e189ba0da', '{"action":"token_revoked","actor_id":"ed9af03b-5152-4508-b46a-0a7831ad5f5b","actor_username":"saitama1990@gmail.com","actor_via_sso":false,"log_type":"token"}', '2025-07-15 06:57:29.140489+00', ''),
	('00000000-0000-0000-0000-000000000000', 'fea63291-9e05-4698-8a38-a81559abcb04', '{"action":"token_refreshed","actor_id":"ed9af03b-5152-4508-b46a-0a7831ad5f5b","actor_username":"saitama1990@gmail.com","actor_via_sso":false,"log_type":"token"}', '2025-07-15 07:56:03.624257+00', ''),
	('00000000-0000-0000-0000-000000000000', 'd68bf39b-275d-4cbb-b252-74aed6171da0', '{"action":"token_revoked","actor_id":"ed9af03b-5152-4508-b46a-0a7831ad5f5b","actor_username":"saitama1990@gmail.com","actor_via_sso":false,"log_type":"token"}', '2025-07-15 07:56:03.626772+00', ''),
	('00000000-0000-0000-0000-000000000000', '9e3a2bb6-59df-4563-ad0c-735068bd6fbc', '{"action":"token_refreshed","actor_id":"ed9af03b-5152-4508-b46a-0a7831ad5f5b","actor_username":"saitama1990@gmail.com","actor_via_sso":false,"log_type":"token"}', '2025-07-15 09:03:45.221323+00', ''),
	('00000000-0000-0000-0000-000000000000', '1d692a5c-6384-485a-ab81-a6c274b9620a', '{"action":"token_revoked","actor_id":"ed9af03b-5152-4508-b46a-0a7831ad5f5b","actor_username":"saitama1990@gmail.com","actor_via_sso":false,"log_type":"token"}', '2025-07-15 09:03:45.22304+00', ''),
	('00000000-0000-0000-0000-000000000000', '28ba9c42-affe-4b92-aa1c-044e0725e528', '{"action":"token_refreshed","actor_id":"ed9af03b-5152-4508-b46a-0a7831ad5f5b","actor_username":"saitama1990@gmail.com","actor_via_sso":false,"log_type":"token"}', '2025-07-15 10:02:37.322137+00', ''),
	('00000000-0000-0000-0000-000000000000', 'b871fd35-238a-43e9-9656-431d1448851a', '{"action":"token_revoked","actor_id":"ed9af03b-5152-4508-b46a-0a7831ad5f5b","actor_username":"saitama1990@gmail.com","actor_via_sso":false,"log_type":"token"}', '2025-07-15 10:02:37.32744+00', ''),
	('00000000-0000-0000-0000-000000000000', 'f418f178-1e5d-4dc8-9da9-1c79863ee224', '{"action":"token_refreshed","actor_id":"ed9af03b-5152-4508-b46a-0a7831ad5f5b","actor_username":"saitama1990@gmail.com","actor_via_sso":false,"log_type":"token"}', '2025-07-15 11:01:12.369361+00', ''),
	('00000000-0000-0000-0000-000000000000', '384c78bb-8c60-468d-a5be-36547ab8066d', '{"action":"token_revoked","actor_id":"ed9af03b-5152-4508-b46a-0a7831ad5f5b","actor_username":"saitama1990@gmail.com","actor_via_sso":false,"log_type":"token"}', '2025-07-15 11:01:12.37025+00', ''),
	('00000000-0000-0000-0000-000000000000', '572d21a8-a61c-4434-832e-4f3cbe99ba83', '{"action":"token_refreshed","actor_id":"ed9af03b-5152-4508-b46a-0a7831ad5f5b","actor_username":"saitama1990@gmail.com","actor_via_sso":false,"log_type":"token"}', '2025-07-15 11:59:56.767713+00', ''),
	('00000000-0000-0000-0000-000000000000', '41d1302a-435a-4d90-af39-71315ca0c332', '{"action":"token_revoked","actor_id":"ed9af03b-5152-4508-b46a-0a7831ad5f5b","actor_username":"saitama1990@gmail.com","actor_via_sso":false,"log_type":"token"}', '2025-07-15 11:59:56.770204+00', ''),
	('00000000-0000-0000-0000-000000000000', 'd619e9c9-9e50-4d37-8209-fcf24dbe406b', '{"action":"token_refreshed","actor_id":"ed9af03b-5152-4508-b46a-0a7831ad5f5b","actor_username":"saitama1990@gmail.com","actor_via_sso":false,"log_type":"token"}', '2025-07-15 12:58:32.76755+00', ''),
	('00000000-0000-0000-0000-000000000000', '43c609c6-79d0-40e9-891e-e7bef1930f01', '{"action":"token_revoked","actor_id":"ed9af03b-5152-4508-b46a-0a7831ad5f5b","actor_username":"saitama1990@gmail.com","actor_via_sso":false,"log_type":"token"}', '2025-07-15 12:58:32.768352+00', ''),
	('00000000-0000-0000-0000-000000000000', '0573dd83-8e67-4242-9f5e-70e0357783a2', '{"action":"user_confirmation_requested","actor_id":"3c11891a-5866-48a7-ad38-830a9421b31c","actor_username":"toshio1990@gmail.com","actor_via_sso":false,"log_type":"user","traits":{"provider":"email"}}', '2025-07-15 13:03:36.024405+00', ''),
	('00000000-0000-0000-0000-000000000000', '21a1b001-15e1-4fa6-8211-14c319fdc2db', '{"action":"user_recovery_requested","actor_id":"ed9af03b-5152-4508-b46a-0a7831ad5f5b","actor_username":"saitama1990@gmail.com","actor_via_sso":false,"log_type":"user"}', '2025-07-15 13:04:54.907954+00', ''),
	('00000000-0000-0000-0000-000000000000', 'a455a769-d543-44c3-9f7c-976007a3830d', '{"action":"login","actor_id":"ed9af03b-5152-4508-b46a-0a7831ad5f5b","actor_username":"saitama1990@gmail.com","actor_via_sso":false,"log_type":"account"}', '2025-07-15 13:05:15.227394+00', ''),
	('00000000-0000-0000-0000-000000000000', '908e3b60-edb5-4df6-85f3-ede620e4ad27', '{"action":"user_recovery_requested","actor_id":"ed9af03b-5152-4508-b46a-0a7831ad5f5b","actor_username":"saitama1990@gmail.com","actor_via_sso":false,"log_type":"user"}', '2025-07-15 13:06:59.628333+00', ''),
	('00000000-0000-0000-0000-000000000000', 'e463f431-819e-46b2-b000-27b64002080e', '{"action":"login","actor_id":"ed9af03b-5152-4508-b46a-0a7831ad5f5b","actor_username":"saitama1990@gmail.com","actor_via_sso":false,"log_type":"account"}', '2025-07-15 13:07:14.085889+00', ''),
	('00000000-0000-0000-0000-000000000000', '098863d6-83c8-4d89-85ae-93dc4a139499', '{"action":"logout","actor_id":"ed9af03b-5152-4508-b46a-0a7831ad5f5b","actor_username":"saitama1990@gmail.com","actor_via_sso":false,"log_type":"account"}', '2025-07-15 13:44:41.681392+00', ''),
	('00000000-0000-0000-0000-000000000000', 'af144026-247f-4141-b99e-a7586d17d0dd', '{"action":"user_recovery_requested","actor_id":"ed9af03b-5152-4508-b46a-0a7831ad5f5b","actor_username":"saitama1990@gmail.com","actor_via_sso":false,"log_type":"user"}', '2025-07-15 13:44:50.604202+00', ''),
	('00000000-0000-0000-0000-000000000000', '159fcaa3-af8b-494d-a11a-882fea548e52', '{"action":"login","actor_id":"ed9af03b-5152-4508-b46a-0a7831ad5f5b","actor_username":"saitama1990@gmail.com","actor_via_sso":false,"log_type":"account"}', '2025-07-15 13:45:01.118862+00', ''),
	('00000000-0000-0000-0000-000000000000', '2f4fc55f-1a1a-4779-9765-9c1a330752dd', '{"action":"user_recovery_requested","actor_id":"ed9af03b-5152-4508-b46a-0a7831ad5f5b","actor_username":"saitama1990@gmail.com","actor_via_sso":false,"log_type":"user"}', '2025-07-15 14:01:03.944802+00', ''),
	('00000000-0000-0000-0000-000000000000', 'fd02aef4-bffd-4066-830e-c75f671ac97a', '{"action":"login","actor_id":"ed9af03b-5152-4508-b46a-0a7831ad5f5b","actor_username":"saitama1990@gmail.com","actor_via_sso":false,"log_type":"account"}', '2025-07-15 14:01:47.350906+00', ''),
	('00000000-0000-0000-0000-000000000000', 'cf8ac9df-c845-4fd7-ae13-bb58ac39038b', '{"action":"user_recovery_requested","actor_id":"ed9af03b-5152-4508-b46a-0a7831ad5f5b","actor_username":"saitama1990@gmail.com","actor_via_sso":false,"log_type":"user"}', '2025-07-15 14:06:54.595235+00', ''),
	('00000000-0000-0000-0000-000000000000', '28cbab0a-30b9-4295-b6c5-a3e8737b42bc', '{"action":"login","actor_id":"ed9af03b-5152-4508-b46a-0a7831ad5f5b","actor_username":"saitama1990@gmail.com","actor_via_sso":false,"log_type":"account"}', '2025-07-15 14:07:15.496361+00', ''),
	('00000000-0000-0000-0000-000000000000', 'b0691d3b-a2e2-41b9-90e1-59fbf1fd9cea', '{"action":"user_recovery_requested","actor_id":"ed9af03b-5152-4508-b46a-0a7831ad5f5b","actor_username":"saitama1990@gmail.com","actor_via_sso":false,"log_type":"user"}', '2025-07-15 14:20:21.944575+00', ''),
	('00000000-0000-0000-0000-000000000000', 'ec53e45d-dc64-4c75-bf4f-f21ce9c36a2f', '{"action":"login","actor_id":"ed9af03b-5152-4508-b46a-0a7831ad5f5b","actor_username":"saitama1990@gmail.com","actor_via_sso":false,"log_type":"account"}', '2025-07-15 14:20:38.851442+00', ''),
	('00000000-0000-0000-0000-000000000000', 'a7bbe297-69d5-4473-a8ce-8bb033389d40', '{"action":"user_recovery_requested","actor_id":"ed9af03b-5152-4508-b46a-0a7831ad5f5b","actor_username":"saitama1990@gmail.com","actor_via_sso":false,"log_type":"user"}', '2025-07-15 14:29:21.257197+00', ''),
	('00000000-0000-0000-0000-000000000000', 'f7662e6a-8a44-40c5-92a2-f4e04cd5c566', '{"action":"login","actor_id":"ed9af03b-5152-4508-b46a-0a7831ad5f5b","actor_username":"saitama1990@gmail.com","actor_via_sso":false,"log_type":"account"}', '2025-07-15 14:30:31.299271+00', ''),
	('00000000-0000-0000-0000-000000000000', 'e574b59c-65b1-4cf1-bda0-b4fcb49801f2', '{"action":"logout","actor_id":"ed9af03b-5152-4508-b46a-0a7831ad5f5b","actor_username":"saitama1990@gmail.com","actor_via_sso":false,"log_type":"account"}', '2025-07-15 14:51:08.284582+00', ''),
	('00000000-0000-0000-0000-000000000000', 'be362582-3def-45d1-9145-33ab97409810', '{"action":"user_recovery_requested","actor_id":"ed9af03b-5152-4508-b46a-0a7831ad5f5b","actor_username":"saitama1990@gmail.com","actor_via_sso":false,"log_type":"user"}', '2025-07-15 14:51:19.113549+00', ''),
	('00000000-0000-0000-0000-000000000000', '57bc50d4-b512-4f3d-8052-95c08e1e3862', '{"action":"login","actor_id":"ed9af03b-5152-4508-b46a-0a7831ad5f5b","actor_username":"saitama1990@gmail.com","actor_via_sso":false,"log_type":"account"}', '2025-07-15 14:51:43.707303+00', ''),
	('00000000-0000-0000-0000-000000000000', '5cea4cf2-9e98-418b-a6b6-fdd5233bdfcb', '{"action":"user_confirmation_requested","actor_id":"480d4035-6fba-44ef-9006-ee23a6199494","actor_username":"toshiotawa@me.co","actor_via_sso":false,"log_type":"user","traits":{"provider":"email"}}', '2025-07-15 15:25:54.367329+00', ''),
	('00000000-0000-0000-0000-000000000000', '9d177d0a-fa6a-45b7-96f3-510707ce3708', '{"action":"user_confirmation_requested","actor_id":"fdbc3244-ae91-49a3-bf38-1e0267525eec","actor_username":"toshiotawa@me.com","actor_via_sso":false,"log_type":"user","traits":{"provider":"email"}}', '2025-07-15 15:34:47.50213+00', ''),
	('00000000-0000-0000-0000-000000000000', '64747664-5527-404b-92b4-e61474f468cd', '{"action":"user_signedup","actor_id":"fdbc3244-ae91-49a3-bf38-1e0267525eec","actor_username":"toshiotawa@me.com","actor_via_sso":false,"log_type":"team","traits":{"provider":"email"}}', '2025-07-15 15:35:32.654276+00', ''),
	('00000000-0000-0000-0000-000000000000', '3d58b96e-5010-4ed7-8d59-26d30600fa41', '{"action":"token_refreshed","actor_id":"ed9af03b-5152-4508-b46a-0a7831ad5f5b","actor_username":"saitama1990@gmail.com","actor_via_sso":false,"log_type":"token"}', '2025-07-15 15:51:00.948121+00', ''),
	('00000000-0000-0000-0000-000000000000', '972eadee-8371-4756-b53e-906a66cc04fd', '{"action":"token_revoked","actor_id":"ed9af03b-5152-4508-b46a-0a7831ad5f5b","actor_username":"saitama1990@gmail.com","actor_via_sso":false,"log_type":"token"}', '2025-07-15 15:51:00.949951+00', ''),
	('00000000-0000-0000-0000-000000000000', '28c00281-872a-4d46-a5db-c8dea2888ed0', '{"action":"token_refreshed","actor_id":"ed9af03b-5152-4508-b46a-0a7831ad5f5b","actor_username":"saitama1990@gmail.com","actor_via_sso":false,"log_type":"token"}', '2025-07-15 15:51:00.975328+00', ''),
	('00000000-0000-0000-0000-000000000000', '831ee477-d2fa-4ef6-bbe7-19bc2ead7645', '{"action":"token_refreshed","actor_id":"ed9af03b-5152-4508-b46a-0a7831ad5f5b","actor_username":"saitama1990@gmail.com","actor_via_sso":false,"log_type":"token"}', '2025-07-15 17:18:41.43188+00', ''),
	('00000000-0000-0000-0000-000000000000', '98c3db9f-7593-4bd1-b3e1-f55f76435af6', '{"action":"token_revoked","actor_id":"ed9af03b-5152-4508-b46a-0a7831ad5f5b","actor_username":"saitama1990@gmail.com","actor_via_sso":false,"log_type":"token"}', '2025-07-15 17:18:41.432721+00', ''),
	('00000000-0000-0000-0000-000000000000', '8b8d4531-c1c7-433d-8e4c-fd74621f00b9', '{"action":"token_refreshed","actor_id":"ed9af03b-5152-4508-b46a-0a7831ad5f5b","actor_username":"saitama1990@gmail.com","actor_via_sso":false,"log_type":"token"}', '2025-07-15 20:35:18.824641+00', ''),
	('00000000-0000-0000-0000-000000000000', 'dce94ebf-2f7c-4500-bd4f-aac923cf4c44', '{"action":"token_revoked","actor_id":"ed9af03b-5152-4508-b46a-0a7831ad5f5b","actor_username":"saitama1990@gmail.com","actor_via_sso":false,"log_type":"token"}', '2025-07-15 20:35:18.825617+00', ''),
	('00000000-0000-0000-0000-000000000000', '61aada26-ea84-4a71-9899-9b2f6d58f643', '{"action":"token_refreshed","actor_id":"fdbc3244-ae91-49a3-bf38-1e0267525eec","actor_username":"toshiotawa@me.com","actor_via_sso":false,"log_type":"token"}', '2025-07-15 20:43:55.504946+00', ''),
	('00000000-0000-0000-0000-000000000000', '8c3afb35-3636-4a04-a93a-76e8b21e7dd9', '{"action":"token_revoked","actor_id":"fdbc3244-ae91-49a3-bf38-1e0267525eec","actor_username":"toshiotawa@me.com","actor_via_sso":false,"log_type":"token"}', '2025-07-15 20:43:55.505874+00', ''),
	('00000000-0000-0000-0000-000000000000', 'c431200a-adef-48cf-8418-1528f3270f9b', '{"action":"token_refreshed","actor_id":"fdbc3244-ae91-49a3-bf38-1e0267525eec","actor_username":"toshiotawa@me.com","actor_via_sso":false,"log_type":"token"}', '2025-07-15 23:35:07.994416+00', ''),
	('00000000-0000-0000-0000-000000000000', '8abf0c60-b872-4224-8f64-f7f89e08ad60', '{"action":"token_revoked","actor_id":"fdbc3244-ae91-49a3-bf38-1e0267525eec","actor_username":"toshiotawa@me.com","actor_via_sso":false,"log_type":"token"}', '2025-07-15 23:35:08.002548+00', ''),
	('00000000-0000-0000-0000-000000000000', 'bf17fd6f-7124-4354-b4f9-bc1706dc5e74', '{"action":"token_refreshed","actor_id":"ed9af03b-5152-4508-b46a-0a7831ad5f5b","actor_username":"saitama1990@gmail.com","actor_via_sso":false,"log_type":"token"}', '2025-07-16 00:23:54.414955+00', ''),
	('00000000-0000-0000-0000-000000000000', '028fce35-2896-47e6-b9aa-0917d8396802', '{"action":"token_revoked","actor_id":"ed9af03b-5152-4508-b46a-0a7831ad5f5b","actor_username":"saitama1990@gmail.com","actor_via_sso":false,"log_type":"token"}', '2025-07-16 00:23:54.417556+00', ''),
	('00000000-0000-0000-0000-000000000000', '90976df0-70af-4e51-a2b6-bbdb4ecd3928', '{"action":"token_refreshed","actor_id":"ed9af03b-5152-4508-b46a-0a7831ad5f5b","actor_username":"saitama1990@gmail.com","actor_via_sso":false,"log_type":"token"}', '2025-07-16 01:22:39.220259+00', ''),
	('00000000-0000-0000-0000-000000000000', '0f05d03b-2f44-46e0-b897-1c9e7fd72f5e', '{"action":"token_revoked","actor_id":"ed9af03b-5152-4508-b46a-0a7831ad5f5b","actor_username":"saitama1990@gmail.com","actor_via_sso":false,"log_type":"token"}', '2025-07-16 01:22:39.222337+00', ''),
	('00000000-0000-0000-0000-000000000000', '58dd2dec-20ff-4ad8-820c-2669d607d492', '{"action":"token_refreshed","actor_id":"ed9af03b-5152-4508-b46a-0a7831ad5f5b","actor_username":"saitama1990@gmail.com","actor_via_sso":false,"log_type":"token"}', '2025-07-16 03:42:28.392104+00', ''),
	('00000000-0000-0000-0000-000000000000', '49b82c49-3fa5-4204-a128-d782255a7c1d', '{"action":"token_revoked","actor_id":"ed9af03b-5152-4508-b46a-0a7831ad5f5b","actor_username":"saitama1990@gmail.com","actor_via_sso":false,"log_type":"token"}', '2025-07-16 03:42:28.39293+00', ''),
	('00000000-0000-0000-0000-000000000000', '953dc202-8dc6-46bb-9655-5beebe7cbf6e', '{"action":"token_refreshed","actor_id":"ed9af03b-5152-4508-b46a-0a7831ad5f5b","actor_username":"saitama1990@gmail.com","actor_via_sso":false,"log_type":"token"}', '2025-07-16 04:41:20.509999+00', ''),
	('00000000-0000-0000-0000-000000000000', '00608200-a0e6-44d3-94b2-39363680dbe7', '{"action":"token_revoked","actor_id":"ed9af03b-5152-4508-b46a-0a7831ad5f5b","actor_username":"saitama1990@gmail.com","actor_via_sso":false,"log_type":"token"}', '2025-07-16 04:41:20.512573+00', ''),
	('00000000-0000-0000-0000-000000000000', '82ed02ef-f16d-41cd-829f-105a6e0e93d7', '{"action":"token_refreshed","actor_id":"ed9af03b-5152-4508-b46a-0a7831ad5f5b","actor_username":"saitama1990@gmail.com","actor_via_sso":false,"log_type":"token"}', '2025-07-16 05:39:55.117134+00', ''),
	('00000000-0000-0000-0000-000000000000', '96788bf5-cf17-4ae6-b913-80a034c724fd', '{"action":"token_revoked","actor_id":"ed9af03b-5152-4508-b46a-0a7831ad5f5b","actor_username":"saitama1990@gmail.com","actor_via_sso":false,"log_type":"token"}', '2025-07-16 05:39:55.11868+00', ''),
	('00000000-0000-0000-0000-000000000000', '9adb4592-49be-49c3-8bdf-35a477c3fca9', '{"action":"token_refreshed","actor_id":"ed9af03b-5152-4508-b46a-0a7831ad5f5b","actor_username":"saitama1990@gmail.com","actor_via_sso":false,"log_type":"token"}', '2025-07-16 06:38:34.425987+00', ''),
	('00000000-0000-0000-0000-000000000000', '7b23c8c7-384f-4a5a-bf55-e14adc1205dc', '{"action":"token_revoked","actor_id":"ed9af03b-5152-4508-b46a-0a7831ad5f5b","actor_username":"saitama1990@gmail.com","actor_via_sso":false,"log_type":"token"}', '2025-07-16 06:38:34.427697+00', ''),
	('00000000-0000-0000-0000-000000000000', '9b3d3d24-1cf5-4788-80e3-b97f69ff9bc9', '{"action":"token_refreshed","actor_id":"ed9af03b-5152-4508-b46a-0a7831ad5f5b","actor_username":"saitama1990@gmail.com","actor_via_sso":false,"log_type":"token"}', '2025-07-16 07:37:03.362997+00', ''),
	('00000000-0000-0000-0000-000000000000', 'fae36b1b-fa78-4856-b124-0bc22b3b5829', '{"action":"token_revoked","actor_id":"ed9af03b-5152-4508-b46a-0a7831ad5f5b","actor_username":"saitama1990@gmail.com","actor_via_sso":false,"log_type":"token"}', '2025-07-16 07:37:03.36456+00', ''),
	('00000000-0000-0000-0000-000000000000', 'dafd11be-65e8-4121-83f5-72e867dabfcc', '{"action":"user_recovery_requested","actor_id":"ed9af03b-5152-4508-b46a-0a7831ad5f5b","actor_username":"saitama1990@gmail.com","actor_via_sso":false,"log_type":"user"}', '2025-07-16 08:11:25.870226+00', ''),
	('00000000-0000-0000-0000-000000000000', '075525a1-8083-4a52-9c4d-663fc47d3679', '{"action":"login","actor_id":"ed9af03b-5152-4508-b46a-0a7831ad5f5b","actor_username":"saitama1990@gmail.com","actor_via_sso":false,"log_type":"account"}', '2025-07-16 08:11:39.711291+00', ''),
	('00000000-0000-0000-0000-000000000000', '620a25bf-b1bd-4a8c-83b7-2740536af7c3', '{"action":"user_recovery_requested","actor_id":"ed9af03b-5152-4508-b46a-0a7831ad5f5b","actor_username":"saitama1990@gmail.com","actor_via_sso":false,"log_type":"user"}', '2025-07-16 08:20:47.372004+00', ''),
	('00000000-0000-0000-0000-000000000000', '39ff1f32-6a26-46fa-90c0-1c11a068ecb4', '{"action":"login","actor_id":"ed9af03b-5152-4508-b46a-0a7831ad5f5b","actor_username":"saitama1990@gmail.com","actor_via_sso":false,"log_type":"account"}', '2025-07-16 08:21:07.198659+00', ''),
	('00000000-0000-0000-0000-000000000000', 'e60409f9-2b68-449d-a6a8-8acfabf33ed4', '{"action":"logout","actor_id":"ed9af03b-5152-4508-b46a-0a7831ad5f5b","actor_username":"saitama1990@gmail.com","actor_via_sso":false,"log_type":"account"}', '2025-07-16 08:21:30.286147+00', ''),
	('00000000-0000-0000-0000-000000000000', 'd9bc4742-4a4a-4856-9d9a-0dee4bb180e6', '{"action":"user_confirmation_requested","actor_id":"3c11891a-5866-48a7-ad38-830a9421b31c","actor_username":"toshio1990@gmail.com","actor_via_sso":false,"log_type":"user","traits":{"provider":"email"}}', '2025-07-16 08:21:41.08945+00', ''),
	('00000000-0000-0000-0000-000000000000', 'f7c9fe3f-9b76-4124-a7b6-9b1f3bd9eb34', '{"action":"user_recovery_requested","actor_id":"ed9af03b-5152-4508-b46a-0a7831ad5f5b","actor_username":"saitama1990@gmail.com","actor_via_sso":false,"log_type":"user"}', '2025-07-16 08:22:33.801937+00', ''),
	('00000000-0000-0000-0000-000000000000', '3c884c59-edbc-457c-990d-d2a159420711', '{"action":"login","actor_id":"ed9af03b-5152-4508-b46a-0a7831ad5f5b","actor_username":"saitama1990@gmail.com","actor_via_sso":false,"log_type":"account"}', '2025-07-16 08:22:48.752576+00', ''),
	('00000000-0000-0000-0000-000000000000', 'ae6b41fd-b972-4028-898e-f411fcb3c1b2', '{"action":"token_refreshed","actor_id":"ed9af03b-5152-4508-b46a-0a7831ad5f5b","actor_username":"saitama1990@gmail.com","actor_via_sso":false,"log_type":"token"}', '2025-07-16 09:21:20.217885+00', ''),
	('00000000-0000-0000-0000-000000000000', '64d04cbc-4024-4a99-81da-976836331981', '{"action":"token_revoked","actor_id":"ed9af03b-5152-4508-b46a-0a7831ad5f5b","actor_username":"saitama1990@gmail.com","actor_via_sso":false,"log_type":"token"}', '2025-07-16 09:21:20.219468+00', ''),
	('00000000-0000-0000-0000-000000000000', '20a0c01a-4284-43f1-a40b-33797be67dd9', '{"action":"token_refreshed","actor_id":"ed9af03b-5152-4508-b46a-0a7831ad5f5b","actor_username":"saitama1990@gmail.com","actor_via_sso":false,"log_type":"token"}', '2025-07-16 21:41:42.596565+00', ''),
	('00000000-0000-0000-0000-000000000000', '50e6b64b-4f37-441e-bf78-34d24d7d9559', '{"action":"token_revoked","actor_id":"ed9af03b-5152-4508-b46a-0a7831ad5f5b","actor_username":"saitama1990@gmail.com","actor_via_sso":false,"log_type":"token"}', '2025-07-16 21:41:42.59806+00', ''),
	('00000000-0000-0000-0000-000000000000', '9f9e8c1e-031e-4e4d-9a80-877144804f98', '{"action":"token_refreshed","actor_id":"ed9af03b-5152-4508-b46a-0a7831ad5f5b","actor_username":"saitama1990@gmail.com","actor_via_sso":false,"log_type":"token"}', '2025-07-16 22:39:52.048855+00', ''),
	('00000000-0000-0000-0000-000000000000', 'cc246b9c-82ea-49b0-8a39-e8b1aa14cb6d', '{"action":"token_revoked","actor_id":"ed9af03b-5152-4508-b46a-0a7831ad5f5b","actor_username":"saitama1990@gmail.com","actor_via_sso":false,"log_type":"token"}', '2025-07-16 22:39:52.052411+00', ''),
	('00000000-0000-0000-0000-000000000000', 'aa7c5c27-972e-40a5-ac8c-9b77a72d41f6', '{"action":"token_refreshed","actor_id":"ed9af03b-5152-4508-b46a-0a7831ad5f5b","actor_username":"saitama1990@gmail.com","actor_via_sso":false,"log_type":"token"}', '2025-07-16 23:38:13.547471+00', ''),
	('00000000-0000-0000-0000-000000000000', '5b26d486-ace3-4907-9b2c-8190298bda3f', '{"action":"token_revoked","actor_id":"ed9af03b-5152-4508-b46a-0a7831ad5f5b","actor_username":"saitama1990@gmail.com","actor_via_sso":false,"log_type":"token"}', '2025-07-16 23:38:13.548381+00', ''),
	('00000000-0000-0000-0000-000000000000', 'bf7fa50b-0570-4aa5-bc19-2778877be06a', '{"action":"token_refreshed","actor_id":"ed9af03b-5152-4508-b46a-0a7831ad5f5b","actor_username":"saitama1990@gmail.com","actor_via_sso":false,"log_type":"token"}', '2025-07-17 00:37:06.502712+00', ''),
	('00000000-0000-0000-0000-000000000000', '988b14c6-f877-43ef-8e85-1d5ffca266d1', '{"action":"token_revoked","actor_id":"ed9af03b-5152-4508-b46a-0a7831ad5f5b","actor_username":"saitama1990@gmail.com","actor_via_sso":false,"log_type":"token"}', '2025-07-17 00:37:06.504528+00', ''),
	('00000000-0000-0000-0000-000000000000', '24581373-25ae-4c3e-bf9c-d3f84a03c918', '{"action":"token_refreshed","actor_id":"ed9af03b-5152-4508-b46a-0a7831ad5f5b","actor_username":"saitama1990@gmail.com","actor_via_sso":false,"log_type":"token"}', '2025-07-17 01:35:13.597467+00', ''),
	('00000000-0000-0000-0000-000000000000', '341535b6-dd9a-4e87-a93b-1183bc9652be', '{"action":"token_revoked","actor_id":"ed9af03b-5152-4508-b46a-0a7831ad5f5b","actor_username":"saitama1990@gmail.com","actor_via_sso":false,"log_type":"token"}', '2025-07-17 01:35:13.600059+00', ''),
	('00000000-0000-0000-0000-000000000000', 'f6101932-1cce-4195-8460-f87bb1e449d6', '{"action":"token_refreshed","actor_id":"ed9af03b-5152-4508-b46a-0a7831ad5f5b","actor_username":"saitama1990@gmail.com","actor_via_sso":false,"log_type":"token"}', '2025-07-17 02:33:13.468857+00', ''),
	('00000000-0000-0000-0000-000000000000', '57624d90-0345-4793-afa5-fda328efb02a', '{"action":"token_revoked","actor_id":"ed9af03b-5152-4508-b46a-0a7831ad5f5b","actor_username":"saitama1990@gmail.com","actor_via_sso":false,"log_type":"token"}', '2025-07-17 02:33:13.469921+00', ''),
	('00000000-0000-0000-0000-000000000000', '86429f31-4878-41fc-9637-9b09d5996eed', '{"action":"token_refreshed","actor_id":"ed9af03b-5152-4508-b46a-0a7831ad5f5b","actor_username":"saitama1990@gmail.com","actor_via_sso":false,"log_type":"token"}', '2025-07-17 09:29:51.596888+00', ''),
	('00000000-0000-0000-0000-000000000000', 'bd53dc97-57eb-40b5-b197-cc0248d84911', '{"action":"token_revoked","actor_id":"ed9af03b-5152-4508-b46a-0a7831ad5f5b","actor_username":"saitama1990@gmail.com","actor_via_sso":false,"log_type":"token"}', '2025-07-17 09:29:51.598392+00', ''),
	('00000000-0000-0000-0000-000000000000', '94dec105-0feb-4116-81cd-9c5251f1eb6b', '{"action":"token_refreshed","actor_id":"ed9af03b-5152-4508-b46a-0a7831ad5f5b","actor_username":"saitama1990@gmail.com","actor_via_sso":false,"log_type":"token"}', '2025-07-17 10:28:16.574062+00', ''),
	('00000000-0000-0000-0000-000000000000', '88e874ad-337d-4edc-8129-2b73af02e252', '{"action":"token_revoked","actor_id":"ed9af03b-5152-4508-b46a-0a7831ad5f5b","actor_username":"saitama1990@gmail.com","actor_via_sso":false,"log_type":"token"}', '2025-07-17 10:28:16.574968+00', ''),
	('00000000-0000-0000-0000-000000000000', '5c9cebea-2d6a-4ab3-a511-4650ededbdeb', '{"action":"user_recovery_requested","actor_id":"ed9af03b-5152-4508-b46a-0a7831ad5f5b","actor_username":"saitama1990@gmail.com","actor_via_sso":false,"log_type":"user"}', '2025-07-17 10:36:16.39768+00', ''),
	('00000000-0000-0000-0000-000000000000', 'b403a762-d2ba-483b-9e9a-93c0377f159a', '{"action":"login","actor_id":"ed9af03b-5152-4508-b46a-0a7831ad5f5b","actor_username":"saitama1990@gmail.com","actor_via_sso":false,"log_type":"account"}', '2025-07-17 10:36:31.562021+00', ''),
	('00000000-0000-0000-0000-000000000000', '3dece52a-81ad-4acb-9a62-98baaea3f26c', '{"action":"token_refreshed","actor_id":"ed9af03b-5152-4508-b46a-0a7831ad5f5b","actor_username":"saitama1990@gmail.com","actor_via_sso":false,"log_type":"token"}', '2025-07-17 11:35:13.983862+00', ''),
	('00000000-0000-0000-0000-000000000000', '10012eb7-0317-4194-a429-c0ebc9517aa0', '{"action":"token_revoked","actor_id":"ed9af03b-5152-4508-b46a-0a7831ad5f5b","actor_username":"saitama1990@gmail.com","actor_via_sso":false,"log_type":"token"}', '2025-07-17 11:35:13.98475+00', ''),
	('00000000-0000-0000-0000-000000000000', '16ba7334-69b2-4cc5-9764-f68994cd06da', '{"action":"token_refreshed","actor_id":"ed9af03b-5152-4508-b46a-0a7831ad5f5b","actor_username":"saitama1990@gmail.com","actor_via_sso":false,"log_type":"token"}', '2025-07-17 12:45:26.542314+00', ''),
	('00000000-0000-0000-0000-000000000000', '843241a3-ec99-4a02-9010-a61446fba053', '{"action":"token_revoked","actor_id":"ed9af03b-5152-4508-b46a-0a7831ad5f5b","actor_username":"saitama1990@gmail.com","actor_via_sso":false,"log_type":"token"}', '2025-07-17 12:45:26.543166+00', ''),
	('00000000-0000-0000-0000-000000000000', '574aa745-0742-48dd-a27d-7487c0285a4d', '{"action":"token_refreshed","actor_id":"ed9af03b-5152-4508-b46a-0a7831ad5f5b","actor_username":"saitama1990@gmail.com","actor_via_sso":false,"log_type":"token"}', '2025-07-17 13:43:59.260629+00', ''),
	('00000000-0000-0000-0000-000000000000', '1f6b48b1-4095-4478-830f-4f12f310396f', '{"action":"token_revoked","actor_id":"ed9af03b-5152-4508-b46a-0a7831ad5f5b","actor_username":"saitama1990@gmail.com","actor_via_sso":false,"log_type":"token"}', '2025-07-17 13:43:59.26155+00', ''),
	('00000000-0000-0000-0000-000000000000', '5719058f-f71e-4f8c-a399-f88b6c625651', '{"action":"token_refreshed","actor_id":"fdbc3244-ae91-49a3-bf38-1e0267525eec","actor_username":"toshiotawa@me.com","actor_via_sso":false,"log_type":"token"}', '2025-07-17 14:10:14.725182+00', ''),
	('00000000-0000-0000-0000-000000000000', 'fdb7ff4c-ab03-4aa7-a913-caf7dcddb90e', '{"action":"token_revoked","actor_id":"fdbc3244-ae91-49a3-bf38-1e0267525eec","actor_username":"toshiotawa@me.com","actor_via_sso":false,"log_type":"token"}', '2025-07-17 14:10:14.726182+00', ''),
	('00000000-0000-0000-0000-000000000000', 'bb0ba604-37a9-4d1c-9e25-bf9838d92711', '{"action":"token_refreshed","actor_id":"ed9af03b-5152-4508-b46a-0a7831ad5f5b","actor_username":"saitama1990@gmail.com","actor_via_sso":false,"log_type":"token"}', '2025-07-17 14:43:12.908536+00', ''),
	('00000000-0000-0000-0000-000000000000', 'c207b684-a746-4ab0-8a8e-b16abd2bfe6f', '{"action":"token_revoked","actor_id":"ed9af03b-5152-4508-b46a-0a7831ad5f5b","actor_username":"saitama1990@gmail.com","actor_via_sso":false,"log_type":"token"}', '2025-07-17 14:43:12.910812+00', ''),
	('00000000-0000-0000-0000-000000000000', 'cc79aada-2feb-418d-8514-5f20979b1ea7', '{"action":"token_refreshed","actor_id":"fdbc3244-ae91-49a3-bf38-1e0267525eec","actor_username":"toshiotawa@me.com","actor_via_sso":false,"log_type":"token"}', '2025-07-17 15:08:35.643154+00', ''),
	('00000000-0000-0000-0000-000000000000', 'cb5cf3bf-da8a-4c06-bd77-7af0c15fa0c0', '{"action":"token_revoked","actor_id":"fdbc3244-ae91-49a3-bf38-1e0267525eec","actor_username":"toshiotawa@me.com","actor_via_sso":false,"log_type":"token"}', '2025-07-17 15:08:35.645627+00', ''),
	('00000000-0000-0000-0000-000000000000', 'd395080c-ba3d-4462-8e87-e0b5d319938d', '{"action":"token_refreshed","actor_id":"ed9af03b-5152-4508-b46a-0a7831ad5f5b","actor_username":"saitama1990@gmail.com","actor_via_sso":false,"log_type":"token"}', '2025-07-17 15:42:12.35156+00', ''),
	('00000000-0000-0000-0000-000000000000', 'b9579cbf-5cc1-4130-9ffc-27da191e2fe4', '{"action":"token_revoked","actor_id":"ed9af03b-5152-4508-b46a-0a7831ad5f5b","actor_username":"saitama1990@gmail.com","actor_via_sso":false,"log_type":"token"}', '2025-07-17 15:42:12.353186+00', ''),
	('00000000-0000-0000-0000-000000000000', '3ff1860f-23b5-4da5-a3bd-482e2eb40c32', '{"action":"user_recovery_requested","actor_id":"ed9af03b-5152-4508-b46a-0a7831ad5f5b","actor_username":"saitama1990@gmail.com","actor_via_sso":false,"log_type":"user"}', '2025-07-17 15:48:10.069888+00', ''),
	('00000000-0000-0000-0000-000000000000', '1651c090-fbfc-4370-830b-35f6ee6b4791', '{"action":"login","actor_id":"ed9af03b-5152-4508-b46a-0a7831ad5f5b","actor_username":"saitama1990@gmail.com","actor_via_sso":false,"log_type":"account"}', '2025-07-17 15:48:28.6457+00', ''),
	('00000000-0000-0000-0000-000000000000', '252543d7-1399-4155-a7e7-13903d816f40', '{"action":"user_recovery_requested","actor_id":"ed9af03b-5152-4508-b46a-0a7831ad5f5b","actor_username":"saitama1990@gmail.com","actor_via_sso":false,"log_type":"user"}', '2025-07-17 16:29:35.237587+00', ''),
	('00000000-0000-0000-0000-000000000000', 'a4ccc2df-1492-493f-9b9d-a93d27d42ca6', '{"action":"login","actor_id":"ed9af03b-5152-4508-b46a-0a7831ad5f5b","actor_username":"saitama1990@gmail.com","actor_via_sso":false,"log_type":"account"}', '2025-07-17 16:29:49.203166+00', ''),
	('00000000-0000-0000-0000-000000000000', 'df3a849a-4643-4b7d-98be-87e5c79aa484', '{"action":"logout","actor_id":"ed9af03b-5152-4508-b46a-0a7831ad5f5b","actor_username":"saitama1990@gmail.com","actor_via_sso":false,"log_type":"account"}', '2025-07-17 17:16:00.962274+00', ''),
	('00000000-0000-0000-0000-000000000000', '96b77a96-68dc-47d2-bfc0-6114b0d847c9', '{"action":"user_recovery_requested","actor_id":"ed9af03b-5152-4508-b46a-0a7831ad5f5b","actor_username":"saitama1990@gmail.com","actor_via_sso":false,"log_type":"user"}', '2025-07-17 17:16:09.880064+00', ''),
	('00000000-0000-0000-0000-000000000000', 'c9e06f4b-6e13-415c-9a40-d8996d386ba1', '{"action":"login","actor_id":"ed9af03b-5152-4508-b46a-0a7831ad5f5b","actor_username":"saitama1990@gmail.com","actor_via_sso":false,"log_type":"account"}', '2025-07-17 17:16:25.395972+00', ''),
	('00000000-0000-0000-0000-000000000000', '57ff8e67-4e84-47c2-808c-344b3e5f7c25', '{"action":"token_refreshed","actor_id":"fdbc3244-ae91-49a3-bf38-1e0267525eec","actor_username":"toshiotawa@me.com","actor_via_sso":false,"log_type":"token"}', '2025-07-17 17:43:30.463878+00', ''),
	('00000000-0000-0000-0000-000000000000', '4a683b26-2ebb-4ba7-8eb7-a774c544e8eb', '{"action":"token_revoked","actor_id":"fdbc3244-ae91-49a3-bf38-1e0267525eec","actor_username":"toshiotawa@me.com","actor_via_sso":false,"log_type":"token"}', '2025-07-17 17:43:30.465744+00', ''),
	('00000000-0000-0000-0000-000000000000', '12a02bbb-4bcc-4ed2-9790-49e2b6cae4e2', '{"action":"token_refreshed","actor_id":"ed9af03b-5152-4508-b46a-0a7831ad5f5b","actor_username":"saitama1990@gmail.com","actor_via_sso":false,"log_type":"token"}', '2025-07-17 18:14:56.119164+00', ''),
	('00000000-0000-0000-0000-000000000000', 'c27c34c0-7ca3-404e-b9b3-362752e7991e', '{"action":"token_revoked","actor_id":"ed9af03b-5152-4508-b46a-0a7831ad5f5b","actor_username":"saitama1990@gmail.com","actor_via_sso":false,"log_type":"token"}', '2025-07-17 18:14:56.120135+00', ''),
	('00000000-0000-0000-0000-000000000000', '1a42005f-1bcd-4916-9207-a2a955cfe6e5', '{"action":"token_refreshed","actor_id":"fdbc3244-ae91-49a3-bf38-1e0267525eec","actor_username":"toshiotawa@me.com","actor_via_sso":false,"log_type":"token"}', '2025-07-17 19:02:10.422709+00', ''),
	('00000000-0000-0000-0000-000000000000', '6b6794ab-86e1-440a-843d-24ba6871cd0c', '{"action":"token_revoked","actor_id":"fdbc3244-ae91-49a3-bf38-1e0267525eec","actor_username":"toshiotawa@me.com","actor_via_sso":false,"log_type":"token"}', '2025-07-17 19:02:10.424438+00', ''),
	('00000000-0000-0000-0000-000000000000', 'c584c6e7-ea3f-4a6d-85e3-5b7ce17cc8ec', '{"action":"token_refreshed","actor_id":"ed9af03b-5152-4508-b46a-0a7831ad5f5b","actor_username":"saitama1990@gmail.com","actor_via_sso":false,"log_type":"token"}', '2025-07-17 19:14:08.050917+00', ''),
	('00000000-0000-0000-0000-000000000000', '2b8f48d2-1790-44ec-adac-12e287ae039e', '{"action":"token_revoked","actor_id":"ed9af03b-5152-4508-b46a-0a7831ad5f5b","actor_username":"saitama1990@gmail.com","actor_via_sso":false,"log_type":"token"}', '2025-07-17 19:14:08.052058+00', ''),
	('00000000-0000-0000-0000-000000000000', '1187c7c6-08e1-4c94-9fe4-72d6227c12c8', '{"action":"token_refreshed","actor_id":"ed9af03b-5152-4508-b46a-0a7831ad5f5b","actor_username":"saitama1990@gmail.com","actor_via_sso":false,"log_type":"token"}', '2025-07-17 20:12:48.438169+00', ''),
	('00000000-0000-0000-0000-000000000000', '6fd26e47-d323-4ab2-a0df-fb8d1ff51ba9', '{"action":"token_revoked","actor_id":"ed9af03b-5152-4508-b46a-0a7831ad5f5b","actor_username":"saitama1990@gmail.com","actor_via_sso":false,"log_type":"token"}', '2025-07-17 20:12:48.439722+00', ''),
	('00000000-0000-0000-0000-000000000000', '04a251bf-4e4c-46c3-881a-627dbd94ff60', '{"action":"token_refreshed","actor_id":"ed9af03b-5152-4508-b46a-0a7831ad5f5b","actor_username":"saitama1990@gmail.com","actor_via_sso":false,"log_type":"token"}', '2025-07-17 21:12:07.966929+00', ''),
	('00000000-0000-0000-0000-000000000000', 'f023010b-99e0-44d1-9a72-d9c29baecf7e', '{"action":"token_revoked","actor_id":"ed9af03b-5152-4508-b46a-0a7831ad5f5b","actor_username":"saitama1990@gmail.com","actor_via_sso":false,"log_type":"token"}', '2025-07-17 21:12:07.968009+00', ''),
	('00000000-0000-0000-0000-000000000000', 'cea73104-7e00-499c-8c65-1d90b0e7cec0', '{"action":"token_refreshed","actor_id":"fdbc3244-ae91-49a3-bf38-1e0267525eec","actor_username":"toshiotawa@me.com","actor_via_sso":false,"log_type":"token"}', '2025-07-17 21:56:16.085022+00', ''),
	('00000000-0000-0000-0000-000000000000', '1caa036d-e349-4d7c-ad03-13220360f3d7', '{"action":"token_revoked","actor_id":"fdbc3244-ae91-49a3-bf38-1e0267525eec","actor_username":"toshiotawa@me.com","actor_via_sso":false,"log_type":"token"}', '2025-07-17 21:56:16.085903+00', ''),
	('00000000-0000-0000-0000-000000000000', '8d82b140-6fd2-4e4d-830c-b027181f3ccb', '{"action":"token_refreshed","actor_id":"ed9af03b-5152-4508-b46a-0a7831ad5f5b","actor_username":"saitama1990@gmail.com","actor_via_sso":false,"log_type":"token"}', '2025-07-17 22:10:58.369013+00', ''),
	('00000000-0000-0000-0000-000000000000', 'e71cb0c3-f549-4149-9c55-3af8a5443544', '{"action":"token_revoked","actor_id":"ed9af03b-5152-4508-b46a-0a7831ad5f5b","actor_username":"saitama1990@gmail.com","actor_via_sso":false,"log_type":"token"}', '2025-07-17 22:10:58.370474+00', ''),
	('00000000-0000-0000-0000-000000000000', 'a0875660-7379-45ed-9179-00868eacd693', '{"action":"token_refreshed","actor_id":"ed9af03b-5152-4508-b46a-0a7831ad5f5b","actor_username":"saitama1990@gmail.com","actor_via_sso":false,"log_type":"token"}', '2025-07-17 23:10:07.795568+00', ''),
	('00000000-0000-0000-0000-000000000000', '23778434-3824-4f43-94cd-a8b47156dbbd', '{"action":"token_revoked","actor_id":"ed9af03b-5152-4508-b46a-0a7831ad5f5b","actor_username":"saitama1990@gmail.com","actor_via_sso":false,"log_type":"token"}', '2025-07-17 23:10:07.796456+00', ''),
	('00000000-0000-0000-0000-000000000000', '1ee667df-2abd-429a-ad53-11a1ab100c70', '{"action":"token_refreshed","actor_id":"ed9af03b-5152-4508-b46a-0a7831ad5f5b","actor_username":"saitama1990@gmail.com","actor_via_sso":false,"log_type":"token"}', '2025-07-18 00:08:48.151373+00', ''),
	('00000000-0000-0000-0000-000000000000', 'cd99e29d-cf08-4bf4-ac27-7e86c140c9a1', '{"action":"token_revoked","actor_id":"ed9af03b-5152-4508-b46a-0a7831ad5f5b","actor_username":"saitama1990@gmail.com","actor_via_sso":false,"log_type":"token"}', '2025-07-18 00:08:48.152224+00', ''),
	('00000000-0000-0000-0000-000000000000', 'adf92a5b-9617-44a0-bbf8-1b83ac3fd9f0', '{"action":"token_refreshed","actor_id":"fdbc3244-ae91-49a3-bf38-1e0267525eec","actor_username":"toshiotawa@me.com","actor_via_sso":false,"log_type":"token"}', '2025-07-18 03:22:15.808464+00', ''),
	('00000000-0000-0000-0000-000000000000', '88ed56e3-5326-43b6-8249-45f40081839f', '{"action":"token_revoked","actor_id":"fdbc3244-ae91-49a3-bf38-1e0267525eec","actor_username":"toshiotawa@me.com","actor_via_sso":false,"log_type":"token"}', '2025-07-18 03:22:15.809319+00', ''),
	('00000000-0000-0000-0000-000000000000', '95c898d1-0539-481d-a3cd-0376dbf91a91', '{"action":"token_refreshed","actor_id":"ed9af03b-5152-4508-b46a-0a7831ad5f5b","actor_username":"saitama1990@gmail.com","actor_via_sso":false,"log_type":"token"}', '2025-07-18 06:33:45.368045+00', ''),
	('00000000-0000-0000-0000-000000000000', 'e3657f42-1209-417a-8a27-929436ab9d3e', '{"action":"token_revoked","actor_id":"ed9af03b-5152-4508-b46a-0a7831ad5f5b","actor_username":"saitama1990@gmail.com","actor_via_sso":false,"log_type":"token"}', '2025-07-18 06:33:45.368863+00', ''),
	('00000000-0000-0000-0000-000000000000', 'cff205a0-2e2b-4e0a-8a20-78edb49f9122', '{"action":"token_refreshed","actor_id":"ed9af03b-5152-4508-b46a-0a7831ad5f5b","actor_username":"saitama1990@gmail.com","actor_via_sso":false,"log_type":"token"}', '2025-07-18 07:32:38.600822+00', ''),
	('00000000-0000-0000-0000-000000000000', 'bccfd08a-4338-4575-9002-2e27d86a2419', '{"action":"token_revoked","actor_id":"ed9af03b-5152-4508-b46a-0a7831ad5f5b","actor_username":"saitama1990@gmail.com","actor_via_sso":false,"log_type":"token"}', '2025-07-18 07:32:38.602356+00', ''),
	('00000000-0000-0000-0000-000000000000', 'cd837ddf-8136-40d0-8540-5a8a8d68d581', '{"action":"token_refreshed","actor_id":"ed9af03b-5152-4508-b46a-0a7831ad5f5b","actor_username":"saitama1990@gmail.com","actor_via_sso":false,"log_type":"token"}', '2025-07-18 08:32:09.167113+00', ''),
	('00000000-0000-0000-0000-000000000000', 'caf0984e-9449-4d83-b5ea-8dbd4ca5001c', '{"action":"token_revoked","actor_id":"ed9af03b-5152-4508-b46a-0a7831ad5f5b","actor_username":"saitama1990@gmail.com","actor_via_sso":false,"log_type":"token"}', '2025-07-18 08:32:09.168653+00', ''),
	('00000000-0000-0000-0000-000000000000', '86fedc2b-a1fe-4405-92ec-6f556d659dba', '{"action":"token_refreshed","actor_id":"ed9af03b-5152-4508-b46a-0a7831ad5f5b","actor_username":"saitama1990@gmail.com","actor_via_sso":false,"log_type":"token"}', '2025-07-18 11:32:36.565649+00', ''),
	('00000000-0000-0000-0000-000000000000', 'b9e5d082-efd8-4baa-b055-6a0c0017726e', '{"action":"token_revoked","actor_id":"ed9af03b-5152-4508-b46a-0a7831ad5f5b","actor_username":"saitama1990@gmail.com","actor_via_sso":false,"log_type":"token"}', '2025-07-18 11:32:36.56654+00', ''),
	('00000000-0000-0000-0000-000000000000', '2be49483-4605-46a2-83c8-3d58269d2779', '{"action":"token_refreshed","actor_id":"ed9af03b-5152-4508-b46a-0a7831ad5f5b","actor_username":"saitama1990@gmail.com","actor_via_sso":false,"log_type":"token"}', '2025-07-18 12:31:17.971827+00', ''),
	('00000000-0000-0000-0000-000000000000', 'a65d340e-6adc-47ca-8f43-ebc799416b78', '{"action":"token_revoked","actor_id":"ed9af03b-5152-4508-b46a-0a7831ad5f5b","actor_username":"saitama1990@gmail.com","actor_via_sso":false,"log_type":"token"}', '2025-07-18 12:31:17.97415+00', ''),
	('00000000-0000-0000-0000-000000000000', '46983225-3172-4174-bc68-18165953402f', '{"action":"token_refreshed","actor_id":"ed9af03b-5152-4508-b46a-0a7831ad5f5b","actor_username":"saitama1990@gmail.com","actor_via_sso":false,"log_type":"token"}', '2025-07-18 13:33:01.425481+00', ''),
	('00000000-0000-0000-0000-000000000000', '656a07b7-1ab7-4501-bcb2-bc41dd988252', '{"action":"token_revoked","actor_id":"ed9af03b-5152-4508-b46a-0a7831ad5f5b","actor_username":"saitama1990@gmail.com","actor_via_sso":false,"log_type":"token"}', '2025-07-18 13:33:01.42648+00', ''),
	('00000000-0000-0000-0000-000000000000', 'ffe1421d-a5b9-471b-85ae-aed31cde4899', '{"action":"token_refreshed","actor_id":"ed9af03b-5152-4508-b46a-0a7831ad5f5b","actor_username":"saitama1990@gmail.com","actor_via_sso":false,"log_type":"token"}', '2025-07-18 22:30:04.030776+00', ''),
	('00000000-0000-0000-0000-000000000000', '0a29616a-0700-4809-81e5-83cdbb94484d', '{"action":"token_revoked","actor_id":"ed9af03b-5152-4508-b46a-0a7831ad5f5b","actor_username":"saitama1990@gmail.com","actor_via_sso":false,"log_type":"token"}', '2025-07-18 22:30:04.03343+00', ''),
	('00000000-0000-0000-0000-000000000000', '15bc4f22-e4ba-4c50-8db7-7f2013ebe51c', '{"action":"token_refreshed","actor_id":"ed9af03b-5152-4508-b46a-0a7831ad5f5b","actor_username":"saitama1990@gmail.com","actor_via_sso":false,"log_type":"token"}', '2025-07-18 23:28:35.532215+00', ''),
	('00000000-0000-0000-0000-000000000000', '36765056-041b-441c-8906-ba2c30ee9550', '{"action":"token_revoked","actor_id":"ed9af03b-5152-4508-b46a-0a7831ad5f5b","actor_username":"saitama1990@gmail.com","actor_via_sso":false,"log_type":"token"}', '2025-07-18 23:28:35.53475+00', ''),
	('00000000-0000-0000-0000-000000000000', '3f290301-2226-4935-9d66-269563b64fe7', '{"action":"token_refreshed","actor_id":"1d9c822d-b8e4-4d0a-977d-fabf601faf91","actor_username":"bebopify@gmail.com","actor_via_sso":false,"log_type":"token"}', '2025-07-19 00:26:16.535837+00', ''),
	('00000000-0000-0000-0000-000000000000', '187a4dc2-bdc1-4c21-b02e-c6e88de82614', '{"action":"token_revoked","actor_id":"1d9c822d-b8e4-4d0a-977d-fabf601faf91","actor_username":"bebopify@gmail.com","actor_via_sso":false,"log_type":"token"}', '2025-07-19 00:26:16.536695+00', ''),
	('00000000-0000-0000-0000-000000000000', '1f8067ae-1652-4ca4-aafc-704057cdbbb0', '{"action":"token_refreshed","actor_id":"ed9af03b-5152-4508-b46a-0a7831ad5f5b","actor_username":"saitama1990@gmail.com","actor_via_sso":false,"log_type":"token"}', '2025-07-19 00:27:05.316887+00', ''),
	('00000000-0000-0000-0000-000000000000', '7950c197-f40c-4086-a248-779fd6497051', '{"action":"token_revoked","actor_id":"ed9af03b-5152-4508-b46a-0a7831ad5f5b","actor_username":"saitama1990@gmail.com","actor_via_sso":false,"log_type":"token"}', '2025-07-19 00:27:05.318827+00', ''),
	('00000000-0000-0000-0000-000000000000', 'bc6e06b9-d5cc-4f9d-b291-5241f1445c31', '{"action":"token_refreshed","actor_id":"fdbc3244-ae91-49a3-bf38-1e0267525eec","actor_username":"toshiotawa@me.com","actor_via_sso":false,"log_type":"token"}', '2025-07-19 00:46:13.917799+00', ''),
	('00000000-0000-0000-0000-000000000000', '88285878-6840-4d07-8bda-d52fb6008542', '{"action":"token_revoked","actor_id":"fdbc3244-ae91-49a3-bf38-1e0267525eec","actor_username":"toshiotawa@me.com","actor_via_sso":false,"log_type":"token"}', '2025-07-19 00:46:13.91863+00', ''),
	('00000000-0000-0000-0000-000000000000', 'a0e09a9e-0da2-4d80-88a9-0b7214613fa9', '{"action":"token_refreshed","actor_id":"ed9af03b-5152-4508-b46a-0a7831ad5f5b","actor_username":"saitama1990@gmail.com","actor_via_sso":false,"log_type":"token"}', '2025-07-19 01:25:16.203547+00', ''),
	('00000000-0000-0000-0000-000000000000', '3dbfa738-20de-4b0f-8f87-858d8a26d6c6', '{"action":"token_revoked","actor_id":"ed9af03b-5152-4508-b46a-0a7831ad5f5b","actor_username":"saitama1990@gmail.com","actor_via_sso":false,"log_type":"token"}', '2025-07-19 01:25:16.205693+00', ''),
	('00000000-0000-0000-0000-000000000000', '06de4464-06f3-4c3d-901f-be77a73ce0c8', '{"action":"token_refreshed","actor_id":"1d9c822d-b8e4-4d0a-977d-fabf601faf91","actor_username":"bebopify@gmail.com","actor_via_sso":false,"log_type":"token"}', '2025-07-19 01:33:45.498002+00', ''),
	('00000000-0000-0000-0000-000000000000', 'dde45ebf-d6ab-4198-86af-8f8162c279cd', '{"action":"token_revoked","actor_id":"1d9c822d-b8e4-4d0a-977d-fabf601faf91","actor_username":"bebopify@gmail.com","actor_via_sso":false,"log_type":"token"}', '2025-07-19 01:33:45.50076+00', ''),
	('00000000-0000-0000-0000-000000000000', 'aa23fb23-c3a3-4b26-95da-9f3348449b9b', '{"action":"token_refreshed","actor_id":"fdbc3244-ae91-49a3-bf38-1e0267525eec","actor_username":"toshiotawa@me.com","actor_via_sso":false,"log_type":"token"}', '2025-07-19 01:57:32.918215+00', ''),
	('00000000-0000-0000-0000-000000000000', 'cdd27fcc-3f21-4cd3-9002-be65c9e65460', '{"action":"token_revoked","actor_id":"fdbc3244-ae91-49a3-bf38-1e0267525eec","actor_username":"toshiotawa@me.com","actor_via_sso":false,"log_type":"token"}', '2025-07-19 01:57:32.920641+00', ''),
	('00000000-0000-0000-0000-000000000000', 'f302d034-7637-4d01-a626-992c8153ff6b', '{"action":"token_refreshed","actor_id":"ed9af03b-5152-4508-b46a-0a7831ad5f5b","actor_username":"saitama1990@gmail.com","actor_via_sso":false,"log_type":"token"}', '2025-07-19 02:23:51.723575+00', ''),
	('00000000-0000-0000-0000-000000000000', '395ece3d-25c1-48cf-98ec-b2f4d9afd25d', '{"action":"token_revoked","actor_id":"ed9af03b-5152-4508-b46a-0a7831ad5f5b","actor_username":"saitama1990@gmail.com","actor_via_sso":false,"log_type":"token"}', '2025-07-19 02:23:51.725219+00', ''),
	('00000000-0000-0000-0000-000000000000', '004c1c01-9177-4171-be4f-c70df9e4bab9', '{"action":"token_refreshed","actor_id":"fdbc3244-ae91-49a3-bf38-1e0267525eec","actor_username":"toshiotawa@me.com","actor_via_sso":false,"log_type":"token"}', '2025-07-19 03:18:49.441889+00', ''),
	('00000000-0000-0000-0000-000000000000', 'b8b715c5-e106-437d-ad28-9605792c5f74', '{"action":"token_revoked","actor_id":"fdbc3244-ae91-49a3-bf38-1e0267525eec","actor_username":"toshiotawa@me.com","actor_via_sso":false,"log_type":"token"}', '2025-07-19 03:18:49.443387+00', ''),
	('00000000-0000-0000-0000-000000000000', '9c86e229-fdad-48ad-9136-03fcd621ce64', '{"action":"token_refreshed","actor_id":"fdbc3244-ae91-49a3-bf38-1e0267525eec","actor_username":"toshiotawa@me.com","actor_via_sso":false,"log_type":"token"}', '2025-07-19 03:18:49.703193+00', ''),
	('00000000-0000-0000-0000-000000000000', '4f19c7dd-2dc5-4b08-a790-be4731afc549', '{"action":"token_refreshed","actor_id":"ed9af03b-5152-4508-b46a-0a7831ad5f5b","actor_username":"saitama1990@gmail.com","actor_via_sso":false,"log_type":"token"}', '2025-07-19 11:54:27.706343+00', ''),
	('00000000-0000-0000-0000-000000000000', '71a1b813-ec2b-4e22-9255-9dcb2f8d0ace', '{"action":"token_revoked","actor_id":"ed9af03b-5152-4508-b46a-0a7831ad5f5b","actor_username":"saitama1990@gmail.com","actor_via_sso":false,"log_type":"token"}', '2025-07-19 11:54:27.707325+00', ''),
	('00000000-0000-0000-0000-000000000000', '72814989-c942-4f0f-b2b9-d3ccc6f8bc9d', '{"action":"token_refreshed","actor_id":"1d9c822d-b8e4-4d0a-977d-fabf601faf91","actor_username":"bebopify@gmail.com","actor_via_sso":false,"log_type":"token"}', '2025-07-19 11:56:15.026136+00', ''),
	('00000000-0000-0000-0000-000000000000', '927815ae-e6c0-4bdb-b288-185b82d5727f', '{"action":"token_revoked","actor_id":"1d9c822d-b8e4-4d0a-977d-fabf601faf91","actor_username":"bebopify@gmail.com","actor_via_sso":false,"log_type":"token"}', '2025-07-19 11:56:15.027342+00', ''),
	('00000000-0000-0000-0000-000000000000', '95203489-d1f8-422e-a54c-7a4b9f7fa1ed', '{"action":"token_refreshed","actor_id":"ed9af03b-5152-4508-b46a-0a7831ad5f5b","actor_username":"saitama1990@gmail.com","actor_via_sso":false,"log_type":"token"}', '2025-07-19 12:53:07.875002+00', ''),
	('00000000-0000-0000-0000-000000000000', 'd21feae6-96fc-44db-97df-45b8ecbfeb1f', '{"action":"token_revoked","actor_id":"ed9af03b-5152-4508-b46a-0a7831ad5f5b","actor_username":"saitama1990@gmail.com","actor_via_sso":false,"log_type":"token"}', '2025-07-19 12:53:07.877246+00', ''),
	('00000000-0000-0000-0000-000000000000', 'cfe78ec6-a3e2-4041-b3a9-14960d23666b', '{"action":"token_refreshed","actor_id":"1d9c822d-b8e4-4d0a-977d-fabf601faf91","actor_username":"bebopify@gmail.com","actor_via_sso":false,"log_type":"token"}', '2025-07-19 13:03:32.834458+00', ''),
	('00000000-0000-0000-0000-000000000000', 'f2276566-3105-49f3-be59-c0d064fafa66', '{"action":"token_revoked","actor_id":"1d9c822d-b8e4-4d0a-977d-fabf601faf91","actor_username":"bebopify@gmail.com","actor_via_sso":false,"log_type":"token"}', '2025-07-19 13:03:32.836128+00', ''),
	('00000000-0000-0000-0000-000000000000', '52fa07e1-6957-4ec7-a849-b9126b845f62', '{"action":"token_refreshed","actor_id":"ed9af03b-5152-4508-b46a-0a7831ad5f5b","actor_username":"saitama1990@gmail.com","actor_via_sso":false,"log_type":"token"}', '2025-07-19 13:51:52.896434+00', ''),
	('00000000-0000-0000-0000-000000000000', '27787811-1005-4dc4-8c75-fd5a00e60dc4', '{"action":"token_revoked","actor_id":"ed9af03b-5152-4508-b46a-0a7831ad5f5b","actor_username":"saitama1990@gmail.com","actor_via_sso":false,"log_type":"token"}', '2025-07-19 13:51:52.898785+00', ''),
	('00000000-0000-0000-0000-000000000000', '1e3ca043-bcb1-4bd3-ae4c-0c98c040fe82', '{"action":"token_refreshed","actor_id":"1d9c822d-b8e4-4d0a-977d-fabf601faf91","actor_username":"bebopify@gmail.com","actor_via_sso":false,"log_type":"token"}', '2025-07-19 14:35:07.451906+00', ''),
	('00000000-0000-0000-0000-000000000000', '6a20cd1b-bed3-4af9-aa6d-4e516a6e79de', '{"action":"token_revoked","actor_id":"1d9c822d-b8e4-4d0a-977d-fabf601faf91","actor_username":"bebopify@gmail.com","actor_via_sso":false,"log_type":"token"}', '2025-07-19 14:35:07.453616+00', ''),
	('00000000-0000-0000-0000-000000000000', 'c9e7cae2-1dc6-46a6-988d-ea3267ee8a1b', '{"action":"token_refreshed","actor_id":"ed9af03b-5152-4508-b46a-0a7831ad5f5b","actor_username":"saitama1990@gmail.com","actor_via_sso":false,"log_type":"token"}', '2025-07-19 14:50:27.751603+00', ''),
	('00000000-0000-0000-0000-000000000000', '1ec2dc3a-19ee-407c-b450-dee4a87ff342', '{"action":"token_revoked","actor_id":"ed9af03b-5152-4508-b46a-0a7831ad5f5b","actor_username":"saitama1990@gmail.com","actor_via_sso":false,"log_type":"token"}', '2025-07-19 14:50:27.75364+00', ''),
	('00000000-0000-0000-0000-000000000000', '8d780b90-5b69-4125-983f-3c06ee11a550', '{"action":"token_refreshed","actor_id":"ed9af03b-5152-4508-b46a-0a7831ad5f5b","actor_username":"saitama1990@gmail.com","actor_via_sso":false,"log_type":"token"}', '2025-07-19 22:53:13.125007+00', ''),
	('00000000-0000-0000-0000-000000000000', 'c38e111e-d5ca-4fcc-bcad-534cfc5d919d', '{"action":"token_revoked","actor_id":"ed9af03b-5152-4508-b46a-0a7831ad5f5b","actor_username":"saitama1990@gmail.com","actor_via_sso":false,"log_type":"token"}', '2025-07-19 22:53:13.126673+00', ''),
	('00000000-0000-0000-0000-000000000000', '2dcd2765-fbfa-4d8e-870a-b3664ad08a93', '{"action":"token_refreshed","actor_id":"ed9af03b-5152-4508-b46a-0a7831ad5f5b","actor_username":"saitama1990@gmail.com","actor_via_sso":false,"log_type":"token"}', '2025-07-19 23:51:44.343505+00', ''),
	('00000000-0000-0000-0000-000000000000', '054de9af-3c08-4e1b-a10e-778d7b010f43', '{"action":"token_revoked","actor_id":"ed9af03b-5152-4508-b46a-0a7831ad5f5b","actor_username":"saitama1990@gmail.com","actor_via_sso":false,"log_type":"token"}', '2025-07-19 23:51:44.345662+00', ''),
	('00000000-0000-0000-0000-000000000000', 'd9496870-6ecc-4a91-bf9c-194a5e2b8bda', '{"action":"token_refreshed","actor_id":"1d9c822d-b8e4-4d0a-977d-fabf601faf91","actor_username":"bebopify@gmail.com","actor_via_sso":false,"log_type":"token"}', '2025-07-20 00:33:39.369216+00', ''),
	('00000000-0000-0000-0000-000000000000', '88942c0a-154f-4b92-83ae-23b90d3f64be', '{"action":"token_revoked","actor_id":"1d9c822d-b8e4-4d0a-977d-fabf601faf91","actor_username":"bebopify@gmail.com","actor_via_sso":false,"log_type":"token"}', '2025-07-20 00:33:39.370118+00', ''),
	('00000000-0000-0000-0000-000000000000', '473de978-80ef-4a2d-beae-b41529453808', '{"action":"token_refreshed","actor_id":"ed9af03b-5152-4508-b46a-0a7831ad5f5b","actor_username":"saitama1990@gmail.com","actor_via_sso":false,"log_type":"token"}', '2025-07-20 00:50:14.173394+00', ''),
	('00000000-0000-0000-0000-000000000000', '31b8606c-2785-4b2b-8bce-668b46509294', '{"action":"token_revoked","actor_id":"ed9af03b-5152-4508-b46a-0a7831ad5f5b","actor_username":"saitama1990@gmail.com","actor_via_sso":false,"log_type":"token"}', '2025-07-20 00:50:14.175115+00', ''),
	('00000000-0000-0000-0000-000000000000', '23c52735-307a-4b52-aec9-48217c2d5b56', '{"action":"token_refreshed","actor_id":"ed9af03b-5152-4508-b46a-0a7831ad5f5b","actor_username":"saitama1990@gmail.com","actor_via_sso":false,"log_type":"token"}', '2025-07-20 01:49:23.588003+00', ''),
	('00000000-0000-0000-0000-000000000000', '16bf5141-69f7-4c4f-b377-ea05be5d9fc5', '{"action":"token_revoked","actor_id":"ed9af03b-5152-4508-b46a-0a7831ad5f5b","actor_username":"saitama1990@gmail.com","actor_via_sso":false,"log_type":"token"}', '2025-07-20 01:49:23.588879+00', ''),
	('00000000-0000-0000-0000-000000000000', '969b851e-3128-4b22-a8cc-c6354ec1a623', '{"action":"token_refreshed","actor_id":"1d9c822d-b8e4-4d0a-977d-fabf601faf91","actor_username":"bebopify@gmail.com","actor_via_sso":false,"log_type":"token"}', '2025-07-20 01:58:35.189945+00', ''),
	('00000000-0000-0000-0000-000000000000', '4e6cf81d-ecba-451e-a7e2-378e70569462', '{"action":"token_revoked","actor_id":"1d9c822d-b8e4-4d0a-977d-fabf601faf91","actor_username":"bebopify@gmail.com","actor_via_sso":false,"log_type":"token"}', '2025-07-20 01:58:35.190818+00', ''),
	('00000000-0000-0000-0000-000000000000', 'f0ad57ab-d35b-44ab-817f-80f4b4096640', '{"action":"token_refreshed","actor_id":"ed9af03b-5152-4508-b46a-0a7831ad5f5b","actor_username":"saitama1990@gmail.com","actor_via_sso":false,"log_type":"token"}', '2025-07-20 02:48:12.584457+00', ''),
	('00000000-0000-0000-0000-000000000000', '4a9e0870-6619-43b3-96b8-65fa591e5fbe', '{"action":"token_revoked","actor_id":"ed9af03b-5152-4508-b46a-0a7831ad5f5b","actor_username":"saitama1990@gmail.com","actor_via_sso":false,"log_type":"token"}', '2025-07-20 02:48:12.586141+00', ''),
	('00000000-0000-0000-0000-000000000000', '6667886b-3760-4922-89b5-dfbb108aa262', '{"action":"token_refreshed","actor_id":"1d9c822d-b8e4-4d0a-977d-fabf601faf91","actor_username":"bebopify@gmail.com","actor_via_sso":false,"log_type":"token"}', '2025-07-20 03:36:05.454783+00', ''),
	('00000000-0000-0000-0000-000000000000', 'f318a189-3f52-4efe-82ad-2d3dcc2d7f24', '{"action":"token_revoked","actor_id":"1d9c822d-b8e4-4d0a-977d-fabf601faf91","actor_username":"bebopify@gmail.com","actor_via_sso":false,"log_type":"token"}', '2025-07-20 03:36:05.456459+00', ''),
	('00000000-0000-0000-0000-000000000000', 'dace884f-f1a8-4686-90da-44b34a3e13ed', '{"action":"token_refreshed","actor_id":"ed9af03b-5152-4508-b46a-0a7831ad5f5b","actor_username":"saitama1990@gmail.com","actor_via_sso":false,"log_type":"token"}', '2025-07-20 03:46:25.607935+00', ''),
	('00000000-0000-0000-0000-000000000000', 'db9c6298-fc49-463a-966c-bf2501c24c6e', '{"action":"token_revoked","actor_id":"ed9af03b-5152-4508-b46a-0a7831ad5f5b","actor_username":"saitama1990@gmail.com","actor_via_sso":false,"log_type":"token"}', '2025-07-20 03:46:25.608867+00', ''),
	('00000000-0000-0000-0000-000000000000', 'a050ef70-2f46-4b54-9cce-30d6eba98f71', '{"action":"token_refreshed","actor_id":"ed9af03b-5152-4508-b46a-0a7831ad5f5b","actor_username":"saitama1990@gmail.com","actor_via_sso":false,"log_type":"token"}', '2025-07-20 04:44:59.464017+00', ''),
	('00000000-0000-0000-0000-000000000000', '05d691cd-b582-4ed9-9ba7-ab256c4aa096', '{"action":"token_revoked","actor_id":"ed9af03b-5152-4508-b46a-0a7831ad5f5b","actor_username":"saitama1990@gmail.com","actor_via_sso":false,"log_type":"token"}', '2025-07-20 04:44:59.465702+00', ''),
	('00000000-0000-0000-0000-000000000000', '61ec8cbc-e200-4101-98d1-1872c47e51be', '{"action":"token_refreshed","actor_id":"ed9af03b-5152-4508-b46a-0a7831ad5f5b","actor_username":"saitama1990@gmail.com","actor_via_sso":false,"log_type":"token"}', '2025-07-20 05:44:18.956817+00', ''),
	('00000000-0000-0000-0000-000000000000', '82f671f0-1502-4bb7-be05-0bf184effc69', '{"action":"token_revoked","actor_id":"ed9af03b-5152-4508-b46a-0a7831ad5f5b","actor_username":"saitama1990@gmail.com","actor_via_sso":false,"log_type":"token"}', '2025-07-20 05:44:18.957653+00', ''),
	('00000000-0000-0000-0000-000000000000', 'c275b15d-f72b-4a92-98f3-c9878ac77855', '{"action":"token_refreshed","actor_id":"ed9af03b-5152-4508-b46a-0a7831ad5f5b","actor_username":"saitama1990@gmail.com","actor_via_sso":false,"log_type":"token"}', '2025-07-20 05:44:19.056091+00', ''),
	('00000000-0000-0000-0000-000000000000', '1156ad29-6578-419c-a71a-5460a8c4407b', '{"action":"token_refreshed","actor_id":"ed9af03b-5152-4508-b46a-0a7831ad5f5b","actor_username":"saitama1990@gmail.com","actor_via_sso":false,"log_type":"token"}', '2025-07-20 06:42:49.292656+00', ''),
	('00000000-0000-0000-0000-000000000000', '2febead4-54f0-4afa-8400-f29ce0da4407', '{"action":"token_revoked","actor_id":"ed9af03b-5152-4508-b46a-0a7831ad5f5b","actor_username":"saitama1990@gmail.com","actor_via_sso":false,"log_type":"token"}', '2025-07-20 06:42:49.294385+00', ''),
	('00000000-0000-0000-0000-000000000000', '908d20b0-e0e5-4f24-b7bb-6ed5762dd63f', '{"action":"token_refreshed","actor_id":"ed9af03b-5152-4508-b46a-0a7831ad5f5b","actor_username":"saitama1990@gmail.com","actor_via_sso":false,"log_type":"token"}', '2025-07-20 07:41:18.853119+00', ''),
	('00000000-0000-0000-0000-000000000000', 'bf7540a6-78b2-4a21-b560-b6289336dd09', '{"action":"token_revoked","actor_id":"ed9af03b-5152-4508-b46a-0a7831ad5f5b","actor_username":"saitama1990@gmail.com","actor_via_sso":false,"log_type":"token"}', '2025-07-20 07:41:18.854808+00', ''),
	('00000000-0000-0000-0000-000000000000', '84337d90-220a-46e4-9261-6b25709d5479', '{"action":"token_refreshed","actor_id":"ed9af03b-5152-4508-b46a-0a7831ad5f5b","actor_username":"saitama1990@gmail.com","actor_via_sso":false,"log_type":"token"}', '2025-07-20 08:39:48.820131+00', ''),
	('00000000-0000-0000-0000-000000000000', '51dc9482-a594-44bc-bb07-032b8347ec08', '{"action":"token_revoked","actor_id":"ed9af03b-5152-4508-b46a-0a7831ad5f5b","actor_username":"saitama1990@gmail.com","actor_via_sso":false,"log_type":"token"}', '2025-07-20 08:39:48.821678+00', ''),
	('00000000-0000-0000-0000-000000000000', 'bd9bd7dc-71c4-4eb0-800e-859889ba8368', '{"action":"token_refreshed","actor_id":"1d9c822d-b8e4-4d0a-977d-fabf601faf91","actor_username":"bebopify@gmail.com","actor_via_sso":false,"log_type":"token"}', '2025-07-20 09:17:49.80041+00', ''),
	('00000000-0000-0000-0000-000000000000', 'b5f54c18-2acc-4454-b715-6217fdbe68c1', '{"action":"token_revoked","actor_id":"1d9c822d-b8e4-4d0a-977d-fabf601faf91","actor_username":"bebopify@gmail.com","actor_via_sso":false,"log_type":"token"}', '2025-07-20 09:17:49.801262+00', ''),
	('00000000-0000-0000-0000-000000000000', '78f26c1e-0293-4d46-ab59-6046d3839b16', '{"action":"token_refreshed","actor_id":"ed9af03b-5152-4508-b46a-0a7831ad5f5b","actor_username":"saitama1990@gmail.com","actor_via_sso":false,"log_type":"token"}', '2025-07-20 09:38:18.705772+00', ''),
	('00000000-0000-0000-0000-000000000000', '5ab358b0-205e-4dc1-b1c4-ba1f365915a4', '{"action":"token_revoked","actor_id":"ed9af03b-5152-4508-b46a-0a7831ad5f5b","actor_username":"saitama1990@gmail.com","actor_via_sso":false,"log_type":"token"}', '2025-07-20 09:38:18.707981+00', ''),
	('00000000-0000-0000-0000-000000000000', '2fcaf05e-b039-47aa-b1bf-697ea14ffb43', '{"action":"token_refreshed","actor_id":"1d9c822d-b8e4-4d0a-977d-fabf601faf91","actor_username":"bebopify@gmail.com","actor_via_sso":false,"log_type":"token"}', '2025-07-20 10:16:18.477153+00', ''),
	('00000000-0000-0000-0000-000000000000', '983bca86-7b7c-40e5-a22a-1c60eacf1045', '{"action":"token_revoked","actor_id":"1d9c822d-b8e4-4d0a-977d-fabf601faf91","actor_username":"bebopify@gmail.com","actor_via_sso":false,"log_type":"token"}', '2025-07-20 10:16:18.478126+00', ''),
	('00000000-0000-0000-0000-000000000000', '7fbb2e9f-132c-4708-9743-2cd3641c9867', '{"action":"token_refreshed","actor_id":"ed9af03b-5152-4508-b46a-0a7831ad5f5b","actor_username":"saitama1990@gmail.com","actor_via_sso":false,"log_type":"token"}', '2025-07-20 10:36:59.040041+00', ''),
	('00000000-0000-0000-0000-000000000000', 'c8f27309-1dc9-4f93-8364-e2194c1f7179', '{"action":"token_revoked","actor_id":"ed9af03b-5152-4508-b46a-0a7831ad5f5b","actor_username":"saitama1990@gmail.com","actor_via_sso":false,"log_type":"token"}', '2025-07-20 10:36:59.040962+00', ''),
	('00000000-0000-0000-0000-000000000000', '4f32375a-6152-4add-9972-79a73de19ec3', '{"action":"token_refreshed","actor_id":"ed9af03b-5152-4508-b46a-0a7831ad5f5b","actor_username":"saitama1990@gmail.com","actor_via_sso":false,"log_type":"token"}', '2025-07-20 11:35:33.583771+00', ''),
	('00000000-0000-0000-0000-000000000000', '043187e7-850e-4fb6-9cbf-bed4f438ca00', '{"action":"token_revoked","actor_id":"ed9af03b-5152-4508-b46a-0a7831ad5f5b","actor_username":"saitama1990@gmail.com","actor_via_sso":false,"log_type":"token"}', '2025-07-20 11:35:33.585387+00', ''),
	('00000000-0000-0000-0000-000000000000', 'a5160637-a834-4770-b684-b0759b22092a', '{"action":"token_refreshed","actor_id":"1d9c822d-b8e4-4d0a-977d-fabf601faf91","actor_username":"bebopify@gmail.com","actor_via_sso":false,"log_type":"token"}', '2025-07-20 12:09:08.509563+00', ''),
	('00000000-0000-0000-0000-000000000000', '6948d83d-4e7e-48af-bf8a-aa44cc576a92', '{"action":"token_revoked","actor_id":"1d9c822d-b8e4-4d0a-977d-fabf601faf91","actor_username":"bebopify@gmail.com","actor_via_sso":false,"log_type":"token"}', '2025-07-20 12:09:08.510467+00', ''),
	('00000000-0000-0000-0000-000000000000', '79b82f7b-bdf3-421b-9a9d-5eff8f5940cf', '{"action":"token_refreshed","actor_id":"ed9af03b-5152-4508-b46a-0a7831ad5f5b","actor_username":"saitama1990@gmail.com","actor_via_sso":false,"log_type":"token"}', '2025-07-20 12:34:08.935799+00', ''),
	('00000000-0000-0000-0000-000000000000', '8e27b6f4-fa46-4a8e-87a0-fb3fa5e63da7', '{"action":"token_revoked","actor_id":"ed9af03b-5152-4508-b46a-0a7831ad5f5b","actor_username":"saitama1990@gmail.com","actor_via_sso":false,"log_type":"token"}', '2025-07-20 12:34:08.936606+00', ''),
	('00000000-0000-0000-0000-000000000000', '1e74506e-7c9f-47a0-933d-585e86d98d0f', '{"action":"token_refreshed","actor_id":"1d9c822d-b8e4-4d0a-977d-fabf601faf91","actor_username":"bebopify@gmail.com","actor_via_sso":false,"log_type":"token"}', '2025-07-20 13:22:52.30485+00', ''),
	('00000000-0000-0000-0000-000000000000', '459b5896-597a-4dda-a89c-9c024f9758a8', '{"action":"token_revoked","actor_id":"1d9c822d-b8e4-4d0a-977d-fabf601faf91","actor_username":"bebopify@gmail.com","actor_via_sso":false,"log_type":"token"}', '2025-07-20 13:22:52.305693+00', ''),
	('00000000-0000-0000-0000-000000000000', '264b4a92-0890-415b-82a0-97ab2fe27715', '{"action":"token_refreshed","actor_id":"ed9af03b-5152-4508-b46a-0a7831ad5f5b","actor_username":"saitama1990@gmail.com","actor_via_sso":false,"log_type":"token"}', '2025-07-20 13:32:43.451591+00', ''),
	('00000000-0000-0000-0000-000000000000', 'f418246e-01ed-48e6-84ce-e548289810bb', '{"action":"token_revoked","actor_id":"ed9af03b-5152-4508-b46a-0a7831ad5f5b","actor_username":"saitama1990@gmail.com","actor_via_sso":false,"log_type":"token"}', '2025-07-20 13:32:43.452469+00', ''),
	('00000000-0000-0000-0000-000000000000', '4b46c9cf-d47c-4f25-b9c3-e4699275685f', '{"action":"token_refreshed","actor_id":"ed9af03b-5152-4508-b46a-0a7831ad5f5b","actor_username":"saitama1990@gmail.com","actor_via_sso":false,"log_type":"token"}', '2025-07-20 14:31:18.813417+00', ''),
	('00000000-0000-0000-0000-000000000000', '20cc92b4-4304-4b85-b4d7-9303d73d963d', '{"action":"token_revoked","actor_id":"ed9af03b-5152-4508-b46a-0a7831ad5f5b","actor_username":"saitama1990@gmail.com","actor_via_sso":false,"log_type":"token"}', '2025-07-20 14:31:18.814929+00', ''),
	('00000000-0000-0000-0000-000000000000', '4ad4e977-d06d-40f0-84d1-613f022aa1bb', '{"action":"token_refreshed","actor_id":"ed9af03b-5152-4508-b46a-0a7831ad5f5b","actor_username":"saitama1990@gmail.com","actor_via_sso":false,"log_type":"token"}', '2025-07-20 15:29:21.165042+00', ''),
	('00000000-0000-0000-0000-000000000000', '6de86e46-3726-485c-8414-6f1099eecc60', '{"action":"token_revoked","actor_id":"ed9af03b-5152-4508-b46a-0a7831ad5f5b","actor_username":"saitama1990@gmail.com","actor_via_sso":false,"log_type":"token"}', '2025-07-20 15:29:21.165906+00', ''),
	('00000000-0000-0000-0000-000000000000', '558cda24-dc82-4f48-bc89-0fe3e0155a43', '{"action":"user_recovery_requested","actor_id":"ed9af03b-5152-4508-b46a-0a7831ad5f5b","actor_username":"saitama1990@gmail.com","actor_via_sso":false,"log_type":"user"}', '2025-07-21 05:52:28.880959+00', ''),
	('00000000-0000-0000-0000-000000000000', '10c4c9fa-bfe1-4518-b680-d56beca57973', '{"action":"user_recovery_requested","actor_id":"ed9af03b-5152-4508-b46a-0a7831ad5f5b","actor_username":"saitama1990@gmail.com","actor_via_sso":false,"log_type":"user"}', '2025-07-21 06:04:27.162239+00', ''),
	('00000000-0000-0000-0000-000000000000', '6936cad6-a090-45eb-9bbf-5116cf83b467', '{"action":"user_recovery_requested","actor_id":"ed9af03b-5152-4508-b46a-0a7831ad5f5b","actor_username":"saitama1990@gmail.com","actor_via_sso":false,"log_type":"user"}', '2025-07-21 06:11:06.788262+00', ''),
	('00000000-0000-0000-0000-000000000000', '6255e0f1-8947-4f5d-a1b1-1f7a9e731560', '{"action":"login","actor_id":"ed9af03b-5152-4508-b46a-0a7831ad5f5b","actor_username":"saitama1990@gmail.com","actor_via_sso":false,"log_type":"account"}', '2025-07-21 06:11:16.005885+00', ''),
	('00000000-0000-0000-0000-000000000000', 'a3cce70a-86d1-4923-8ee4-a77c8ab5bc87', '{"action":"user_recovery_requested","actor_id":"ed9af03b-5152-4508-b46a-0a7831ad5f5b","actor_username":"saitama1990@gmail.com","actor_via_sso":false,"log_type":"user"}', '2025-07-21 06:17:36.341937+00', ''),
	('00000000-0000-0000-0000-000000000000', 'a48514bb-08ad-4f9b-b894-63fa8a7a5546', '{"action":"login","actor_id":"ed9af03b-5152-4508-b46a-0a7831ad5f5b","actor_username":"saitama1990@gmail.com","actor_via_sso":false,"log_type":"account"}', '2025-07-21 06:17:45.310959+00', '');


--
-- Data for Name: flow_state; Type: TABLE DATA; Schema: auth; Owner: supabase_auth_admin
--



--
-- Data for Name: users; Type: TABLE DATA; Schema: auth; Owner: supabase_auth_admin
--

INSERT INTO "auth"."users" ("instance_id", "id", "aud", "role", "email", "encrypted_password", "email_confirmed_at", "invited_at", "confirmation_token", "confirmation_sent_at", "recovery_token", "recovery_sent_at", "email_change_token_new", "email_change", "email_change_sent_at", "last_sign_in_at", "raw_app_meta_data", "raw_user_meta_data", "is_super_admin", "created_at", "updated_at", "phone", "phone_confirmed_at", "phone_change", "phone_change_token", "phone_change_sent_at", "email_change_token_current", "email_change_confirm_status", "banned_until", "reauthentication_token", "reauthentication_sent_at", "is_sso_user", "deleted_at", "is_anonymous") VALUES
	('00000000-0000-0000-0000-000000000000', '3c11891a-5866-48a7-ad38-830a9421b31c', 'authenticated', 'authenticated', 'toshio1990@gmail.com', '$2a$10$x72GKcdCcBmbR.dh6x7MpeEcuOwhKx4si.6Y0zgCS/Hf7kurcof2e', NULL, NULL, 'f33bf98054f68db776eba2a4cb8fa6f6b53aa87ba8a857df316afea3', '2025-07-16 08:21:41.090123+00', '', NULL, '', '', NULL, NULL, '{"provider": "email", "providers": ["email"]}', '{"sub": "3c11891a-5866-48a7-ad38-830a9421b31c", "email": "toshio1990@gmail.com", "email_verified": false, "phone_verified": false}', NULL, '2025-07-15 13:03:36.00734+00', '2025-07-16 08:21:42.50918+00', NULL, NULL, '', '', NULL, '', 0, NULL, '', NULL, false, NULL, false),
	('00000000-0000-0000-0000-000000000000', '480d4035-6fba-44ef-9006-ee23a6199494', 'authenticated', 'authenticated', 'toshiotawa@me.co', '$2a$10$fO4YNPBkN5bAzHVtuU7dauWfCI4/6zj4oWcYDGEjpzji117dDwOHG', NULL, NULL, '8b075b836b55998b051c4881eaaeff49fb574e4a01d116db9c287d15', '2025-07-15 15:25:54.368822+00', '', NULL, '', '', NULL, NULL, '{"provider": "email", "providers": ["email"]}', '{"sub": "480d4035-6fba-44ef-9006-ee23a6199494", "email": "toshiotawa@me.co", "email_verified": false, "phone_verified": false}', NULL, '2025-07-15 15:25:54.359138+00', '2025-07-15 15:25:55.80931+00', NULL, NULL, '', '', NULL, '', 0, NULL, '', NULL, false, NULL, false),
	('00000000-0000-0000-0000-000000000000', 'fdbc3244-ae91-49a3-bf38-1e0267525eec', 'authenticated', 'authenticated', 'toshiotawa@me.com', '$2a$10$of9dcoSC/PThEiqqHYvDr.fdDJQc3W6HX8MBOWLbmUb8qIV7kChQW', '2025-07-15 15:35:32.655885+00', NULL, '', '2025-07-15 15:34:47.503486+00', '', NULL, '', '', NULL, '2025-07-15 15:35:32.659579+00', '{"provider": "email", "providers": ["email"]}', '{"sub": "fdbc3244-ae91-49a3-bf38-1e0267525eec", "email": "toshiotawa@me.com", "email_verified": true, "phone_verified": false}', NULL, '2025-07-15 15:34:47.497464+00', '2025-07-19 03:18:49.446926+00', NULL, NULL, '', '', NULL, '', 0, NULL, '', NULL, false, NULL, false),
	('00000000-0000-0000-0000-000000000000', '1d9c822d-b8e4-4d0a-977d-fabf601faf91', 'authenticated', 'authenticated', 'bebopify@gmail.com', '$2a$10$JAy1a0oOx2X6aTWDpjN.zuuN6a0lbunvQPgtgjzHmoFp2/v9sqj.i', '2025-07-08 19:10:41.136935+00', NULL, '', '2025-07-08 19:10:27.423625+00', '', '2025-07-11 00:25:33.737926+00', '', '', NULL, '2025-07-11 00:25:48.403099+00', '{"provider": "email", "providers": ["email"]}', '{"sub": "1d9c822d-b8e4-4d0a-977d-fabf601faf91", "email": "bebopify@gmail.com", "email_verified": true, "phone_verified": false}', NULL, '2025-07-08 19:10:27.416252+00', '2025-07-20 13:22:52.308+00', NULL, NULL, '', '', NULL, '', 0, NULL, '', NULL, false, NULL, false),
	('00000000-0000-0000-0000-000000000000', 'ed9af03b-5152-4508-b46a-0a7831ad5f5b', 'authenticated', 'authenticated', 'saitama1990@gmail.com', '$2a$10$qCz5Zz17jQjCcv1NkrwNjuJ54uW6TBxsmCAL6yc8XpxMXHfAaDsGe', '2025-07-08 07:49:11.470049+00', NULL, '', '2025-07-08 07:48:59.974999+00', '', '2025-07-21 06:17:36.34278+00', '', '', NULL, '2025-07-21 06:17:45.313453+00', '{"provider": "email", "providers": ["email"]}', '{"sub": "ed9af03b-5152-4508-b46a-0a7831ad5f5b", "email": "saitama1990@gmail.com", "email_verified": true, "phone_verified": false}', NULL, '2025-07-08 07:48:59.958224+00', '2025-07-21 06:17:45.316218+00', NULL, NULL, '', '', NULL, '', 0, NULL, '', NULL, false, NULL, false);


--
-- Data for Name: identities; Type: TABLE DATA; Schema: auth; Owner: supabase_auth_admin
--

INSERT INTO "auth"."identities" ("provider_id", "user_id", "identity_data", "provider", "last_sign_in_at", "created_at", "updated_at", "id") VALUES
	('ed9af03b-5152-4508-b46a-0a7831ad5f5b', 'ed9af03b-5152-4508-b46a-0a7831ad5f5b', '{"sub": "ed9af03b-5152-4508-b46a-0a7831ad5f5b", "email": "saitama1990@gmail.com", "email_verified": true, "phone_verified": false}', 'email', '2025-07-08 07:48:59.97034+00', '2025-07-08 07:48:59.970395+00', '2025-07-08 07:48:59.970395+00', '1c948f80-b200-4a22-825c-d7c4180c2a6b'),
	('1d9c822d-b8e4-4d0a-977d-fabf601faf91', '1d9c822d-b8e4-4d0a-977d-fabf601faf91', '{"sub": "1d9c822d-b8e4-4d0a-977d-fabf601faf91", "email": "bebopify@gmail.com", "email_verified": true, "phone_verified": false}', 'email', '2025-07-08 19:10:27.420721+00', '2025-07-08 19:10:27.420771+00', '2025-07-08 19:10:27.420771+00', '2533c56e-9fc2-488e-ba5f-408029b7ea9e'),
	('3c11891a-5866-48a7-ad38-830a9421b31c', '3c11891a-5866-48a7-ad38-830a9421b31c', '{"sub": "3c11891a-5866-48a7-ad38-830a9421b31c", "email": "toshio1990@gmail.com", "email_verified": false, "phone_verified": false}', 'email', '2025-07-15 13:03:36.020455+00', '2025-07-15 13:03:36.020515+00', '2025-07-15 13:03:36.020515+00', '72ae181a-0b50-41d8-b8a0-25f7e8a4c89f'),
	('480d4035-6fba-44ef-9006-ee23a6199494', '480d4035-6fba-44ef-9006-ee23a6199494', '{"sub": "480d4035-6fba-44ef-9006-ee23a6199494", "email": "toshiotawa@me.co", "email_verified": false, "phone_verified": false}', 'email', '2025-07-15 15:25:54.364892+00', '2025-07-15 15:25:54.364939+00', '2025-07-15 15:25:54.364939+00', '61ea0222-f95d-431e-9634-ea0eeebace36'),
	('fdbc3244-ae91-49a3-bf38-1e0267525eec', 'fdbc3244-ae91-49a3-bf38-1e0267525eec', '{"sub": "fdbc3244-ae91-49a3-bf38-1e0267525eec", "email": "toshiotawa@me.com", "email_verified": true, "phone_verified": false}', 'email', '2025-07-15 15:34:47.49991+00', '2025-07-15 15:34:47.499965+00', '2025-07-15 15:34:47.499965+00', '95853060-988b-481a-9155-ed4f01b1604d');


--
-- Data for Name: instances; Type: TABLE DATA; Schema: auth; Owner: supabase_auth_admin
--



--
-- Data for Name: sessions; Type: TABLE DATA; Schema: auth; Owner: supabase_auth_admin
--

INSERT INTO "auth"."sessions" ("id", "user_id", "created_at", "updated_at", "factor_id", "aal", "not_after", "refreshed_at", "user_agent", "ip", "tag") VALUES
	('1e38f632-04d4-4e93-9bfa-a65c97fb6cd8', '1d9c822d-b8e4-4d0a-977d-fabf601faf91', '2025-07-11 00:25:48.403681+00', '2025-07-20 13:22:52.309294+00', NULL, 'aal1', NULL, '2025-07-20 13:22:52.309218', 'Mozilla/5.0 (Windows NT 10.0; Win64; x64) AppleWebKit/537.36 (KHTML, like Gecko) Chrome/138.0.0.0 Safari/537.36', '113.36.104.196', NULL),
	('9d8aa1cf-06a5-48cb-805d-a1d04aecc488', 'fdbc3244-ae91-49a3-bf38-1e0267525eec', '2025-07-15 15:35:32.659652+00', '2025-07-19 03:18:49.704399+00', NULL, 'aal1', NULL, '2025-07-19 03:18:49.704329', 'Mozilla/5.0 (iPhone; CPU iPhone OS 17_7 like Mac OS X) AppleWebKit/605.1.15 (KHTML, like Gecko) Version/17.7 Mobile/15E148 Safari/604.1', '126.157.226.205', NULL),
	('258e3303-35d0-425e-9ec9-a318b6a1001a', 'ed9af03b-5152-4508-b46a-0a7831ad5f5b', '2025-07-17 17:16:25.39834+00', '2025-07-20 15:29:21.170994+00', NULL, 'aal1', NULL, '2025-07-20 15:29:21.170916', 'Mozilla/5.0 (Windows NT 10.0; Win64; x64) AppleWebKit/537.36 (KHTML, like Gecko) Chrome/138.0.0.0 Safari/537.36', '113.36.104.196', NULL),
	('828635bf-12ee-4ad8-8d99-71e5c5db245a', '1d9c822d-b8e4-4d0a-977d-fabf601faf91', '2025-07-08 19:10:41.141519+00', '2025-07-08 19:10:41.141519+00', NULL, 'aal1', NULL, NULL, 'Mozilla/5.0 (Windows NT 10.0; Win64; x64) AppleWebKit/537.36 (KHTML, like Gecko) Chrome/138.0.0.0 Safari/537.36', '113.36.104.196', NULL),
	('ae9a9b30-359e-4d97-b446-52d5fd8ac14d', '1d9c822d-b8e4-4d0a-977d-fabf601faf91', '2025-07-08 19:12:27.210638+00', '2025-07-08 19:12:27.210638+00', NULL, 'aal1', NULL, NULL, 'Mozilla/5.0 (Windows NT 10.0; Win64; x64) AppleWebKit/537.36 (KHTML, like Gecko) Chrome/138.0.0.0 Safari/537.36', '113.36.104.196', NULL),
	('f3706016-9cb3-4891-99f2-b54ab00c3a78', '1d9c822d-b8e4-4d0a-977d-fabf601faf91', '2025-07-08 19:35:43.344689+00', '2025-07-08 19:35:43.344689+00', NULL, 'aal1', NULL, NULL, 'Mozilla/5.0 (Windows NT 10.0; Win64; x64) AppleWebKit/537.36 (KHTML, like Gecko) Chrome/138.0.0.0 Safari/537.36', '113.36.104.196', NULL),
	('94035fda-a50b-43b8-b428-150c0ef469df', '1d9c822d-b8e4-4d0a-977d-fabf601faf91', '2025-07-08 19:42:57.962178+00', '2025-07-08 19:42:57.962178+00', NULL, 'aal1', NULL, NULL, 'Mozilla/5.0 (Windows NT 10.0; Win64; x64) AppleWebKit/537.36 (KHTML, like Gecko) Chrome/138.0.0.0 Safari/537.36', '113.36.104.196', NULL),
	('04877d6b-5aec-449b-9968-24ab206e9473', '1d9c822d-b8e4-4d0a-977d-fabf601faf91', '2025-07-08 19:44:05.159514+00', '2025-07-08 19:44:05.159514+00', NULL, 'aal1', NULL, NULL, 'Mozilla/5.0 (Windows NT 10.0; Win64; x64) AppleWebKit/537.36 (KHTML, like Gecko) Chrome/138.0.0.0 Safari/537.36', '113.36.104.196', NULL),
	('d266e2b8-3ed3-4aa9-b46c-d7c124ca9090', '1d9c822d-b8e4-4d0a-977d-fabf601faf91', '2025-07-08 19:45:17.825429+00', '2025-07-08 19:45:17.825429+00', NULL, 'aal1', NULL, NULL, 'Mozilla/5.0 (Windows NT 10.0; Win64; x64) AppleWebKit/537.36 (KHTML, like Gecko) Chrome/138.0.0.0 Safari/537.36', '113.36.104.196', NULL),
	('dd07c14a-b6c7-464a-a880-c6b783ec897e', '1d9c822d-b8e4-4d0a-977d-fabf601faf91', '2025-07-08 19:49:02.751565+00', '2025-07-08 19:49:02.751565+00', NULL, 'aal1', NULL, NULL, 'Mozilla/5.0 (Windows NT 10.0; Win64; x64) AppleWebKit/537.36 (KHTML, like Gecko) Chrome/138.0.0.0 Safari/537.36', '113.36.104.196', NULL),
	('e408e554-b895-4507-b796-39d14921c87a', '1d9c822d-b8e4-4d0a-977d-fabf601faf91', '2025-07-08 19:59:35.269952+00', '2025-07-08 19:59:35.269952+00', NULL, 'aal1', NULL, NULL, 'Mozilla/5.0 (Windows NT 10.0; Win64; x64) AppleWebKit/537.36 (KHTML, like Gecko) Chrome/138.0.0.0 Safari/537.36', '113.36.104.196', NULL),
	('9321f6b9-f4bd-4559-bcbf-7077630f9cbb', '1d9c822d-b8e4-4d0a-977d-fabf601faf91', '2025-07-08 20:15:16.331998+00', '2025-07-08 20:15:16.331998+00', NULL, 'aal1', NULL, NULL, 'Mozilla/5.0 (Windows NT 10.0; Win64; x64) AppleWebKit/537.36 (KHTML, like Gecko) Chrome/138.0.0.0 Safari/537.36', '113.36.104.196', NULL),
	('c19ab6fd-5b23-43fc-aa5a-3c99512ef3f3', '1d9c822d-b8e4-4d0a-977d-fabf601faf91', '2025-07-08 20:21:27.661996+00', '2025-07-08 20:21:27.661996+00', NULL, 'aal1', NULL, NULL, 'Mozilla/5.0 (Windows NT 10.0; Win64; x64) AppleWebKit/537.36 (KHTML, like Gecko) Chrome/138.0.0.0 Safari/537.36', '113.36.104.196', NULL),
	('11160fb4-5043-43d0-9f0f-f4d58e7df54e', '1d9c822d-b8e4-4d0a-977d-fabf601faf91', '2025-07-08 20:23:04.178362+00', '2025-07-08 20:23:04.178362+00', NULL, 'aal1', NULL, NULL, 'Mozilla/5.0 (Windows NT 10.0; Win64; x64) AppleWebKit/537.36 (KHTML, like Gecko) Chrome/138.0.0.0 Safari/537.36', '113.36.104.196', NULL),
	('437fba8c-48a6-4e86-8e55-0171b22a1be3', '1d9c822d-b8e4-4d0a-977d-fabf601faf91', '2025-07-08 20:29:26.451516+00', '2025-07-08 20:29:26.451516+00', NULL, 'aal1', NULL, NULL, 'Mozilla/5.0 (Windows NT 10.0; Win64; x64) AppleWebKit/537.36 (KHTML, like Gecko) Chrome/138.0.0.0 Safari/537.36', '113.36.104.196', NULL),
	('fe957d62-5638-4313-94a6-3f22ec9e8d5c', '1d9c822d-b8e4-4d0a-977d-fabf601faf91', '2025-07-08 20:30:54.86446+00', '2025-07-08 20:30:54.86446+00', NULL, 'aal1', NULL, NULL, 'Mozilla/5.0 (Windows NT 10.0; Win64; x64) AppleWebKit/537.36 (KHTML, like Gecko) Chrome/138.0.0.0 Safari/537.36', '113.36.104.196', NULL),
	('bb6c5fd8-7616-4f9b-8de3-dd181b98f6a7', '1d9c822d-b8e4-4d0a-977d-fabf601faf91', '2025-07-08 20:41:58.972241+00', '2025-07-08 23:16:59.278161+00', NULL, 'aal1', NULL, '2025-07-08 23:16:59.278084', 'Mozilla/5.0 (Windows NT 10.0; Win64; x64) AppleWebKit/537.36 (KHTML, like Gecko) Chrome/138.0.0.0 Safari/537.36', '113.36.104.196', NULL),
	('c8c722c7-708c-4661-a848-fa804999591d', 'ed9af03b-5152-4508-b46a-0a7831ad5f5b', '2025-07-21 06:11:16.010118+00', '2025-07-21 06:11:16.010118+00', NULL, 'aal1', NULL, NULL, 'Mozilla/5.0 (Windows NT 10.0; Win64; x64) AppleWebKit/537.36 (KHTML, like Gecko) Chrome/138.0.0.0 Safari/537.36', '113.36.104.196', NULL),
	('926aecb8-5299-43a2-9217-d34c1572f408', 'ed9af03b-5152-4508-b46a-0a7831ad5f5b', '2025-07-21 06:17:45.313527+00', '2025-07-21 06:17:45.313527+00', NULL, 'aal1', NULL, NULL, 'Mozilla/5.0 (Windows NT 10.0; Win64; x64) AppleWebKit/537.36 (KHTML, like Gecko) Chrome/138.0.0.0 Safari/537.36', '113.36.104.196', NULL);


--
-- Data for Name: mfa_amr_claims; Type: TABLE DATA; Schema: auth; Owner: supabase_auth_admin
--

INSERT INTO "auth"."mfa_amr_claims" ("session_id", "created_at", "updated_at", "authentication_method", "id") VALUES
	('828635bf-12ee-4ad8-8d99-71e5c5db245a', '2025-07-08 19:10:41.143494+00', '2025-07-08 19:10:41.143494+00', 'otp', '6d8d7d9c-acd1-4e4f-bd9a-ac15ffcfb9cf'),
	('ae9a9b30-359e-4d97-b446-52d5fd8ac14d', '2025-07-08 19:12:27.212669+00', '2025-07-08 19:12:27.212669+00', 'otp', '142c2752-1936-4cf3-8dd7-dda648d4ad36'),
	('f3706016-9cb3-4891-99f2-b54ab00c3a78', '2025-07-08 19:35:43.347371+00', '2025-07-08 19:35:43.347371+00', 'otp', '2711d093-93a2-442a-9a73-8ec0876324dc'),
	('94035fda-a50b-43b8-b428-150c0ef469df', '2025-07-08 19:42:57.965116+00', '2025-07-08 19:42:57.965116+00', 'otp', 'c7bac6e0-e7d1-4ec2-bab6-5daa7ff86db4'),
	('04877d6b-5aec-449b-9968-24ab206e9473', '2025-07-08 19:44:05.162463+00', '2025-07-08 19:44:05.162463+00', 'otp', 'e0d25d89-55da-4f3b-8dce-adf75f9ce593'),
	('d266e2b8-3ed3-4aa9-b46c-d7c124ca9090', '2025-07-08 19:45:17.827227+00', '2025-07-08 19:45:17.827227+00', 'otp', '4bb810e6-8039-4030-a06e-188f8220afaa'),
	('dd07c14a-b6c7-464a-a880-c6b783ec897e', '2025-07-08 19:49:02.754224+00', '2025-07-08 19:49:02.754224+00', 'otp', 'c98ec282-e873-49e3-94ae-989592de361e'),
	('e408e554-b895-4507-b796-39d14921c87a', '2025-07-08 19:59:35.272953+00', '2025-07-08 19:59:35.272953+00', 'otp', '2ec77e71-d967-40e7-99c3-e07fcc484d18'),
	('9321f6b9-f4bd-4559-bcbf-7077630f9cbb', '2025-07-08 20:15:16.335086+00', '2025-07-08 20:15:16.335086+00', 'otp', 'e85380ff-7a30-4c6a-930b-3eadd6c7e96c'),
	('c19ab6fd-5b23-43fc-aa5a-3c99512ef3f3', '2025-07-08 20:21:27.664929+00', '2025-07-08 20:21:27.664929+00', 'otp', 'b3ebf0ef-73c8-4883-8c91-b21105caa3e1'),
	('11160fb4-5043-43d0-9f0f-f4d58e7df54e', '2025-07-08 20:23:04.18151+00', '2025-07-08 20:23:04.18151+00', 'otp', '1497f4f4-4efe-4383-8220-d2abcbb1992e'),
	('437fba8c-48a6-4e86-8e55-0171b22a1be3', '2025-07-08 20:29:26.454573+00', '2025-07-08 20:29:26.454573+00', 'otp', 'dd3a7457-bdab-4f87-90a5-2491c4d2b9cd'),
	('fe957d62-5638-4313-94a6-3f22ec9e8d5c', '2025-07-08 20:30:54.867658+00', '2025-07-08 20:30:54.867658+00', 'otp', '516eb18b-5389-4e42-9bb8-58f502ed97d8'),
	('bb6c5fd8-7616-4f9b-8de3-dd181b98f6a7', '2025-07-08 20:41:58.976015+00', '2025-07-08 20:41:58.976015+00', 'otp', '52a8b5d7-b460-48bf-96f4-f1498e65195b'),
	('1e38f632-04d4-4e93-9bfa-a65c97fb6cd8', '2025-07-11 00:25:48.406785+00', '2025-07-11 00:25:48.406785+00', 'otp', '48f3c554-ff1f-4791-980d-18fd6c44bca6'),
	('9d8aa1cf-06a5-48cb-805d-a1d04aecc488', '2025-07-15 15:35:32.662456+00', '2025-07-15 15:35:32.662456+00', 'otp', '65d358d8-d413-4f07-a68d-7b430afaf789'),
	('258e3303-35d0-425e-9ec9-a318b6a1001a', '2025-07-17 17:16:25.402101+00', '2025-07-17 17:16:25.402101+00', 'otp', 'c20cf39d-43a4-4a2e-9ac0-5428306e1c98'),
	('c8c722c7-708c-4661-a848-fa804999591d', '2025-07-21 06:11:16.013389+00', '2025-07-21 06:11:16.013389+00', 'otp', '8e5cf776-793c-4914-925c-90048840a608'),
	('926aecb8-5299-43a2-9217-d34c1572f408', '2025-07-21 06:17:45.31673+00', '2025-07-21 06:17:45.31673+00', 'otp', 'f1668f05-d296-4403-abde-bfa833be42c2');


--
-- Data for Name: mfa_factors; Type: TABLE DATA; Schema: auth; Owner: supabase_auth_admin
--



--
-- Data for Name: mfa_challenges; Type: TABLE DATA; Schema: auth; Owner: supabase_auth_admin
--



--
-- Data for Name: one_time_tokens; Type: TABLE DATA; Schema: auth; Owner: supabase_auth_admin
--

INSERT INTO "auth"."one_time_tokens" ("id", "user_id", "token_type", "token_hash", "relates_to", "created_at", "updated_at") VALUES
	('e4723f6d-4ebf-46f7-b9a2-f3e98357492f', '480d4035-6fba-44ef-9006-ee23a6199494', 'confirmation_token', '8b075b836b55998b051c4881eaaeff49fb574e4a01d116db9c287d15', 'toshiotawa@me.co', '2025-07-15 15:25:55.811312', '2025-07-15 15:25:55.811312'),
	('efc0c210-4288-45d5-8988-0dc84cb5d010', '3c11891a-5866-48a7-ad38-830a9421b31c', 'confirmation_token', 'f33bf98054f68db776eba2a4cb8fa6f6b53aa87ba8a857df316afea3', 'toshio1990@gmail.com', '2025-07-16 08:21:42.51035', '2025-07-16 08:21:42.51035');


--
-- Data for Name: refresh_tokens; Type: TABLE DATA; Schema: auth; Owner: supabase_auth_admin
--

INSERT INTO "auth"."refresh_tokens" ("instance_id", "id", "token", "user_id", "revoked", "created_at", "updated_at", "parent", "session_id") VALUES
	('00000000-0000-0000-0000-000000000000', 317, 'tx54gwfoyg2p', 'fdbc3244-ae91-49a3-bf38-1e0267525eec', true, '2025-07-17 15:08:35.64772+00', '2025-07-17 17:43:30.466869+00', 'xrpnkqalzzem', '9d8aa1cf-06a5-48cb-805d-a1d04aecc488'),
	('00000000-0000-0000-0000-000000000000', 221, '7t22vuzdt7tg', '1d9c822d-b8e4-4d0a-977d-fabf601faf91', true, '2025-07-11 05:30:38.384605+00', '2025-07-11 06:29:33.494746+00', '2svfi2qal54f', '1e38f632-04d4-4e93-9bfa-a65c97fb6cd8'),
	('00000000-0000-0000-0000-000000000000', 321, 'hkl5pz65fngp', 'ed9af03b-5152-4508-b46a-0a7831ad5f5b', true, '2025-07-17 17:16:25.399848+00', '2025-07-17 18:14:56.120771+00', NULL, '258e3303-35d0-425e-9ec9-a318b6a1001a'),
	('00000000-0000-0000-0000-000000000000', 290, '7ieavthnhtzx', 'fdbc3244-ae91-49a3-bf38-1e0267525eec', true, '2025-07-15 20:43:55.507117+00', '2025-07-15 23:35:08.003701+00', 'jpemcgzs5qbq', '9d8aa1cf-06a5-48cb-805d-a1d04aecc488'),
	('00000000-0000-0000-0000-000000000000', 322, 'ripe7xlxauvx', 'fdbc3244-ae91-49a3-bf38-1e0267525eec', true, '2025-07-17 17:43:30.467994+00', '2025-07-17 19:02:10.425054+00', 'tx54gwfoyg2p', '9d8aa1cf-06a5-48cb-805d-a1d04aecc488'),
	('00000000-0000-0000-0000-000000000000', 326, 'hstuyvskdo6h', 'ed9af03b-5152-4508-b46a-0a7831ad5f5b', true, '2025-07-17 20:12:48.441045+00', '2025-07-17 21:12:07.968603+00', 'ykjpuzezbyu7', '258e3303-35d0-425e-9ec9-a318b6a1001a'),
	('00000000-0000-0000-0000-000000000000', 324, 'mz6rw4qet5nm', 'fdbc3244-ae91-49a3-bf38-1e0267525eec', true, '2025-07-17 19:02:10.426439+00', '2025-07-17 21:56:16.086412+00', 'ripe7xlxauvx', '9d8aa1cf-06a5-48cb-805d-a1d04aecc488'),
	('00000000-0000-0000-0000-000000000000', 330, 'ithv2hz73qev', 'ed9af03b-5152-4508-b46a-0a7831ad5f5b', true, '2025-07-17 23:10:07.798423+00', '2025-07-18 00:08:48.152721+00', 'cdertwkh7lzv', '258e3303-35d0-425e-9ec9-a318b6a1001a'),
	('00000000-0000-0000-0000-000000000000', 328, 'cmltj36cehua', 'fdbc3244-ae91-49a3-bf38-1e0267525eec', true, '2025-07-17 21:56:16.087149+00', '2025-07-18 03:22:15.809843+00', 'mz6rw4qet5nm', '9d8aa1cf-06a5-48cb-805d-a1d04aecc488'),
	('00000000-0000-0000-0000-000000000000', 334, 'geihyrb2ilif', 'ed9af03b-5152-4508-b46a-0a7831ad5f5b', true, '2025-07-18 07:32:38.603682+00', '2025-07-18 08:32:09.169259+00', 'myzr6z27td7g', '258e3303-35d0-425e-9ec9-a318b6a1001a'),
	('00000000-0000-0000-0000-000000000000', 336, 'eomovght5nci', 'ed9af03b-5152-4508-b46a-0a7831ad5f5b', true, '2025-07-18 11:32:36.56777+00', '2025-07-18 12:31:17.974765+00', 'f2l6zfefchnu', '258e3303-35d0-425e-9ec9-a318b6a1001a'),
	('00000000-0000-0000-0000-000000000000', 183, 'yaovk343wv4t', '1d9c822d-b8e4-4d0a-977d-fabf601faf91', false, '2025-07-08 19:10:41.142292+00', '2025-07-08 19:10:41.142292+00', NULL, '828635bf-12ee-4ad8-8d99-71e5c5db245a'),
	('00000000-0000-0000-0000-000000000000', 184, 'toyp2sznilp3', '1d9c822d-b8e4-4d0a-977d-fabf601faf91', false, '2025-07-08 19:12:27.211505+00', '2025-07-08 19:12:27.211505+00', NULL, 'ae9a9b30-359e-4d97-b446-52d5fd8ac14d'),
	('00000000-0000-0000-0000-000000000000', 338, 'zjqerilst4yp', 'ed9af03b-5152-4508-b46a-0a7831ad5f5b', true, '2025-07-18 13:33:01.428716+00', '2025-07-18 22:30:04.035294+00', 'yvzf3imb5gga', '258e3303-35d0-425e-9ec9-a318b6a1001a'),
	('00000000-0000-0000-0000-000000000000', 187, 'us6gmnneyayl', '1d9c822d-b8e4-4d0a-977d-fabf601faf91', false, '2025-07-08 19:35:43.345588+00', '2025-07-08 19:35:43.345588+00', NULL, 'f3706016-9cb3-4891-99f2-b54ab00c3a78'),
	('00000000-0000-0000-0000-000000000000', 223, 'kwptj46fjj7l', '1d9c822d-b8e4-4d0a-977d-fabf601faf91', true, '2025-07-11 06:29:33.495497+00', '2025-07-19 00:26:16.537211+00', '7t22vuzdt7tg', '1e38f632-04d4-4e93-9bfa-a65c97fb6cd8'),
	('00000000-0000-0000-0000-000000000000', 190, 'i5l4scziqqz4', '1d9c822d-b8e4-4d0a-977d-fabf601faf91', false, '2025-07-08 19:42:57.963291+00', '2025-07-08 19:42:57.963291+00', NULL, '94035fda-a50b-43b8-b428-150c0ef469df'),
	('00000000-0000-0000-0000-000000000000', 191, '6qzhxmblxhp2', '1d9c822d-b8e4-4d0a-977d-fabf601faf91', false, '2025-07-08 19:44:05.160309+00', '2025-07-08 19:44:05.160309+00', NULL, '04877d6b-5aec-449b-9968-24ab206e9473'),
	('00000000-0000-0000-0000-000000000000', 192, 'vxmbsvcaccz2', '1d9c822d-b8e4-4d0a-977d-fabf601faf91', false, '2025-07-08 19:45:17.826122+00', '2025-07-08 19:45:17.826122+00', NULL, 'd266e2b8-3ed3-4aa9-b46c-d7c124ca9090'),
	('00000000-0000-0000-0000-000000000000', 193, 'bsgrltdpwlwy', '1d9c822d-b8e4-4d0a-977d-fabf601faf91', false, '2025-07-08 19:49:02.752421+00', '2025-07-08 19:49:02.752421+00', NULL, 'dd07c14a-b6c7-464a-a880-c6b783ec897e'),
	('00000000-0000-0000-0000-000000000000', 194, 'ot7yk6s2o3gs', '1d9c822d-b8e4-4d0a-977d-fabf601faf91', false, '2025-07-08 19:59:35.271007+00', '2025-07-08 19:59:35.271007+00', NULL, 'e408e554-b895-4507-b796-39d14921c87a'),
	('00000000-0000-0000-0000-000000000000', 340, 'nkspinfov44b', 'ed9af03b-5152-4508-b46a-0a7831ad5f5b', true, '2025-07-18 23:28:35.537534+00', '2025-07-19 00:27:05.320131+00', 'bwgw6h3zgqzm', '258e3303-35d0-425e-9ec9-a318b6a1001a'),
	('00000000-0000-0000-0000-000000000000', 196, 'qntwdayj77ev', '1d9c822d-b8e4-4d0a-977d-fabf601faf91', false, '2025-07-08 20:15:16.333129+00', '2025-07-08 20:15:16.333129+00', NULL, '9321f6b9-f4bd-4559-bcbf-7077630f9cbb'),
	('00000000-0000-0000-0000-000000000000', 197, 'gtyfv7kzzruy', '1d9c822d-b8e4-4d0a-977d-fabf601faf91', false, '2025-07-08 20:21:27.663088+00', '2025-07-08 20:21:27.663088+00', NULL, 'c19ab6fd-5b23-43fc-aa5a-3c99512ef3f3'),
	('00000000-0000-0000-0000-000000000000', 198, 'gj3szg26kvh5', '1d9c822d-b8e4-4d0a-977d-fabf601faf91', false, '2025-07-08 20:23:04.179707+00', '2025-07-08 20:23:04.179707+00', NULL, '11160fb4-5043-43d0-9f0f-f4d58e7df54e'),
	('00000000-0000-0000-0000-000000000000', 199, 'lzgj2lqpduij', '1d9c822d-b8e4-4d0a-977d-fabf601faf91', false, '2025-07-08 20:29:26.45273+00', '2025-07-08 20:29:26.45273+00', NULL, '437fba8c-48a6-4e86-8e55-0171b22a1be3'),
	('00000000-0000-0000-0000-000000000000', 200, '5ar6ejkpyyq6', '1d9c822d-b8e4-4d0a-977d-fabf601faf91', false, '2025-07-08 20:30:54.865626+00', '2025-07-08 20:30:54.865626+00', NULL, 'fe957d62-5638-4313-94a6-3f22ec9e8d5c'),
	('00000000-0000-0000-0000-000000000000', 332, 'rrupa3gockhc', 'fdbc3244-ae91-49a3-bf38-1e0267525eec', true, '2025-07-18 03:22:15.810502+00', '2025-07-19 00:46:13.919121+00', 'cmltj36cehua', '9d8aa1cf-06a5-48cb-805d-a1d04aecc488'),
	('00000000-0000-0000-0000-000000000000', 343, 'zc5hihyskuem', 'fdbc3244-ae91-49a3-bf38-1e0267525eec', true, '2025-07-19 00:46:13.919808+00', '2025-07-19 01:57:32.921312+00', 'rrupa3gockhc', '9d8aa1cf-06a5-48cb-805d-a1d04aecc488'),
	('00000000-0000-0000-0000-000000000000', 315, 'xrpnkqalzzem', 'fdbc3244-ae91-49a3-bf38-1e0267525eec', true, '2025-07-17 14:10:14.727785+00', '2025-07-17 15:08:35.646224+00', 'pn7qf5jq4jwc', '9d8aa1cf-06a5-48cb-805d-a1d04aecc488'),
	('00000000-0000-0000-0000-000000000000', 201, 'pkussyobmlac', '1d9c822d-b8e4-4d0a-977d-fabf601faf91', true, '2025-07-08 20:41:58.973789+00', '2025-07-08 23:16:59.275079+00', NULL, 'bb6c5fd8-7616-4f9b-8de3-dd181b98f6a7'),
	('00000000-0000-0000-0000-000000000000', 204, '7wqh6ysh2byo', '1d9c822d-b8e4-4d0a-977d-fabf601faf91', false, '2025-07-08 23:16:59.27577+00', '2025-07-08 23:16:59.27577+00', 'pkussyobmlac', 'bb6c5fd8-7616-4f9b-8de3-dd181b98f6a7'),
	('00000000-0000-0000-0000-000000000000', 347, 'z6yfoh7odtb7', 'ed9af03b-5152-4508-b46a-0a7831ad5f5b', true, '2025-07-19 02:23:51.72708+00', '2025-07-19 11:54:27.708001+00', 'ydienfftdbli', '258e3303-35d0-425e-9ec9-a318b6a1001a'),
	('00000000-0000-0000-0000-000000000000', 345, 'nxdmlsqr4mhd', '1d9c822d-b8e4-4d0a-977d-fabf601faf91', true, '2025-07-19 01:33:45.502564+00', '2025-07-19 11:56:15.028475+00', 'elfhkzu2qtyt', '1e38f632-04d4-4e93-9bfa-a65c97fb6cd8'),
	('00000000-0000-0000-0000-000000000000', 349, 'jlvo4hq7exaz', 'ed9af03b-5152-4508-b46a-0a7831ad5f5b', true, '2025-07-19 11:54:27.711567+00', '2025-07-19 12:53:07.877844+00', 'z6yfoh7odtb7', '258e3303-35d0-425e-9ec9-a318b6a1001a'),
	('00000000-0000-0000-0000-000000000000', 351, 'a5sjwjj7xuvr', 'ed9af03b-5152-4508-b46a-0a7831ad5f5b', true, '2025-07-19 12:53:07.878599+00', '2025-07-19 13:51:52.899318+00', 'jlvo4hq7exaz', '258e3303-35d0-425e-9ec9-a318b6a1001a'),
	('00000000-0000-0000-0000-000000000000', 353, 'ji22szp3rk34', 'ed9af03b-5152-4508-b46a-0a7831ad5f5b', true, '2025-07-19 13:51:52.900737+00', '2025-07-19 14:50:27.754301+00', 'a5sjwjj7xuvr', '258e3303-35d0-425e-9ec9-a318b6a1001a'),
	('00000000-0000-0000-0000-000000000000', 355, 'viiqksdfq7lg', 'ed9af03b-5152-4508-b46a-0a7831ad5f5b', true, '2025-07-19 14:50:27.755012+00', '2025-07-19 22:53:13.128003+00', 'ji22szp3rk34', '258e3303-35d0-425e-9ec9-a318b6a1001a'),
	('00000000-0000-0000-0000-000000000000', 357, '44taqn3am5tg', 'ed9af03b-5152-4508-b46a-0a7831ad5f5b', true, '2025-07-19 23:51:44.347521+00', '2025-07-20 00:50:14.175792+00', 'uraxjwosfbtk', '258e3303-35d0-425e-9ec9-a318b6a1001a'),
	('00000000-0000-0000-0000-000000000000', 211, 'x4kzu27zjtsj', '1d9c822d-b8e4-4d0a-977d-fabf601faf91', true, '2025-07-11 00:25:48.404853+00', '2025-07-11 01:24:34.344967+00', NULL, '1e38f632-04d4-4e93-9bfa-a65c97fb6cd8'),
	('00000000-0000-0000-0000-000000000000', 359, 'zuo4k6qamwt7', 'ed9af03b-5152-4508-b46a-0a7831ad5f5b', true, '2025-07-20 00:50:14.177941+00', '2025-07-20 01:49:23.589373+00', '44taqn3am5tg', '258e3303-35d0-425e-9ec9-a318b6a1001a'),
	('00000000-0000-0000-0000-000000000000', 213, 'd3ayliykmgsd', '1d9c822d-b8e4-4d0a-977d-fabf601faf91', true, '2025-07-11 01:24:34.345691+00', '2025-07-11 02:23:05.29386+00', 'x4kzu27zjtsj', '1e38f632-04d4-4e93-9bfa-a65c97fb6cd8'),
	('00000000-0000-0000-0000-000000000000', 361, '7tiqz22xi4ng', '1d9c822d-b8e4-4d0a-977d-fabf601faf91', true, '2025-07-20 01:58:35.192786+00', '2025-07-20 03:36:05.45696+00', 'obtyst6jmoay', '1e38f632-04d4-4e93-9bfa-a65c97fb6cd8'),
	('00000000-0000-0000-0000-000000000000', 215, 'waeklwxhhfju', '1d9c822d-b8e4-4d0a-977d-fabf601faf91', true, '2025-07-11 02:23:05.294547+00', '2025-07-11 03:21:34.985278+00', 'd3ayliykmgsd', '1e38f632-04d4-4e93-9bfa-a65c97fb6cd8'),
	('00000000-0000-0000-0000-000000000000', 365, 'yw23s2wzqurh', 'ed9af03b-5152-4508-b46a-0a7831ad5f5b', true, '2025-07-20 04:44:59.468465+00', '2025-07-20 05:44:18.958997+00', 'oe2tkee5cecw', '258e3303-35d0-425e-9ec9-a318b6a1001a'),
	('00000000-0000-0000-0000-000000000000', 367, '6uaqoprs33vg', 'ed9af03b-5152-4508-b46a-0a7831ad5f5b', true, '2025-07-20 06:42:49.295772+00', '2025-07-20 07:41:18.855437+00', 'o4l3of3j2vlg', '258e3303-35d0-425e-9ec9-a318b6a1001a'),
	('00000000-0000-0000-0000-000000000000', 363, '546or72pipp2', '1d9c822d-b8e4-4d0a-977d-fabf601faf91', true, '2025-07-20 03:36:05.458326+00', '2025-07-20 09:17:49.801744+00', '7tiqz22xi4ng', '1e38f632-04d4-4e93-9bfa-a65c97fb6cd8'),
	('00000000-0000-0000-0000-000000000000', 217, '2svfi2qal54f', '1d9c822d-b8e4-4d0a-977d-fabf601faf91', true, '2025-07-11 03:21:34.987875+00', '2025-07-11 05:30:38.383873+00', 'waeklwxhhfju', '1e38f632-04d4-4e93-9bfa-a65c97fb6cd8'),
	('00000000-0000-0000-0000-000000000000', 369, 'oqd753k5ulyi', 'ed9af03b-5152-4508-b46a-0a7831ad5f5b', true, '2025-07-20 08:39:48.823762+00', '2025-07-20 09:38:18.708638+00', 'kngdf2sordgn', '258e3303-35d0-425e-9ec9-a318b6a1001a'),
	('00000000-0000-0000-0000-000000000000', 371, 'rshxjcsixagw', 'ed9af03b-5152-4508-b46a-0a7831ad5f5b', true, '2025-07-20 09:38:18.709966+00', '2025-07-20 10:36:59.041454+00', 'oqd753k5ulyi', '258e3303-35d0-425e-9ec9-a318b6a1001a'),
	('00000000-0000-0000-0000-000000000000', 373, 'd5llgmngmpkk', 'ed9af03b-5152-4508-b46a-0a7831ad5f5b', true, '2025-07-20 10:36:59.042121+00', '2025-07-20 11:35:33.585984+00', 'rshxjcsixagw', '258e3303-35d0-425e-9ec9-a318b6a1001a'),
	('00000000-0000-0000-0000-000000000000', 323, '552g7pntxsob', 'ed9af03b-5152-4508-b46a-0a7831ad5f5b', true, '2025-07-17 18:14:56.122393+00', '2025-07-17 19:14:08.052735+00', 'hkl5pz65fngp', '258e3303-35d0-425e-9ec9-a318b6a1001a'),
	('00000000-0000-0000-0000-000000000000', 286, 'jpemcgzs5qbq', 'fdbc3244-ae91-49a3-bf38-1e0267525eec', true, '2025-07-15 15:35:32.660697+00', '2025-07-15 20:43:55.506442+00', NULL, '9d8aa1cf-06a5-48cb-805d-a1d04aecc488'),
	('00000000-0000-0000-0000-000000000000', 325, 'ykjpuzezbyu7', 'ed9af03b-5152-4508-b46a-0a7831ad5f5b', true, '2025-07-17 19:14:08.05352+00', '2025-07-17 20:12:48.440309+00', '552g7pntxsob', '258e3303-35d0-425e-9ec9-a318b6a1001a'),
	('00000000-0000-0000-0000-000000000000', 327, '4zhazmofcxki', 'ed9af03b-5152-4508-b46a-0a7831ad5f5b', true, '2025-07-17 21:12:07.969443+00', '2025-07-17 22:10:58.371585+00', 'hstuyvskdo6h', '258e3303-35d0-425e-9ec9-a318b6a1001a'),
	('00000000-0000-0000-0000-000000000000', 329, 'cdertwkh7lzv', 'ed9af03b-5152-4508-b46a-0a7831ad5f5b', true, '2025-07-17 22:10:58.372273+00', '2025-07-17 23:10:07.797655+00', '4zhazmofcxki', '258e3303-35d0-425e-9ec9-a318b6a1001a'),
	('00000000-0000-0000-0000-000000000000', 331, '3twmohxlkr6e', 'ed9af03b-5152-4508-b46a-0a7831ad5f5b', true, '2025-07-18 00:08:48.153466+00', '2025-07-18 06:33:45.369346+00', 'ithv2hz73qev', '258e3303-35d0-425e-9ec9-a318b6a1001a'),
	('00000000-0000-0000-0000-000000000000', 333, 'myzr6z27td7g', 'ed9af03b-5152-4508-b46a-0a7831ad5f5b', true, '2025-07-18 06:33:45.369996+00', '2025-07-18 07:32:38.602955+00', '3twmohxlkr6e', '258e3303-35d0-425e-9ec9-a318b6a1001a'),
	('00000000-0000-0000-0000-000000000000', 335, 'f2l6zfefchnu', 'ed9af03b-5152-4508-b46a-0a7831ad5f5b', true, '2025-07-18 08:32:09.170063+00', '2025-07-18 11:32:36.567061+00', 'geihyrb2ilif', '258e3303-35d0-425e-9ec9-a318b6a1001a'),
	('00000000-0000-0000-0000-000000000000', 337, 'yvzf3imb5gga', 'ed9af03b-5152-4508-b46a-0a7831ad5f5b', true, '2025-07-18 12:31:17.975517+00', '2025-07-18 13:33:01.427101+00', 'eomovght5nci', '258e3303-35d0-425e-9ec9-a318b6a1001a'),
	('00000000-0000-0000-0000-000000000000', 339, 'bwgw6h3zgqzm', 'ed9af03b-5152-4508-b46a-0a7831ad5f5b', true, '2025-07-18 22:30:04.037216+00', '2025-07-18 23:28:35.5354+00', 'zjqerilst4yp', '258e3303-35d0-425e-9ec9-a318b6a1001a'),
	('00000000-0000-0000-0000-000000000000', 342, '4wdtzb4qxqkj', 'ed9af03b-5152-4508-b46a-0a7831ad5f5b', true, '2025-07-19 00:27:05.322392+00', '2025-07-19 01:25:16.206225+00', 'nkspinfov44b', '258e3303-35d0-425e-9ec9-a318b6a1001a'),
	('00000000-0000-0000-0000-000000000000', 341, 'elfhkzu2qtyt', '1d9c822d-b8e4-4d0a-977d-fabf601faf91', true, '2025-07-19 00:26:16.539177+00', '2025-07-19 01:33:45.501418+00', 'kwptj46fjj7l', '1e38f632-04d4-4e93-9bfa-a65c97fb6cd8'),
	('00000000-0000-0000-0000-000000000000', 291, 'pn7qf5jq4jwc', 'fdbc3244-ae91-49a3-bf38-1e0267525eec', true, '2025-07-15 23:35:08.004966+00', '2025-07-17 14:10:14.726857+00', '7ieavthnhtzx', '9d8aa1cf-06a5-48cb-805d-a1d04aecc488'),
	('00000000-0000-0000-0000-000000000000', 344, 'ydienfftdbli', 'ed9af03b-5152-4508-b46a-0a7831ad5f5b', true, '2025-07-19 01:25:16.206908+00', '2025-07-19 02:23:51.72575+00', '4wdtzb4qxqkj', '258e3303-35d0-425e-9ec9-a318b6a1001a'),
	('00000000-0000-0000-0000-000000000000', 346, 'zfsvia3gl22w', 'fdbc3244-ae91-49a3-bf38-1e0267525eec', true, '2025-07-19 01:57:32.923382+00', '2025-07-19 03:18:49.444157+00', 'zc5hihyskuem', '9d8aa1cf-06a5-48cb-805d-a1d04aecc488'),
	('00000000-0000-0000-0000-000000000000', 348, '3c2jl5lczxdp', 'fdbc3244-ae91-49a3-bf38-1e0267525eec', false, '2025-07-19 03:18:49.445607+00', '2025-07-19 03:18:49.445607+00', 'zfsvia3gl22w', '9d8aa1cf-06a5-48cb-805d-a1d04aecc488'),
	('00000000-0000-0000-0000-000000000000', 350, 'ilioxz7mc4tc', '1d9c822d-b8e4-4d0a-977d-fabf601faf91', true, '2025-07-19 11:56:15.029694+00', '2025-07-19 13:03:32.83664+00', 'nxdmlsqr4mhd', '1e38f632-04d4-4e93-9bfa-a65c97fb6cd8'),
	('00000000-0000-0000-0000-000000000000', 352, '3mon2ed3z7wr', '1d9c822d-b8e4-4d0a-977d-fabf601faf91', true, '2025-07-19 13:03:32.83933+00', '2025-07-19 14:35:07.454981+00', 'ilioxz7mc4tc', '1e38f632-04d4-4e93-9bfa-a65c97fb6cd8'),
	('00000000-0000-0000-0000-000000000000', 356, 'uraxjwosfbtk', 'ed9af03b-5152-4508-b46a-0a7831ad5f5b', true, '2025-07-19 22:53:13.128784+00', '2025-07-19 23:51:44.346196+00', 'viiqksdfq7lg', '258e3303-35d0-425e-9ec9-a318b6a1001a'),
	('00000000-0000-0000-0000-000000000000', 354, '4g4zzavbmv4h', '1d9c822d-b8e4-4d0a-977d-fabf601faf91', true, '2025-07-19 14:35:07.45666+00', '2025-07-20 00:33:39.370655+00', '3mon2ed3z7wr', '1e38f632-04d4-4e93-9bfa-a65c97fb6cd8'),
	('00000000-0000-0000-0000-000000000000', 358, 'obtyst6jmoay', '1d9c822d-b8e4-4d0a-977d-fabf601faf91', true, '2025-07-20 00:33:39.371317+00', '2025-07-20 01:58:35.191371+00', '4g4zzavbmv4h', '1e38f632-04d4-4e93-9bfa-a65c97fb6cd8'),
	('00000000-0000-0000-0000-000000000000', 360, 'kbcqla7hdr2y', 'ed9af03b-5152-4508-b46a-0a7831ad5f5b', true, '2025-07-20 01:49:23.590004+00', '2025-07-20 02:48:12.586743+00', 'zuo4k6qamwt7', '258e3303-35d0-425e-9ec9-a318b6a1001a'),
	('00000000-0000-0000-0000-000000000000', 362, '3hu4k62rbkh6', 'ed9af03b-5152-4508-b46a-0a7831ad5f5b', true, '2025-07-20 02:48:12.587422+00', '2025-07-20 03:46:25.609355+00', 'kbcqla7hdr2y', '258e3303-35d0-425e-9ec9-a318b6a1001a'),
	('00000000-0000-0000-0000-000000000000', 364, 'oe2tkee5cecw', 'ed9af03b-5152-4508-b46a-0a7831ad5f5b', true, '2025-07-20 03:46:25.610841+00', '2025-07-20 04:44:59.466993+00', '3hu4k62rbkh6', '258e3303-35d0-425e-9ec9-a318b6a1001a'),
	('00000000-0000-0000-0000-000000000000', 366, 'o4l3of3j2vlg', 'ed9af03b-5152-4508-b46a-0a7831ad5f5b', true, '2025-07-20 05:44:18.961028+00', '2025-07-20 06:42:49.294995+00', 'yw23s2wzqurh', '258e3303-35d0-425e-9ec9-a318b6a1001a'),
	('00000000-0000-0000-0000-000000000000', 368, 'kngdf2sordgn', 'ed9af03b-5152-4508-b46a-0a7831ad5f5b', true, '2025-07-20 07:41:18.8569+00', '2025-07-20 08:39:48.822276+00', '6uaqoprs33vg', '258e3303-35d0-425e-9ec9-a318b6a1001a'),
	('00000000-0000-0000-0000-000000000000', 370, 'ks6r6wm2n276', '1d9c822d-b8e4-4d0a-977d-fabf601faf91', true, '2025-07-20 09:17:49.802437+00', '2025-07-20 10:16:18.479439+00', '546or72pipp2', '1e38f632-04d4-4e93-9bfa-a65c97fb6cd8'),
	('00000000-0000-0000-0000-000000000000', 372, 'fwyvcv3vdan2', '1d9c822d-b8e4-4d0a-977d-fabf601faf91', true, '2025-07-20 10:16:18.481778+00', '2025-07-20 12:09:08.510982+00', 'ks6r6wm2n276', '1e38f632-04d4-4e93-9bfa-a65c97fb6cd8'),
	('00000000-0000-0000-0000-000000000000', 374, 'fmnm4nmh2qnn', 'ed9af03b-5152-4508-b46a-0a7831ad5f5b', true, '2025-07-20 11:35:33.587435+00', '2025-07-20 12:34:08.93713+00', 'd5llgmngmpkk', '258e3303-35d0-425e-9ec9-a318b6a1001a'),
	('00000000-0000-0000-0000-000000000000', 375, 'evfurebzcm45', '1d9c822d-b8e4-4d0a-977d-fabf601faf91', true, '2025-07-20 12:09:08.511684+00', '2025-07-20 13:22:52.306212+00', 'fwyvcv3vdan2', '1e38f632-04d4-4e93-9bfa-a65c97fb6cd8'),
	('00000000-0000-0000-0000-000000000000', 377, 'zz3rfsmmb3gw', '1d9c822d-b8e4-4d0a-977d-fabf601faf91', false, '2025-07-20 13:22:52.306916+00', '2025-07-20 13:22:52.306916+00', 'evfurebzcm45', '1e38f632-04d4-4e93-9bfa-a65c97fb6cd8'),
	('00000000-0000-0000-0000-000000000000', 376, 'hc273743bjcj', 'ed9af03b-5152-4508-b46a-0a7831ad5f5b', true, '2025-07-20 12:34:08.939199+00', '2025-07-20 13:32:43.453004+00', 'fmnm4nmh2qnn', '258e3303-35d0-425e-9ec9-a318b6a1001a'),
	('00000000-0000-0000-0000-000000000000', 378, 'szoo7lokz55f', 'ed9af03b-5152-4508-b46a-0a7831ad5f5b', true, '2025-07-20 13:32:43.453756+00', '2025-07-20 14:31:18.81547+00', 'hc273743bjcj', '258e3303-35d0-425e-9ec9-a318b6a1001a'),
	('00000000-0000-0000-0000-000000000000', 379, 'htzdedpr5qab', 'ed9af03b-5152-4508-b46a-0a7831ad5f5b', true, '2025-07-20 14:31:18.817487+00', '2025-07-20 15:29:21.166398+00', 'szoo7lokz55f', '258e3303-35d0-425e-9ec9-a318b6a1001a'),
	('00000000-0000-0000-0000-000000000000', 380, 'olc4q7pyw547', 'ed9af03b-5152-4508-b46a-0a7831ad5f5b', false, '2025-07-20 15:29:21.167862+00', '2025-07-20 15:29:21.167862+00', 'htzdedpr5qab', '258e3303-35d0-425e-9ec9-a318b6a1001a'),
	('00000000-0000-0000-0000-000000000000', 381, '3xp6bft4mgbj', 'ed9af03b-5152-4508-b46a-0a7831ad5f5b', false, '2025-07-21 06:11:16.01139+00', '2025-07-21 06:11:16.01139+00', NULL, 'c8c722c7-708c-4661-a848-fa804999591d'),
	('00000000-0000-0000-0000-000000000000', 382, 'ku4lkaywa4zc', 'ed9af03b-5152-4508-b46a-0a7831ad5f5b', false, '2025-07-21 06:17:45.314688+00', '2025-07-21 06:17:45.314688+00', NULL, '926aecb8-5299-43a2-9217-d34c1572f408');


--
-- Data for Name: sso_providers; Type: TABLE DATA; Schema: auth; Owner: supabase_auth_admin
--



--
-- Data for Name: saml_providers; Type: TABLE DATA; Schema: auth; Owner: supabase_auth_admin
--



--
-- Data for Name: saml_relay_states; Type: TABLE DATA; Schema: auth; Owner: supabase_auth_admin
--



--
-- Data for Name: sso_domains; Type: TABLE DATA; Schema: auth; Owner: supabase_auth_admin
--



--
-- Data for Name: profiles; Type: TABLE DATA; Schema: public; Owner: postgres
--

INSERT INTO "public"."profiles" ("id", "avatar_url", "member_rank", "total_exp", "is_admin", "created_at", "updated_at", "email", "nickname", "rank", "xp", "next_season_xp_multiplier", "level", "bio", "twitter_handle", "selected_title", "stripe_customer_id", "will_cancel", "cancel_date", "downgrade_to", "downgrade_date") VALUES
	('1d9c822d-b8e4-4d0a-977d-fabf601faf91', NULL, 'FREE', 0, true, '2025-07-11 00:25:54.005069+00', '2025-07-19 00:42:45.776838+00', 'bebopify@gmail.com', 'jeff', 'premium', 17500, 1.0, 9, NULL, NULL, '', NULL, false, NULL, NULL, NULL),
	('fdbc3244-ae91-49a3-bf38-1e0267525eec', NULL, 'FREE', 0, false, '2025-07-15 15:35:41.335232+00', '2025-07-19 00:42:47.895417+00', 'toshiotawa@me.com', '', 'free', 0, 1.0, 1, NULL, NULL, '', NULL, false, NULL, NULL, NULL),
	('ed9af03b-5152-4508-b46a-0a7831ad5f5b', NULL, 'FREE', 0, true, '2025-07-10 16:49:28.720091+00', '2025-07-21 06:32:25.78058+00', 'saitama1990@gmail.com', 'a', 'platinum', 385560, 1.0, 58, '', '@toshioshaaan', '', NULL, false, NULL, NULL, NULL);


--
-- Data for Name: announcements; Type: TABLE DATA; Schema: public; Owner: postgres
--

INSERT INTO "public"."announcements" ("id", "title", "content", "link_url", "link_text", "is_active", "priority", "created_by", "created_at", "updated_at") VALUES
	('10e90a70-0b09-488b-b900-0dcf8f672f30', '', '[](https://bunny.net/stream/)', '', '', true, 1, 'ed9af03b-5152-4508-b46a-0a7831ad5f5b', '2025-07-14 03:46:30.795687+00', '2025-07-14 04:17:00.317075+00');


--
-- Data for Name: challenges; Type: TABLE DATA; Schema: public; Owner: postgres
--

INSERT INTO "public"."challenges" ("id", "title", "description", "start_date", "end_date", "is_active", "created_at", "type", "reward_multiplier", "diary_count", "category", "song_clear_count") VALUES
	('c48ffe38-795e-46fe-b043-5b36b10e29b8', '1', '', '2025-07-18 00:00:00+00', '2025-08-17 00:00:00+00', true, '2025-07-18 09:09:37.169987+00', 'monthly', 2000, NULL, 'song_clear', NULL),
	('4e3ca22a-95b2-4ed1-98cc-ab83e618650f', '1', '1', '2025-07-19 00:00:00+00', '2025-08-18 00:00:00+00', true, '2025-07-19 00:33:38.845853+00', 'monthly', 2000, 1, 'diary', NULL),
	('541d7053-b899-44aa-9058-e94bb6f22705', '1', '1', '2025-07-19 00:00:00+00', '2025-08-18 00:00:00+00', true, '2025-07-19 00:34:50.928762+00', 'monthly', 2000, 1, 'diary', NULL),
	('4b07d459-012e-4347-a5b6-946832c55e1a', 'a', '1', '2025-07-20 00:00:00+00', '2025-08-18 00:00:00+00', true, '2025-07-19 00:36:29.709472+00', 'monthly', 2000, 1, 'diary', NULL),
	('d94acf75-e96c-4d1d-b143-65983daa55f7', 'dadad', '1', '2025-07-20 00:00:00+00', '2025-08-18 00:00:00+00', true, '2025-07-19 00:36:47.784248+00', 'monthly', 2000, 1, 'diary', NULL);


--
-- Data for Name: challenge_progress; Type: TABLE DATA; Schema: public; Owner: postgres
--



--
-- Data for Name: songs; Type: TABLE DATA; Schema: public; Owner: postgres
--

INSERT INTO "public"."songs" ("id", "title", "bpm", "difficulty", "created_at", "updated_at", "artist", "json_data", "min_rank", "is_public", "created_by", "audio_url", "xml_url", "json_url", "usage_type") VALUES
	('667dbe14-0391-41d8-a3ef-af73e16c7bf0', 'a', NULL, NULL, '2025-07-12 13:51:28.785418+00', '2025-07-12 13:51:29.960415+00', 'a', '{"notes": [{"time": 3.438, "pitch": 70}, {"time": 3.75, "pitch": 66}, {"time": 4.063, "pitch": 70}, {"time": 4.375, "pitch": 66}, {"time": 4.688, "pitch": 70}, {"time": 5, "pitch": 63}, {"time": 5.625, "pitch": 66}, {"time": 6.25, "pitch": 70}, {"time": 6.875, "pitch": 73}, {"time": 7.5, "pitch": 60}, {"time": 8.125, "pitch": 64}, {"time": 8.75, "pitch": 67}, {"time": 9.375, "pitch": 71}, {"time": 10, "pitch": 66}, {"time": 10.313, "pitch": 70}, {"time": 10.625, "pitch": 66}, {"time": 10.938, "pitch": 70}, {"time": 11.25, "pitch": 66}, {"time": 11.563, "pitch": 70}, {"time": 11.875, "pitch": 66}, {"time": 12.188, "pitch": 70}, {"time": 12.5, "pitch": 63}, {"time": 13.125, "pitch": 66}, {"time": 13.75, "pitch": 70}, {"time": 14.375, "pitch": 73}, {"time": 15, "pitch": 60}, {"time": 15.625, "pitch": 64}, {"time": 16.25, "pitch": 67}, {"time": 16.875, "pitch": 71}, {"time": 17.5, "pitch": 66}, {"time": 17.813, "pitch": 70}, {"time": 18.125, "pitch": 66}, {"time": 18.438, "pitch": 70}, {"time": 18.75, "pitch": 66}, {"time": 19.063, "pitch": 70}, {"time": 19.375, "pitch": 66}, {"time": 19.688, "pitch": 70}, {"time": 20, "pitch": 63}, {"time": 20.625, "pitch": 66}, {"time": 21.25, "pitch": 70}, {"time": 21.875, "pitch": 73}, {"time": 22.5, "pitch": 60}, {"time": 23.125, "pitch": 64}, {"time": 23.75, "pitch": 67}, {"time": 24.375, "pitch": 71}, {"time": 25, "pitch": 66}, {"time": 25.313, "pitch": 70}, {"time": 25.625, "pitch": 66}, {"time": 25.938, "pitch": 70}, {"time": 26.25, "pitch": 66}, {"time": 26.563, "pitch": 70}, {"time": 26.875, "pitch": 66}, {"time": 27.188, "pitch": 70}, {"time": 27.5, "pitch": 63}, {"time": 28.125, "pitch": 66}, {"time": 28.75, "pitch": 70}, {"time": 29.375, "pitch": 73}]}', 'free', true, 'ed9af03b-5152-4508-b46a-0a7831ad5f5b', 'https://tfjubyqveoivwfmqeoij.supabase.co/storage/v1/object/public/song-files/667dbe14-0391-41d8-a3ef-af73e16c7bf0/audio.mp3', 'https://tfjubyqveoivwfmqeoij.supabase.co/storage/v1/object/public/song-files/667dbe14-0391-41d8-a3ef-af73e16c7bf0/xml.xml', 'https://tfjubyqveoivwfmqeoij.supabase.co/storage/v1/object/public/song-files/667dbe14-0391-41d8-a3ef-af73e16c7bf0/json.json', 'general'),
	('bda2097c-4d32-47ac-acd7-d084386809bb', 'demo-1', NULL, NULL, '2025-07-12 23:36:46.146966+00', '2025-07-12 23:36:47.195259+00', 'a', '{"notes": [{"time": 3.438, "pitch": 70}, {"time": 3.75, "pitch": 66}, {"time": 4.063, "pitch": 70}, {"time": 4.375, "pitch": 66}, {"time": 4.688, "pitch": 70}, {"time": 5, "pitch": 63}, {"time": 5.625, "pitch": 66}, {"time": 6.25, "pitch": 70}, {"time": 6.875, "pitch": 73}, {"time": 7.5, "pitch": 60}, {"time": 8.125, "pitch": 64}, {"time": 8.75, "pitch": 67}, {"time": 9.375, "pitch": 71}, {"time": 10, "pitch": 66}, {"time": 10.313, "pitch": 70}, {"time": 10.625, "pitch": 66}, {"time": 10.938, "pitch": 70}, {"time": 11.25, "pitch": 66}, {"time": 11.563, "pitch": 70}, {"time": 11.875, "pitch": 66}, {"time": 12.188, "pitch": 70}, {"time": 12.5, "pitch": 63}, {"time": 13.125, "pitch": 66}, {"time": 13.75, "pitch": 70}, {"time": 14.375, "pitch": 73}, {"time": 15, "pitch": 60}, {"time": 15.625, "pitch": 64}, {"time": 16.25, "pitch": 67}, {"time": 16.875, "pitch": 71}, {"time": 17.5, "pitch": 66}, {"time": 17.813, "pitch": 70}, {"time": 18.125, "pitch": 66}, {"time": 18.438, "pitch": 70}, {"time": 18.75, "pitch": 66}, {"time": 19.063, "pitch": 70}, {"time": 19.375, "pitch": 66}, {"time": 19.688, "pitch": 70}, {"time": 20, "pitch": 63}, {"time": 20.625, "pitch": 66}, {"time": 21.25, "pitch": 70}, {"time": 21.875, "pitch": 73}, {"time": 22.5, "pitch": 60}, {"time": 23.125, "pitch": 64}, {"time": 23.75, "pitch": 67}, {"time": 24.375, "pitch": 71}, {"time": 25, "pitch": 66}, {"time": 25.313, "pitch": 70}, {"time": 25.625, "pitch": 66}, {"time": 25.938, "pitch": 70}, {"time": 26.25, "pitch": 66}, {"time": 26.563, "pitch": 70}, {"time": 26.875, "pitch": 66}, {"time": 27.188, "pitch": 70}, {"time": 27.5, "pitch": 63}, {"time": 28.125, "pitch": 66}, {"time": 28.75, "pitch": 70}, {"time": 29.375, "pitch": 73}]}', 'free', true, 'ed9af03b-5152-4508-b46a-0a7831ad5f5b', 'https://tfjubyqveoivwfmqeoij.supabase.co/storage/v1/object/public/song-files/bda2097c-4d32-47ac-acd7-d084386809bb/audio.mp3', 'https://tfjubyqveoivwfmqeoij.supabase.co/storage/v1/object/public/song-files/bda2097c-4d32-47ac-acd7-d084386809bb/xml.xml', 'https://tfjubyqveoivwfmqeoij.supabase.co/storage/v1/object/public/song-files/bda2097c-4d32-47ac-acd7-d084386809bb/json.json', 'lesson'),
	('6932d16c-60ff-4509-807d-aaa18264176d', '', NULL, NULL, '2025-07-18 09:23:07.775959+00', '2025-07-18 09:23:09.317357+00', '', '{"notes": [{"time": 3.438, "pitch": 70}, {"time": 3.75, "pitch": 66}, {"time": 4.063, "pitch": 70}, {"time": 4.375, "pitch": 66}, {"time": 4.688, "pitch": 70}, {"time": 5, "pitch": 63}, {"time": 5.625, "pitch": 66}, {"time": 6.25, "pitch": 70}, {"time": 6.875, "pitch": 73}, {"time": 7.5, "pitch": 60}, {"time": 8.125, "pitch": 64}, {"time": 8.75, "pitch": 67}, {"time": 9.375, "pitch": 71}, {"time": 10, "pitch": 66}, {"time": 10.313, "pitch": 70}, {"time": 10.625, "pitch": 66}, {"time": 10.938, "pitch": 70}, {"time": 11.25, "pitch": 66}, {"time": 11.563, "pitch": 70}, {"time": 11.875, "pitch": 66}, {"time": 12.188, "pitch": 70}, {"time": 12.5, "pitch": 63}, {"time": 13.125, "pitch": 66}, {"time": 13.75, "pitch": 70}, {"time": 14.375, "pitch": 73}, {"time": 15, "pitch": 60}, {"time": 15.625, "pitch": 64}, {"time": 16.25, "pitch": 67}, {"time": 16.875, "pitch": 71}, {"time": 17.5, "pitch": 66}, {"time": 17.813, "pitch": 70}, {"time": 18.125, "pitch": 66}, {"time": 18.438, "pitch": 70}, {"time": 18.75, "pitch": 66}, {"time": 19.063, "pitch": 70}, {"time": 19.375, "pitch": 66}, {"time": 19.688, "pitch": 70}, {"time": 20, "pitch": 63}, {"time": 20.625, "pitch": 66}, {"time": 21.25, "pitch": 70}, {"time": 21.875, "pitch": 73}, {"time": 22.5, "pitch": 60}, {"time": 23.125, "pitch": 64}, {"time": 23.75, "pitch": 67}, {"time": 24.375, "pitch": 71}, {"time": 25, "pitch": 66}, {"time": 25.313, "pitch": 70}, {"time": 25.625, "pitch": 66}, {"time": 25.938, "pitch": 70}, {"time": 26.25, "pitch": 66}, {"time": 26.563, "pitch": 70}, {"time": 26.875, "pitch": 66}, {"time": 27.188, "pitch": 70}, {"time": 27.5, "pitch": 63}, {"time": 28.125, "pitch": 66}, {"time": 28.75, "pitch": 70}, {"time": 29.375, "pitch": 73}]}', 'free', true, 'ed9af03b-5152-4508-b46a-0a7831ad5f5b', 'https://tfjubyqveoivwfmqeoij.supabase.co/storage/v1/object/public/song-files/6932d16c-60ff-4509-807d-aaa18264176d/audio.mp3', 'https://tfjubyqveoivwfmqeoij.supabase.co/storage/v1/object/public/song-files/6932d16c-60ff-4509-807d-aaa18264176d/xml.xml', 'https://tfjubyqveoivwfmqeoij.supabase.co/storage/v1/object/public/song-files/6932d16c-60ff-4509-807d-aaa18264176d/json.json', 'general'),
	('ada98811-549b-4ae1-a4d7-8586a24ed379', '', NULL, NULL, '2025-07-18 09:24:07.305193+00', '2025-07-18 09:24:08.554477+00', '', '{"notes": [{"time": 3.438, "pitch": 70}, {"time": 3.75, "pitch": 66}, {"time": 4.063, "pitch": 70}, {"time": 4.375, "pitch": 66}, {"time": 4.688, "pitch": 70}, {"time": 5, "pitch": 63}, {"time": 5.625, "pitch": 66}, {"time": 6.25, "pitch": 70}, {"time": 6.875, "pitch": 73}, {"time": 7.5, "pitch": 60}, {"time": 8.125, "pitch": 64}, {"time": 8.75, "pitch": 67}, {"time": 9.375, "pitch": 71}, {"time": 10, "pitch": 66}, {"time": 10.313, "pitch": 70}, {"time": 10.625, "pitch": 66}, {"time": 10.938, "pitch": 70}, {"time": 11.25, "pitch": 66}, {"time": 11.563, "pitch": 70}, {"time": 11.875, "pitch": 66}, {"time": 12.188, "pitch": 70}, {"time": 12.5, "pitch": 63}, {"time": 13.125, "pitch": 66}, {"time": 13.75, "pitch": 70}, {"time": 14.375, "pitch": 73}, {"time": 15, "pitch": 60}, {"time": 15.625, "pitch": 64}, {"time": 16.25, "pitch": 67}, {"time": 16.875, "pitch": 71}, {"time": 17.5, "pitch": 66}, {"time": 17.813, "pitch": 70}, {"time": 18.125, "pitch": 66}, {"time": 18.438, "pitch": 70}, {"time": 18.75, "pitch": 66}, {"time": 19.063, "pitch": 70}, {"time": 19.375, "pitch": 66}, {"time": 19.688, "pitch": 70}, {"time": 20, "pitch": 63}, {"time": 20.625, "pitch": 66}, {"time": 21.25, "pitch": 70}, {"time": 21.875, "pitch": 73}, {"time": 22.5, "pitch": 60}, {"time": 23.125, "pitch": 64}, {"time": 23.75, "pitch": 67}, {"time": 24.375, "pitch": 71}, {"time": 25, "pitch": 66}, {"time": 25.313, "pitch": 70}, {"time": 25.625, "pitch": 66}, {"time": 25.938, "pitch": 70}, {"time": 26.25, "pitch": 66}, {"time": 26.563, "pitch": 70}, {"time": 26.875, "pitch": 66}, {"time": 27.188, "pitch": 70}, {"time": 27.5, "pitch": 63}, {"time": 28.125, "pitch": 66}, {"time": 28.75, "pitch": 70}, {"time": 29.375, "pitch": 73}]}', 'free', true, 'ed9af03b-5152-4508-b46a-0a7831ad5f5b', 'https://tfjubyqveoivwfmqeoij.supabase.co/storage/v1/object/public/song-files/ada98811-549b-4ae1-a4d7-8586a24ed379/audio.mp3', 'https://tfjubyqveoivwfmqeoij.supabase.co/storage/v1/object/public/song-files/ada98811-549b-4ae1-a4d7-8586a24ed379/xml.xml', 'https://tfjubyqveoivwfmqeoij.supabase.co/storage/v1/object/public/song-files/ada98811-549b-4ae1-a4d7-8586a24ed379/json.json', 'lesson');


--
-- Data for Name: challenge_tracks; Type: TABLE DATA; Schema: public; Owner: postgres
--

INSERT INTO "public"."challenge_tracks" ("id", "challenge_id", "song_id", "key_offset", "min_speed", "min_rank", "clears_required", "score_mode", "created_at", "notation_setting") VALUES
	('e4b70adb-d952-46c6-b8e3-27a9dffc8f74', 'c48ffe38-795e-46fe-b043-5b36b10e29b8', '667dbe14-0391-41d8-a3ef-af73e16c7bf0', 0, 1, 'B', 1, 'NOTES_AND_CHORDS', '2025-07-18 09:09:37.264836+00', 'both');


--
-- Data for Name: courses; Type: TABLE DATA; Schema: public; Owner: postgres
--

INSERT INTO "public"."courses" ("id", "title", "description", "premium_only", "order_index", "created_at", "min_rank", "updated_at") VALUES
	('ffc9ed85-e0ca-4ff4-be04-900c9ea5f246', 'a', 'a', false, 30, '2025-07-13 00:15:50.806275+00', 'premium', '2025-07-14 13:53:54.234851+00'),
	('d3acfc20-6613-4d04-b719-7bf911af1f2b', '1', '1', false, 0, '2025-07-14 00:42:27.35979+00', 'premium', '2025-07-19 12:30:27.443317+00'),
	('bd2de1d5-d6dc-4604-a791-7a26cd962f3c', '1', '2', false, 20, '2025-07-14 00:42:30.847904+00', 'premium', '2025-07-19 12:30:40.17391+00'),
	('13ce2f4b-ac43-482c-9bdb-b3b06901b5a9', 'q', 'q', false, 10, '2025-07-14 01:27:45.702647+00', 'premium', '2025-07-19 12:31:28.367405+00'),
	('dec0636d-af66-4c68-9ace-bfaad9ea4262', '31', '31', false, 40, '2025-07-19 12:46:02.343062+00', 'premium', '2025-07-19 12:46:02.343062+00');


--
-- Data for Name: course_prerequisites; Type: TABLE DATA; Schema: public; Owner: postgres
--

INSERT INTO "public"."course_prerequisites" ("course_id", "prerequisite_course_id", "created_at") VALUES
	('bd2de1d5-d6dc-4604-a791-7a26cd962f3c', '13ce2f4b-ac43-482c-9bdb-b3b06901b5a9', '2025-07-19 12:30:40.30376+00'),
	('13ce2f4b-ac43-482c-9bdb-b3b06901b5a9', 'ffc9ed85-e0ca-4ff4-be04-900c9ea5f246', '2025-07-19 12:31:28.468636+00'),
	('dec0636d-af66-4c68-9ace-bfaad9ea4262', 'ffc9ed85-e0ca-4ff4-be04-900c9ea5f246', '2025-07-19 12:46:02.668465+00');


--
-- Data for Name: diaries; Type: TABLE DATA; Schema: public; Owner: postgres
--



--
-- Data for Name: practice_diaries; Type: TABLE DATA; Schema: public; Owner: postgres
--

INSERT INTO "public"."practice_diaries" ("id", "user_id", "content", "practice_date", "created_at", "updated_at", "image_url") VALUES
	('4d2b7644-24ef-4487-9ed2-e231965da158', 'ed9af03b-5152-4508-b46a-0a7831ad5f5b', '', '2025-07-10', '2025-07-10 23:29:47.858275+00', '2025-07-10 23:29:47.858275+00', NULL),
	('acc7513e-7c60-4fa2-81c1-4d044ec21327', '1d9c822d-b8e4-4d0a-977d-fabf601faf91', '', '2025-07-11', '2025-07-11 01:53:27.828025+00', '2025-07-11 01:53:27.828025+00', NULL),
	('194e5fb3-a38d-46f7-9cf6-5808a466a749', 'ed9af03b-5152-4508-b46a-0a7831ad5f5b', '', '2025-07-11', '2025-07-11 02:41:33.335236+00', '2025-07-11 02:41:33.335236+00', NULL),
	('dbbd57a3-77d0-49a9-820e-836b35d9b222', 'ed9af03b-5152-4508-b46a-0a7831ad5f5b', 'aaaaaaaaaaaaaaaaaaaaa', '2025-07-12', '2025-07-11 22:46:36.242073+00', '2025-07-11 22:46:36.242073+00', NULL),
	('c24b686c-55f5-4760-9ddc-ef917a1faf8d', 'ed9af03b-5152-4508-b46a-0a7831ad5f5b', 'aaaaaaaaaaaa', '2025-07-13', '2025-07-12 21:30:27.967785+00', '2025-07-12 21:30:27.967785+00', NULL),
	('c4028dcf-edc2-49af-ac58-2b310b8e1ee7', 'ed9af03b-5152-4508-b46a-0a7831ad5f5b', '', '2025-07-16', '2025-07-16 04:00:17.199792+00', '2025-07-16 04:00:17.199792+00', NULL),
	('8dcbbf5c-b8df-44ec-ad54-392788355344', 'ed9af03b-5152-4508-b46a-0a7831ad5f5b', 'aaaaaaaaaaaaaaaaaaaaa', '2025-07-17', '2025-07-16 22:55:31.635352+00', '2025-07-16 22:55:31.635352+00', NULL),
	('445cdad4-b81b-47f3-9ae2-957766e8727e', 'ed9af03b-5152-4508-b46a-0a7831ad5f5b', '', '2025-07-18', '2025-07-18 09:05:44.127534+00', '2025-07-18 09:05:44.127534+00', 'https://tfjubyqveoivwfmqeoij.supabase.co/storage/v1/object/public/diary-images/ed9af03b-5152-4508-b46a-0a7831ad5f5b/445cdad4-b81b-47f3-9ae2-957766e8727e.png'),
	('52d426fa-682a-4d3e-998c-3d0594258928', 'ed9af03b-5152-4508-b46a-0a7831ad5f5b', 'aaaaaaaaaaaaaaaaaaaaaaaaaaa', '2025-07-19', '2025-07-19 00:24:30.721337+00', '2025-07-19 00:24:30.721337+00', NULL),
	('f9af6623-e31d-40d4-b73b-1fc381883c8f', '1d9c822d-b8e4-4d0a-977d-fabf601faf91', 'aaaaaaaaaaaaaaaaaaaaa', '2025-07-19', '2025-07-19 00:33:43.608757+00', '2025-07-19 00:33:43.608757+00', NULL),
	('d5bb056e-f063-4c04-befa-89ad436dd6da', 'ed9af03b-5152-4508-b46a-0a7831ad5f5b', '', '2025-07-20', '2025-07-20 03:36:55.466035+00', '2025-07-20 03:36:55.466035+00', NULL),
	('d557717b-7f66-45d4-b9d2-b70a6278e1e7', 'ed9af03b-5152-4508-b46a-0a7831ad5f5b', '123123123123', '2025-07-21', '2025-07-21 06:32:25.031816+00', '2025-07-21 06:32:27.048+00', 'https://tfjubyqveoivwfmqeoij.supabase.co/storage/v1/object/public/diary-images/ed9af03b-5152-4508-b46a-0a7831ad5f5b/d557717b-7f66-45d4-b9d2-b70a6278e1e7.jpg');


--
-- Data for Name: diary_comments; Type: TABLE DATA; Schema: public; Owner: postgres
--

INSERT INTO "public"."diary_comments" ("id", "diary_id", "user_id", "content", "created_at") VALUES
	('beb37b30-abd2-4e9a-b70f-5d3335ae4276', 'acc7513e-7c60-4fa2-81c1-4d044ec21327', 'ed9af03b-5152-4508-b46a-0a7831ad5f5b', '', '2025-07-11 02:43:32.337781+00');


--
-- Data for Name: diary_likes; Type: TABLE DATA; Schema: public; Owner: postgres
--

INSERT INTO "public"."diary_likes" ("id", "diary_id", "user_id", "created_at") VALUES
	('c132a752-3998-4105-8554-c1f90e2a5ec2', 'acc7513e-7c60-4fa2-81c1-4d044ec21327', 'ed9af03b-5152-4508-b46a-0a7831ad5f5b', '2025-07-11 02:43:37.938273+00'),
	('7c9938d5-f868-4cac-b121-cd5bc376fdd4', '194e5fb3-a38d-46f7-9cf6-5808a466a749', '1d9c822d-b8e4-4d0a-977d-fabf601faf91', '2025-07-11 03:23:32.037909+00');


--
-- Data for Name: lessons; Type: TABLE DATA; Schema: public; Owner: postgres
--

INSERT INTO "public"."lessons" ("id", "course_id", "title", "description", "vimeo_video_id", "premium_only", "order_index", "created_at", "assignment_description", "updated_at", "block_number") VALUES
	('0b18655e-495a-463f-b440-6874ca18f48f', 'ffc9ed85-e0ca-4ff4-be04-900c9ea5f246', '5', '', NULL, true, 4, '2025-07-13 23:11:30.766363+00', '', '2025-07-16 01:33:02.829995+00', 1),
	('b260b202-2601-4b62-b328-72662673fa45', 'ffc9ed85-e0ca-4ff4-be04-900c9ea5f246', '1', '', NULL, true, 5, '2025-07-13 23:13:27.555322+00', '', '2025-07-16 01:33:02.831431+00', 2),
	('df933fd9-9062-4ad6-96d3-bc0a324a1ba1', 'ffc9ed85-e0ca-4ff4-be04-900c9ea5f246', 'aaaaa', '', NULL, true, 10, '2025-07-14 01:29:30.230197+00', '', '2025-07-16 01:33:02.82965+00', 1),
	('9fe830fb-0dcc-4020-84b0-16cd2e752415', 'ffc9ed85-e0ca-4ff4-be04-900c9ea5f246', '', '', NULL, true, 9, '2025-07-14 01:29:46.762223+00', '', '2025-07-16 01:33:02.838884+00', 1),
	('951a39f0-1bab-40d1-a01f-f584184c937b', 'ffc9ed85-e0ca-4ff4-be04-900c9ea5f246', 'a', 'a', NULL, true, 6, '2025-07-14 01:27:38.423761+00', '', '2025-07-16 01:33:02.841738+00', 1),
	('6ef53835-af30-4b32-848c-e04ca1457889', 'ffc9ed85-e0ca-4ff4-be04-900c9ea5f246', '', '', NULL, true, 7, '2025-07-14 01:29:10.883462+00', '', '2025-07-16 01:33:02.842374+00', 1),
	('044f6103-67d7-4954-b88a-0f1e3f2e1da4', 'd3acfc20-6613-4d04-b719-7bf911af1f2b', '1', '1', NULL, true, 0, '2025-07-19 12:33:15.072442+00', '1', '2025-07-19 12:33:15.072442+00', 1),
	('f6931fb2-f5f1-4442-901e-3d88ebab93fc', '13ce2f4b-ac43-482c-9bdb-b3b06901b5a9', '1', '1', NULL, true, 0, '2025-07-19 12:33:22.214136+00', '1', '2025-07-19 12:33:22.214136+00', 1),
	('fb144b1d-7e34-452c-8f31-870218043a1b', 'bd2de1d5-d6dc-4604-a791-7a26cd962f3c', '1', '1', NULL, true, 0, '2025-07-19 12:33:27.152936+00', '1', '2025-07-19 12:33:27.152936+00', 1),
	('87837fa5-c105-4a65-93bb-69ce4c7610f4', 'dec0636d-af66-4c68-9ace-bfaad9ea4262', '1', '1', NULL, true, 0, '2025-07-19 12:46:36.209024+00', '1', '2025-07-19 12:46:36.209024+00', 1),
	('e3164dd6-3d12-46e9-87c6-adf933145913', 'ffc9ed85-e0ca-4ff4-be04-900c9ea5f246', '1', '', NULL, true, 1, '2025-07-13 23:11:21.30165+00', '', '2025-07-16 01:33:02.810893+00', 1),
	('df829a70-a9de-482c-907f-c76a3713e67c', 'ffc9ed85-e0ca-4ff4-be04-900c9ea5f246', '1', '', NULL, true, 2, '2025-07-13 23:11:25.162429+00', '', '2025-07-16 01:33:02.811936+00', 1),
	('71bc51c9-8b2c-4d3e-88fe-1e7c60be8784', 'ffc9ed85-e0ca-4ff4-be04-900c9ea5f246', 'a', '', NULL, true, 0, '2025-07-13 02:29:54.405332+00', '', '2025-07-16 01:33:02.815862+00', 1),
	('ee2c8d11-91cc-476b-97c9-5217aa65eee8', 'ffc9ed85-e0ca-4ff4-be04-900c9ea5f246', 'aaa', '', NULL, true, 3, '2025-07-13 01:29:25.272346+00', '











', '2025-07-16 01:33:02.825316+00', 1),
	('e36b1b6c-c28c-484e-8ec6-4ad26641ed1d', 'ffc9ed85-e0ca-4ff4-be04-900c9ea5f246', 'a', '', NULL, true, 8, '2025-07-14 01:29:16.961924+00', '', '2025-07-16 01:33:02.82882+00', 1);


--
-- Data for Name: lesson_songs; Type: TABLE DATA; Schema: public; Owner: postgres
--

INSERT INTO "public"."lesson_songs" ("id", "lesson_id", "song_id", "order_index", "created_at", "clear_conditions") VALUES
	('ed356fa0-899c-446f-a225-851dbc3f8f3a', '71bc51c9-8b2c-4d3e-88fe-1e7c60be8784', 'bda2097c-4d32-47ac-acd7-d084386809bb', 0, '2025-07-14 06:25:38.876801+00', '{"key": "-1", "rank": "C", "count": 1, "speed": "0.8", "requires_days": false, "notation_setting": "chords_only"}'),
	('0af18133-59e3-4583-a425-3055f9892d33', 'ee2c8d11-91cc-476b-97c9-5217aa65eee8', 'bda2097c-4d32-47ac-acd7-d084386809bb', 0, '2025-07-14 06:29:24.481101+00', '{"key": "-1", "rank": "C", "count": "1", "speed": 1, "requires_days": false, "notation_setting": "chords_only"}');


--
-- Data for Name: lesson_tracks; Type: TABLE DATA; Schema: public; Owner: postgres
--



--
-- Data for Name: lesson_videos; Type: TABLE DATA; Schema: public; Owner: postgres
--



--
-- Data for Name: song_play_conditions; Type: TABLE DATA; Schema: public; Owner: postgres
--



--
-- Data for Name: track_clears; Type: TABLE DATA; Schema: public; Owner: postgres
--



--
-- Data for Name: user_challenge_progress; Type: TABLE DATA; Schema: public; Owner: postgres
--

INSERT INTO "public"."user_challenge_progress" ("id", "user_id", "challenge_id", "clear_count", "completed", "reward_claimed") VALUES
	('e0ecae89-a3c2-4417-8843-51e67f74629a', 'ed9af03b-5152-4508-b46a-0a7831ad5f5b', 'c48ffe38-795e-46fe-b043-5b36b10e29b8', 1, true, true),
	('e9194ff0-8d7f-4639-9a93-3d4d41b07871', 'ed9af03b-5152-4508-b46a-0a7831ad5f5b', 'd94acf75-e96c-4d1d-b143-65983daa55f7', 1, true, true),
	('bba2b7f8-a19d-404e-a2a9-e9fc2d0aee66', 'ed9af03b-5152-4508-b46a-0a7831ad5f5b', '541d7053-b899-44aa-9058-e94bb6f22705', 2, true, true),
	('3f2a973b-05c2-4a49-bf3f-84c437c965b6', 'ed9af03b-5152-4508-b46a-0a7831ad5f5b', '4e3ca22a-95b2-4ed1-98cc-ab83e618650f', 2, true, true),
	('045ecf2d-c658-4070-a576-486c68685ea2', 'ed9af03b-5152-4508-b46a-0a7831ad5f5b', '4b07d459-012e-4347-a5b6-946832c55e1a', 1, true, true);


--
-- Data for Name: user_course_progress; Type: TABLE DATA; Schema: public; Owner: postgres
--



--
-- Data for Name: user_lesson_progress; Type: TABLE DATA; Schema: public; Owner: postgres
--

INSERT INTO "public"."user_lesson_progress" ("id", "user_id", "lesson_id", "course_id", "completed", "completion_date", "unlock_date", "created_at", "updated_at", "is_unlocked") VALUES
	('18f40f40-0cbd-4c72-ad06-ff3af8ab0fe8', '1d9c822d-b8e4-4d0a-977d-fabf601faf91', 'b260b202-2601-4b62-b328-72662673fa45', 'ffc9ed85-e0ca-4ff4-be04-900c9ea5f246', false, NULL, '2025-07-14 03:11:29.886+00', '2025-07-14 02:02:10.440527+00', '2025-07-14 03:11:27.66617+00', true),
	('811900b8-485c-4b3d-8117-cd636be556ea', 'ed9af03b-5152-4508-b46a-0a7831ad5f5b', '044f6103-67d7-4954-b88a-0f1e3f2e1da4', 'd3acfc20-6613-4d04-b719-7bf911af1f2b', false, NULL, '2025-07-19 23:16:16.996+00', '2025-07-19 12:33:32.387465+00', '2025-07-20 00:41:14.461782+00', true),
	('bdea0ac1-8377-4d6b-a343-5c3243944c3f', 'ed9af03b-5152-4508-b46a-0a7831ad5f5b', 'f6931fb2-f5f1-4442-901e-3d88ebab93fc', '13ce2f4b-ac43-482c-9bdb-b3b06901b5a9', false, '2025-07-19 23:18:18.755+00', '2025-07-20 00:00:22.013+00', '2025-07-19 12:33:35.673994+00', '2025-07-20 00:41:14.461782+00', true),
	('29f1f08a-13ff-44a5-8c8e-71c5e282f365', 'ed9af03b-5152-4508-b46a-0a7831ad5f5b', '87837fa5-c105-4a65-93bb-69ce4c7610f4', 'dec0636d-af66-4c68-9ace-bfaad9ea4262', false, NULL, '2025-07-19 23:19:24.85+00', '2025-07-19 23:19:06.115865+00', '2025-07-20 00:41:14.461782+00', true),
	('a6acab9a-d8b2-41f1-bbf0-eb48348ca7c1', 'ed9af03b-5152-4508-b46a-0a7831ad5f5b', 'df933fd9-9062-4ad6-96d3-bc0a324a1ba1', 'ffc9ed85-e0ca-4ff4-be04-900c9ea5f246', false, NULL, '2025-07-20 00:41:00.376+00', '2025-07-14 01:39:55.089088+00', '2025-07-20 00:41:14.839747+00', true),
	('94114efc-00de-48d5-88fe-e38de199c463', '1d9c822d-b8e4-4d0a-977d-fabf601faf91', '0b18655e-495a-463f-b440-6874ca18f48f', 'ffc9ed85-e0ca-4ff4-be04-900c9ea5f246', false, NULL, '2025-07-14 03:11:17.174+00', '2025-07-14 02:30:39.18981+00', '2025-07-14 03:11:14.98127+00', true),
	('c19c73fb-c78d-4263-bcae-723dc98478d4', '1d9c822d-b8e4-4d0a-977d-fabf601faf91', '71bc51c9-8b2c-4d3e-88fe-1e7c60be8784', 'ffc9ed85-e0ca-4ff4-be04-900c9ea5f246', false, NULL, '2025-07-14 03:11:17.174+00', '2025-07-13 22:45:14.641348+00', '2025-07-14 03:11:14.98127+00', true),
	('cc2c93e9-0e1f-4a20-88a6-fb3058c7841e', '1d9c822d-b8e4-4d0a-977d-fabf601faf91', '951a39f0-1bab-40d1-a01f-f584184c937b', 'ffc9ed85-e0ca-4ff4-be04-900c9ea5f246', false, NULL, '2025-07-14 03:11:17.174+00', '2025-07-14 02:30:39.18981+00', '2025-07-14 03:11:14.98127+00', true),
	('b64166f6-9ecd-43d1-8f1c-73fceab93971', '1d9c822d-b8e4-4d0a-977d-fabf601faf91', '6ef53835-af30-4b32-848c-e04ca1457889', 'ffc9ed85-e0ca-4ff4-be04-900c9ea5f246', false, NULL, '2025-07-14 03:11:17.174+00', '2025-07-14 02:30:39.18981+00', '2025-07-14 03:11:14.98127+00', true),
	('4442ea2e-ebe4-4ba0-b356-31addf4f7ff1', '1d9c822d-b8e4-4d0a-977d-fabf601faf91', 'e36b1b6c-c28c-484e-8ec6-4ad26641ed1d', 'ffc9ed85-e0ca-4ff4-be04-900c9ea5f246', false, NULL, '2025-07-14 03:11:17.174+00', '2025-07-14 02:30:39.18981+00', '2025-07-14 03:11:14.98127+00', true),
	('9f501ccc-0df0-4ab5-8954-55d0cbd6656b', '1d9c822d-b8e4-4d0a-977d-fabf601faf91', 'df933fd9-9062-4ad6-96d3-bc0a324a1ba1', 'ffc9ed85-e0ca-4ff4-be04-900c9ea5f246', false, NULL, '2025-07-14 03:11:17.174+00', '2025-07-14 02:30:39.18981+00', '2025-07-14 03:11:14.98127+00', true),
	('c36aa80a-0bf1-4d24-ab3a-dd80cab3ee5c', '1d9c822d-b8e4-4d0a-977d-fabf601faf91', 'e3164dd6-3d12-46e9-87c6-adf933145913', 'ffc9ed85-e0ca-4ff4-be04-900c9ea5f246', false, NULL, '2025-07-14 03:11:17.174+00', '2025-07-14 02:00:33.625954+00', '2025-07-14 03:11:14.98127+00', true),
	('6e5ab2c1-98bb-4781-bc29-f9194751a71e', '1d9c822d-b8e4-4d0a-977d-fabf601faf91', 'df829a70-a9de-482c-907f-c76a3713e67c', 'ffc9ed85-e0ca-4ff4-be04-900c9ea5f246', false, NULL, '2025-07-14 03:11:17.174+00', '2025-07-14 02:00:35.293215+00', '2025-07-14 03:11:14.98127+00', true),
	('f94bf4fc-98dc-4260-8c17-1f0166210fa1', '1d9c822d-b8e4-4d0a-977d-fabf601faf91', '9fe830fb-0dcc-4020-84b0-16cd2e752415', 'ffc9ed85-e0ca-4ff4-be04-900c9ea5f246', false, NULL, '2025-07-14 03:11:17.174+00', '2025-07-14 02:30:39.18981+00', '2025-07-14 03:11:14.98127+00', true),
	('3765291b-4097-4653-a0c4-803ecfd9151c', '1d9c822d-b8e4-4d0a-977d-fabf601faf91', 'ee2c8d11-91cc-476b-97c9-5217aa65eee8', 'ffc9ed85-e0ca-4ff4-be04-900c9ea5f246', false, NULL, '2025-07-14 03:11:17.174+00', '2025-07-13 22:45:13.188138+00', '2025-07-14 03:11:14.98127+00', true),
	('6883c0bc-64e8-41ff-8fd5-9651ff257628', 'ed9af03b-5152-4508-b46a-0a7831ad5f5b', 'fb144b1d-7e34-452c-8f31-870218043a1b', 'bd2de1d5-d6dc-4604-a791-7a26cd962f3c', false, NULL, '2025-07-19 23:16:20.052+00', '2025-07-19 12:33:37.003934+00', '2025-07-19 23:57:37.810298+00', false),
	('1aecce59-8fd7-4ebf-ab92-7585415c80a2', 'ed9af03b-5152-4508-b46a-0a7831ad5f5b', 'b260b202-2601-4b62-b328-72662673fa45', 'ffc9ed85-e0ca-4ff4-be04-900c9ea5f246', true, '2025-07-20 00:41:14.207+00', '2025-07-20 00:07:50.26+00', '2025-07-13 23:13:37.538276+00', '2025-07-20 00:41:14.212184+00', true),
	('043fce9a-f28b-430e-8c27-bfbc01394aa7', 'ed9af03b-5152-4508-b46a-0a7831ad5f5b', '0b18655e-495a-463f-b440-6874ca18f48f', 'ffc9ed85-e0ca-4ff4-be04-900c9ea5f246', true, '2025-07-20 00:40:53.729+00', '2025-07-20 00:41:00.376+00', '2025-07-13 23:11:50.221405+00', '2025-07-20 00:41:14.461782+00', true),
	('63a6fdeb-407a-4489-863d-1a29056fcb30', 'ed9af03b-5152-4508-b46a-0a7831ad5f5b', '9fe830fb-0dcc-4020-84b0-16cd2e752415', 'ffc9ed85-e0ca-4ff4-be04-900c9ea5f246', true, '2025-07-20 00:40:49.711+00', '2025-07-20 00:41:00.376+00', '2025-07-14 01:39:55.250885+00', '2025-07-20 00:41:14.461782+00', true),
	('1e89df5d-665d-419d-a047-614a9ffa716a', 'ed9af03b-5152-4508-b46a-0a7831ad5f5b', '951a39f0-1bab-40d1-a01f-f584184c937b', 'ffc9ed85-e0ca-4ff4-be04-900c9ea5f246', true, '2025-07-20 00:40:52.566+00', '2025-07-20 00:41:00.376+00', '2025-07-14 01:39:54.558876+00', '2025-07-20 00:41:14.461782+00', true),
	('69f5cb6b-f45e-435a-bf4f-4050d20647bc', 'ed9af03b-5152-4508-b46a-0a7831ad5f5b', '6ef53835-af30-4b32-848c-e04ca1457889', 'ffc9ed85-e0ca-4ff4-be04-900c9ea5f246', true, '2025-07-20 00:40:50.433+00', '2025-07-20 00:41:00.376+00', '2025-07-14 01:39:54.742677+00', '2025-07-20 00:41:14.461782+00', true),
	('7e3d95c2-39fd-4c67-bd6d-a94705568c90', 'fdbc3244-ae91-49a3-bf38-1e0267525eec', '71bc51c9-8b2c-4d3e-88fe-1e7c60be8784', 'ffc9ed85-e0ca-4ff4-be04-900c9ea5f246', false, NULL, '2025-07-17 14:13:22.058+00', '2025-07-17 14:11:07.262944+00', '2025-07-19 00:32:11.868029+00', true),
	('a4c42374-7a17-4a6b-8fc4-d27aa3f05946', 'ed9af03b-5152-4508-b46a-0a7831ad5f5b', 'e3164dd6-3d12-46e9-87c6-adf933145913', 'ffc9ed85-e0ca-4ff4-be04-900c9ea5f246', true, '2025-07-20 00:40:54.765+00', '2025-07-20 00:41:00.376+00', '2025-07-13 23:11:49.966134+00', '2025-07-20 00:41:14.461782+00', true),
	('00b6b23d-f79f-4441-a41b-5e0a398647f4', 'fdbc3244-ae91-49a3-bf38-1e0267525eec', 'e3164dd6-3d12-46e9-87c6-adf933145913', 'ffc9ed85-e0ca-4ff4-be04-900c9ea5f246', false, NULL, '2025-07-17 14:13:22.319+00', '2025-07-17 14:11:07.490937+00', '2025-07-17 14:13:22.467528+00', true),
	('f2059746-b703-473f-9c3a-6f4e719fcae7', 'fdbc3244-ae91-49a3-bf38-1e0267525eec', 'df829a70-a9de-482c-907f-c76a3713e67c', 'ffc9ed85-e0ca-4ff4-be04-900c9ea5f246', false, NULL, '2025-07-17 14:14:24.123+00', '2025-07-17 14:11:07.763604+00', '2025-07-17 14:14:24.296866+00', true),
	('2e961cce-3b85-4ab9-988b-b0156546dac0', 'fdbc3244-ae91-49a3-bf38-1e0267525eec', 'ee2c8d11-91cc-476b-97c9-5217aa65eee8', 'ffc9ed85-e0ca-4ff4-be04-900c9ea5f246', false, NULL, '2025-07-17 14:14:24.423+00', '2025-07-17 14:11:08.027911+00', '2025-07-17 14:14:24.613133+00', true),
	('a476027c-8ad5-4a23-9a74-a4dcf7e7cd38', 'fdbc3244-ae91-49a3-bf38-1e0267525eec', '0b18655e-495a-463f-b440-6874ca18f48f', 'ffc9ed85-e0ca-4ff4-be04-900c9ea5f246', false, NULL, '2025-07-17 14:17:01.4+00', '2025-07-17 14:11:10.813788+00', '2025-07-17 14:17:01.739518+00', true),
	('1efdc075-14d4-4e1c-8691-9adad084b830', 'fdbc3244-ae91-49a3-bf38-1e0267525eec', '951a39f0-1bab-40d1-a01f-f584184c937b', 'ffc9ed85-e0ca-4ff4-be04-900c9ea5f246', false, NULL, '2025-07-17 14:17:01.811+00', '2025-07-17 14:11:11.06141+00', '2025-07-17 14:17:01.987611+00', true),
	('89c6ea92-72f0-4e36-9f89-ba16716933b9', 'fdbc3244-ae91-49a3-bf38-1e0267525eec', '6ef53835-af30-4b32-848c-e04ca1457889', 'ffc9ed85-e0ca-4ff4-be04-900c9ea5f246', false, NULL, '2025-07-17 14:17:02.1+00', '2025-07-17 14:11:11.273369+00', '2025-07-17 14:17:02.290418+00', true),
	('08919a3f-ffb5-4d1e-8fca-f728bc3aa6ca', 'fdbc3244-ae91-49a3-bf38-1e0267525eec', 'e36b1b6c-c28c-484e-8ec6-4ad26641ed1d', 'ffc9ed85-e0ca-4ff4-be04-900c9ea5f246', false, NULL, '2025-07-17 14:20:03.147+00', '2025-07-17 14:11:11.504333+00', '2025-07-17 14:20:03.253626+00', true),
	('51a03e2f-8856-4f2a-90e4-ca03f803f588', 'fdbc3244-ae91-49a3-bf38-1e0267525eec', '9fe830fb-0dcc-4020-84b0-16cd2e752415', 'ffc9ed85-e0ca-4ff4-be04-900c9ea5f246', false, NULL, '2025-07-17 14:20:03.474+00', '2025-07-17 14:11:11.74179+00', '2025-07-17 14:20:03.595338+00', true),
	('13eacb4c-7d45-4a23-90fa-4044e7638738', 'fdbc3244-ae91-49a3-bf38-1e0267525eec', 'df933fd9-9062-4ad6-96d3-bc0a324a1ba1', 'ffc9ed85-e0ca-4ff4-be04-900c9ea5f246', false, NULL, '2025-07-17 14:20:03.785+00', '2025-07-17 14:11:11.867553+00', '2025-07-17 14:20:03.868234+00', true),
	('c02a48d3-0a34-4250-b68d-a630bb712725', 'ed9af03b-5152-4508-b46a-0a7831ad5f5b', 'df829a70-a9de-482c-907f-c76a3713e67c', 'ffc9ed85-e0ca-4ff4-be04-900c9ea5f246', true, '2025-07-20 00:41:02.185+00', '2025-07-20 00:41:00.376+00', '2025-07-13 23:11:50.083872+00', '2025-07-20 00:41:14.461782+00', true),
	('cb34b034-57f0-48fa-8378-b96236e0e00c', 'ed9af03b-5152-4508-b46a-0a7831ad5f5b', '71bc51c9-8b2c-4d3e-88fe-1e7c60be8784', 'ffc9ed85-e0ca-4ff4-be04-900c9ea5f246', true, '2025-07-20 00:40:55.116+00', '2025-07-20 00:41:00.376+00', '2025-07-13 22:13:02.091502+00', '2025-07-20 00:41:14.461782+00', true),
	('31e46dff-0471-4293-8d5c-2ad2ab0987ca', 'ed9af03b-5152-4508-b46a-0a7831ad5f5b', 'ee2c8d11-91cc-476b-97c9-5217aa65eee8', 'ffc9ed85-e0ca-4ff4-be04-900c9ea5f246', true, '2025-07-20 00:40:53.992+00', '2025-07-20 00:41:00.376+00', '2025-07-13 03:33:57.120047+00', '2025-07-20 00:41:14.461782+00', true),
	('f6bf0c19-8d6c-457a-addc-d6f5bc2f54ee', 'ed9af03b-5152-4508-b46a-0a7831ad5f5b', 'e36b1b6c-c28c-484e-8ec6-4ad26641ed1d', 'ffc9ed85-e0ca-4ff4-be04-900c9ea5f246', true, '2025-07-20 00:40:51.391+00', '2025-07-20 00:41:00.376+00', '2025-07-14 01:39:54.911053+00', '2025-07-20 00:41:14.461782+00', true);


--
-- Data for Name: user_lesson_requirements_progress; Type: TABLE DATA; Schema: public; Owner: postgres
--

INSERT INTO "public"."user_lesson_requirements_progress" ("id", "user_id", "lesson_id", "song_id", "clear_count", "clear_dates", "best_rank", "last_cleared_at", "is_completed", "created_at", "updated_at", "daily_progress") VALUES
	('0f276766-3bb8-4771-8638-e46b62148d0f', 'ed9af03b-5152-4508-b46a-0a7831ad5f5b', '71bc51c9-8b2c-4d3e-88fe-1e7c60be8784', 'bda2097c-4d32-47ac-acd7-d084386809bb', 3, '{2025-07-15}', 'S', '2025-07-15 06:58:47.725113+00', true, '2025-07-15 02:10:28.239122+00', '2025-07-15 06:58:47.725113+00', '{}'),
	('b7d56234-90d7-43c2-ae5a-581c004fc37b', 'ed9af03b-5152-4508-b46a-0a7831ad5f5b', 'ee2c8d11-91cc-476b-97c9-5217aa65eee8', 'bda2097c-4d32-47ac-acd7-d084386809bb', 10, '{2025-07-14,2025-07-15,2025-07-18}', 'A', '2025-07-18 12:25:41.311049+00', true, '2025-07-14 06:30:33.808494+00', '2025-07-18 12:25:41.311049+00', '{}');


--
-- Data for Name: user_song_play_progress; Type: TABLE DATA; Schema: public; Owner: postgres
--



--
-- Data for Name: user_song_progress; Type: TABLE DATA; Schema: public; Owner: postgres
--

INSERT INTO "public"."user_song_progress" ("id", "user_id", "song_id", "clear_count", "best_rank", "last_cleared_at", "created_at", "updated_at") VALUES
	('7467bc39-be33-4308-9602-b3aefa1171ab', 'ed9af03b-5152-4508-b46a-0a7831ad5f5b', 'bda2097c-4d32-47ac-acd7-d084386809bb', 1, 'A', '2025-07-18 07:02:41.282+00', '2025-07-18 07:02:41.316465+00', '2025-07-18 07:02:41.316465+00'),
	('29c8a96f-d12a-40c2-9ebf-4d86b9e4c0b3', 'ed9af03b-5152-4508-b46a-0a7831ad5f5b', '667dbe14-0391-41d8-a3ef-af73e16c7bf0', 1, 'A', '2025-07-18 11:37:07.750445+00', '2025-07-18 11:37:07.750445+00', '2025-07-18 11:37:07.750445+00');


--
-- Data for Name: user_song_stats; Type: TABLE DATA; Schema: public; Owner: postgres
--

INSERT INTO "public"."user_song_stats" ("id", "user_id", "song_id", "best_rank", "best_score", "clear_count", "last_played", "created_at", "updated_at", "b_rank_plus_count") VALUES
	('5b87ce85-5ba6-4d3d-9036-80eb36df8aed', 'ed9af03b-5152-4508-b46a-0a7831ad5f5b', '667dbe14-0391-41d8-a3ef-af73e16c7bf0', 'A', NULL, 1, '2025-07-18 11:37:07.750445+00', '2025-07-18 11:37:07.750445+00', '2025-07-18 11:37:07.750445+00', 1);


--
-- Data for Name: xp_history; Type: TABLE DATA; Schema: public; Owner: postgres
--

INSERT INTO "public"."xp_history" ("id", "user_id", "song_id", "gained_xp", "base_xp", "speed_multiplier", "rank_multiplier", "transpose_multiplier", "membership_multiplier", "created_at", "mission_multiplier", "reason") VALUES
	('1beebb88-e837-4b13-98b0-98f0757b044c', 'ed9af03b-5152-4508-b46a-0a7831ad5f5b', NULL, 5000, 5000, 1, 1, 1, 1, '2025-07-10 23:29:48.10164+00', 1.0, 'unknown'),
	('554cb6f4-481a-480c-a33d-691745192a01', 'ed9af03b-5152-4508-b46a-0a7831ad5f5b', NULL, 5000, 5000, 1, 1, 1, 1, '2025-07-11 00:02:12.350995+00', 1.0, 'unknown'),
	('c16671fe-55ec-4e9a-b75a-0bdde7b4a050', '1d9c822d-b8e4-4d0a-977d-fabf601faf91', NULL, 5000, 5000, 1, 1, 1, 1, '2025-07-11 00:55:53.950887+00', 1.0, 'unknown'),
	('4e380168-598a-47a7-af34-c40909567b4a', '1d9c822d-b8e4-4d0a-977d-fabf601faf91', NULL, 5000, 5000, 1, 1, 1, 1, '2025-07-11 01:53:28.144217+00', 1.0, 'unknown'),
	('8895aa7b-c98b-4623-9a00-edf5e15e665d', 'ed9af03b-5152-4508-b46a-0a7831ad5f5b', NULL, 5000, 5000, 1, 1, 1, 1, '2025-07-11 22:46:36.551546+00', 1.0, 'unknown'),
	('92873a37-17c4-4c4c-9bdf-a3668d56fb4c', 'ed9af03b-5152-4508-b46a-0a7831ad5f5b', NULL, 5000, 5000, 1, 1, 1, 1, '2025-07-12 21:30:28.265408+00', 1.0, 'unknown'),
	('d7b0fe16-eee7-45de-a6ee-0f5bf832398b', 'ed9af03b-5152-4508-b46a-0a7831ad5f5b', '667dbe14-0391-41d8-a3ef-af73e16c7bf0', 500, 1000, 1, 0.5, 1, 1, '2025-07-13 03:33:12.903249+00', 1.0, 'unknown'),
	('b5020407-aeec-4993-9e95-1e44d3805f02', 'ed9af03b-5152-4508-b46a-0a7831ad5f5b', '667dbe14-0391-41d8-a3ef-af73e16c7bf0', 500, 1000, 1, 0.5, 1, 1, '2025-07-13 03:40:50.945541+00', 1.0, 'unknown'),
	('7714a15a-df2a-4722-938c-16bc66e5f258', 'ed9af03b-5152-4508-b46a-0a7831ad5f5b', 'bda2097c-4d32-47ac-acd7-d084386809bb', 650, 1000, 1, 0.5, 1.3, 1, '2025-07-14 06:30:33.218436+00', 1.0, 'unknown'),
	('b4bc65cf-9e3a-454d-b87c-1a95a1eb4730', 'ed9af03b-5152-4508-b46a-0a7831ad5f5b', 'bda2097c-4d32-47ac-acd7-d084386809bb', 650, 1000, 1, 0.5, 1.3, 1, '2025-07-14 06:32:47.400426+00', 1.0, 'unknown'),
	('a1c7ab20-60f2-430b-8000-cac504291771', 'ed9af03b-5152-4508-b46a-0a7831ad5f5b', 'bda2097c-4d32-47ac-acd7-d084386809bb', 832, 1000, 0.8, 0.8, 1.3, 1, '2025-07-15 02:10:27.871792+00', 1.0, 'unknown'),
	('459e4a8a-b276-4188-bbe1-8c20c0047b90', 'ed9af03b-5152-4508-b46a-0a7831ad5f5b', 'bda2097c-4d32-47ac-acd7-d084386809bb', 1040, 1000, 0.8, 1, 1.3, 1, '2025-07-15 02:11:14.697028+00', 1.0, 'unknown'),
	('8a3c503d-0974-480b-a976-44d6d3872196', 'ed9af03b-5152-4508-b46a-0a7831ad5f5b', 'bda2097c-4d32-47ac-acd7-d084386809bb', 832, 1000, 0.8, 0.8, 1.3, 1, '2025-07-15 06:58:47.277895+00', 1.0, 'unknown'),
	('8f17d801-acf3-41ee-98f4-8d3e3bd96aef', 'ed9af03b-5152-4508-b46a-0a7831ad5f5b', 'bda2097c-4d32-47ac-acd7-d084386809bb', 1040, 1000, 1, 0.8, 1.3, 1, '2025-07-15 07:01:58.09619+00', 1.0, 'unknown'),
	('2cb598c4-e7b4-46ab-90a0-a95562827ca5', 'ed9af03b-5152-4508-b46a-0a7831ad5f5b', 'bda2097c-4d32-47ac-acd7-d084386809bb', 1040, 1000, 1, 0.8, 1.3, 1, '2025-07-15 07:27:04.268587+00', 1.0, 'unknown'),
	('a9119c75-b749-428f-ac73-75146799b579', 'ed9af03b-5152-4508-b46a-0a7831ad5f5b', '667dbe14-0391-41d8-a3ef-af73e16c7bf0', 650, 1000, 1, 0.5, 1.3, 1, '2025-07-15 07:40:18.442275+00', 1.0, 'unknown'),
	('490d3cdb-e80d-433f-9742-f656eac37ae5', 'ed9af03b-5152-4508-b46a-0a7831ad5f5b', 'bda2097c-4d32-47ac-acd7-d084386809bb', 650, 1000, 1, 0.5, 1.3, 1, '2025-07-15 07:45:55.00923+00', 1.0, 'unknown'),
	('c779eb1c-e099-480d-ab9d-fb8b7a70ff81', 'ed9af03b-5152-4508-b46a-0a7831ad5f5b', 'bda2097c-4d32-47ac-acd7-d084386809bb', 650, 1000, 1, 0.5, 1.3, 1, '2025-07-15 07:56:53.195679+00', 1.0, 'unknown'),
	('e406191a-b875-4626-b9c1-904a78e4e001', 'ed9af03b-5152-4508-b46a-0a7831ad5f5b', 'bda2097c-4d32-47ac-acd7-d084386809bb', 650, 1000, 1, 0.5, 1.3, 1, '2025-07-15 08:00:33.789856+00', 1.0, 'unknown'),
	('4c6856ca-2fde-48a1-b78f-8330b43fb42f', 'ed9af03b-5152-4508-b46a-0a7831ad5f5b', 'bda2097c-4d32-47ac-acd7-d084386809bb', 650, 1000, 1, 0.5, 1.3, 1, '2025-07-15 08:00:35.172036+00', 1.0, 'unknown'),
	('0aa633b8-e9cf-430c-bc14-c3f43f14f096', 'ed9af03b-5152-4508-b46a-0a7831ad5f5b', 'bda2097c-4d32-47ac-acd7-d084386809bb', 650, 1000, 1, 0.5, 1.3, 1, '2025-07-15 08:00:40.766897+00', 1.0, 'unknown'),
	('dced323b-3bda-49af-a742-b8019c2efd9e', 'ed9af03b-5152-4508-b46a-0a7831ad5f5b', NULL, 5000, 5000, 1, 1, 1, 1, '2025-07-16 01:30:32.902782+00', 1.0, 'unknown'),
	('7270e4f6-6b77-4ad8-93df-5f6401d155a4', 'ed9af03b-5152-4508-b46a-0a7831ad5f5b', '667dbe14-0391-41d8-a3ef-af73e16c7bf0', 500, 1000, 1, 0.5, 1, 1, '2025-07-16 22:47:23.256809+00', 1.0, 'unknown'),
	('61ba1bf6-3ae6-4302-ab8e-493498eaaba1', 'ed9af03b-5152-4508-b46a-0a7831ad5f5b', '667dbe14-0391-41d8-a3ef-af73e16c7bf0', 500, 1000, 1, 0.5, 1, 1, '2025-07-16 22:47:23.632754+00', 1.0, 'unknown'),
	('ab6dcbd2-0840-40de-922d-b78f02340347', 'ed9af03b-5152-4508-b46a-0a7831ad5f5b', '667dbe14-0391-41d8-a3ef-af73e16c7bf0', 500, 1000, 1, 0.5, 1, 1, '2025-07-16 22:47:23.95116+00', 1.0, 'unknown'),
	('1b5f7f13-bf00-4658-aa51-f67734ff624b', 'ed9af03b-5152-4508-b46a-0a7831ad5f5b', '667dbe14-0391-41d8-a3ef-af73e16c7bf0', 500, 1000, 1, 0.5, 1, 1, '2025-07-16 22:47:24.230665+00', 1.0, 'unknown'),
	('8db6f98e-f01d-4794-896f-29a25811ebab', 'ed9af03b-5152-4508-b46a-0a7831ad5f5b', '667dbe14-0391-41d8-a3ef-af73e16c7bf0', 500, 1000, 1, 0.5, 1, 1, '2025-07-16 22:47:24.504557+00', 1.0, 'unknown'),
	('7b519e29-8317-4900-8fa2-f577081fc622', 'ed9af03b-5152-4508-b46a-0a7831ad5f5b', '667dbe14-0391-41d8-a3ef-af73e16c7bf0', 500, 1000, 1, 0.5, 1, 1, '2025-07-16 22:47:24.820564+00', 1.0, 'unknown'),
	('34f53f38-a0f5-42bf-8cb2-cf01bc1627b8', 'ed9af03b-5152-4508-b46a-0a7831ad5f5b', '667dbe14-0391-41d8-a3ef-af73e16c7bf0', 500, 1000, 1, 0.5, 1, 1, '2025-07-16 22:47:25.090355+00', 1.0, 'unknown'),
	('5187708a-2aea-4ac8-85db-efaa1408e5c6', 'ed9af03b-5152-4508-b46a-0a7831ad5f5b', '667dbe14-0391-41d8-a3ef-af73e16c7bf0', 500, 1000, 1, 0.5, 1, 1, '2025-07-16 22:47:25.366536+00', 1.0, 'unknown'),
	('fb7c263f-bfd3-4eb1-a183-a53e7d3cad3b', 'ed9af03b-5152-4508-b46a-0a7831ad5f5b', '667dbe14-0391-41d8-a3ef-af73e16c7bf0', 500, 1000, 1, 0.5, 1, 1, '2025-07-16 22:47:25.647494+00', 1.0, 'unknown'),
	('6e6b5fd4-1276-4cee-8b67-a11d068539c0', 'ed9af03b-5152-4508-b46a-0a7831ad5f5b', '667dbe14-0391-41d8-a3ef-af73e16c7bf0', 500, 1000, 1, 0.5, 1, 1, '2025-07-16 22:47:25.924074+00', 1.0, 'unknown'),
	('c6b2b28c-432f-4245-b870-7b7e5e0974ac', 'ed9af03b-5152-4508-b46a-0a7831ad5f5b', '667dbe14-0391-41d8-a3ef-af73e16c7bf0', 500, 1000, 1, 0.5, 1, 1, '2025-07-16 22:47:26.219475+00', 1.0, 'unknown'),
	('4fd1b7d3-a2a1-4cfa-bc25-1261240e7079', 'ed9af03b-5152-4508-b46a-0a7831ad5f5b', '667dbe14-0391-41d8-a3ef-af73e16c7bf0', 500, 1000, 1, 0.5, 1, 1, '2025-07-16 22:47:26.496369+00', 1.0, 'unknown'),
	('527a6a05-e57b-4d06-a6e4-4aef4ccae94b', 'ed9af03b-5152-4508-b46a-0a7831ad5f5b', '667dbe14-0391-41d8-a3ef-af73e16c7bf0', 500, 1000, 1, 0.5, 1, 1, '2025-07-16 22:47:26.733448+00', 1.0, 'unknown'),
	('d47f8476-ce70-485b-856a-315e2d71d0a3', 'ed9af03b-5152-4508-b46a-0a7831ad5f5b', '667dbe14-0391-41d8-a3ef-af73e16c7bf0', 500, 1000, 1, 0.5, 1, 1, '2025-07-16 22:47:27.029816+00', 1.0, 'unknown'),
	('88af0c1b-6e9b-4298-9a0a-16af4e21ee05', 'ed9af03b-5152-4508-b46a-0a7831ad5f5b', '667dbe14-0391-41d8-a3ef-af73e16c7bf0', 500, 1000, 1, 0.5, 1, 1, '2025-07-16 22:47:27.298153+00', 1.0, 'unknown'),
	('2497797f-c739-4c46-af6b-49aec0d18593', 'ed9af03b-5152-4508-b46a-0a7831ad5f5b', '667dbe14-0391-41d8-a3ef-af73e16c7bf0', 500, 1000, 1, 0.5, 1, 1, '2025-07-16 22:47:27.561747+00', 1.0, 'unknown'),
	('f27ba430-4c90-43e9-b0a4-e3b85e144f5b', 'ed9af03b-5152-4508-b46a-0a7831ad5f5b', '667dbe14-0391-41d8-a3ef-af73e16c7bf0', 500, 1000, 1, 0.5, 1, 1, '2025-07-16 22:47:27.844452+00', 1.0, 'unknown'),
	('cc41475a-c9d4-41cd-9112-68faded47f73', 'ed9af03b-5152-4508-b46a-0a7831ad5f5b', '667dbe14-0391-41d8-a3ef-af73e16c7bf0', 500, 1000, 1, 0.5, 1, 1, '2025-07-16 22:47:28.117423+00', 1.0, 'unknown'),
	('d1d5ab10-7acc-430a-8c25-e301058adf5f', 'ed9af03b-5152-4508-b46a-0a7831ad5f5b', '667dbe14-0391-41d8-a3ef-af73e16c7bf0', 500, 1000, 1, 0.5, 1, 1, '2025-07-16 22:47:28.410895+00', 1.0, 'unknown'),
	('ba8920b5-0b6e-4250-ab2f-7a8d3aa959bb', 'ed9af03b-5152-4508-b46a-0a7831ad5f5b', '667dbe14-0391-41d8-a3ef-af73e16c7bf0', 500, 1000, 1, 0.5, 1, 1, '2025-07-16 22:47:28.696351+00', 1.0, 'unknown'),
	('dec60a51-5610-44eb-af4c-b94d512d1758', 'ed9af03b-5152-4508-b46a-0a7831ad5f5b', '667dbe14-0391-41d8-a3ef-af73e16c7bf0', 500, 1000, 1, 0.5, 1, 1, '2025-07-16 22:47:28.971105+00', 1.0, 'unknown'),
	('a2d9e26e-641c-4519-8e4d-82ee2717c06c', 'ed9af03b-5152-4508-b46a-0a7831ad5f5b', '667dbe14-0391-41d8-a3ef-af73e16c7bf0', 500, 1000, 1, 0.5, 1, 1, '2025-07-16 22:47:29.241378+00', 1.0, 'unknown'),
	('9000e84c-b298-4d7e-b4e0-b7cf575caa65', 'ed9af03b-5152-4508-b46a-0a7831ad5f5b', '667dbe14-0391-41d8-a3ef-af73e16c7bf0', 500, 1000, 1, 0.5, 1, 1, '2025-07-16 22:47:29.54071+00', 1.0, 'unknown'),
	('c8d93bef-337d-4067-9843-5217a1ca0ec7', 'ed9af03b-5152-4508-b46a-0a7831ad5f5b', '667dbe14-0391-41d8-a3ef-af73e16c7bf0', 500, 1000, 1, 0.5, 1, 1, '2025-07-16 22:47:29.800125+00', 1.0, 'unknown'),
	('7835c190-ed88-404a-83f7-b7f2cea8949d', 'ed9af03b-5152-4508-b46a-0a7831ad5f5b', '667dbe14-0391-41d8-a3ef-af73e16c7bf0', 500, 1000, 1, 0.5, 1, 1, '2025-07-16 22:47:30.077527+00', 1.0, 'unknown'),
	('0119769b-96a7-4dd3-bca0-b12c17e1d604', 'ed9af03b-5152-4508-b46a-0a7831ad5f5b', '667dbe14-0391-41d8-a3ef-af73e16c7bf0', 500, 1000, 1, 0.5, 1, 1, '2025-07-16 22:47:30.357934+00', 1.0, 'unknown'),
	('c8c69b11-1985-4ae6-ae2b-098be8344c0c', 'ed9af03b-5152-4508-b46a-0a7831ad5f5b', '667dbe14-0391-41d8-a3ef-af73e16c7bf0', 500, 1000, 1, 0.5, 1, 1, '2025-07-16 22:47:30.633558+00', 1.0, 'unknown'),
	('28ef45d1-5449-4283-9ec2-47157914a025', 'ed9af03b-5152-4508-b46a-0a7831ad5f5b', '667dbe14-0391-41d8-a3ef-af73e16c7bf0', 500, 1000, 1, 0.5, 1, 1, '2025-07-16 22:47:30.895931+00', 1.0, 'unknown'),
	('43bfdbaf-f373-4474-bcf7-0b5ef56fe521', 'ed9af03b-5152-4508-b46a-0a7831ad5f5b', '667dbe14-0391-41d8-a3ef-af73e16c7bf0', 500, 1000, 1, 0.5, 1, 1, '2025-07-16 22:47:31.183739+00', 1.0, 'unknown'),
	('3a9924b2-ce2a-4b02-8889-09578789a8b1', 'ed9af03b-5152-4508-b46a-0a7831ad5f5b', '667dbe14-0391-41d8-a3ef-af73e16c7bf0', 500, 1000, 1, 0.5, 1, 1, '2025-07-16 22:47:31.499245+00', 1.0, 'unknown'),
	('6baf4e4f-4e4f-4c24-bb5d-470a257960dd', 'ed9af03b-5152-4508-b46a-0a7831ad5f5b', '667dbe14-0391-41d8-a3ef-af73e16c7bf0', 500, 1000, 1, 0.5, 1, 1, '2025-07-16 22:47:31.791365+00', 1.0, 'unknown'),
	('4fef0baf-8270-485b-8f12-a4624dbc6da6', 'ed9af03b-5152-4508-b46a-0a7831ad5f5b', '667dbe14-0391-41d8-a3ef-af73e16c7bf0', 500, 1000, 1, 0.5, 1, 1, '2025-07-16 22:47:32.064881+00', 1.0, 'unknown'),
	('dbccfcc8-71f5-4f83-8120-e2018ca10d38', 'ed9af03b-5152-4508-b46a-0a7831ad5f5b', '667dbe14-0391-41d8-a3ef-af73e16c7bf0', 500, 1000, 1, 0.5, 1, 1, '2025-07-16 22:47:32.330486+00', 1.0, 'unknown'),
	('83c95fc8-0121-42df-b474-5a7b68547e79', 'ed9af03b-5152-4508-b46a-0a7831ad5f5b', '667dbe14-0391-41d8-a3ef-af73e16c7bf0', 500, 1000, 1, 0.5, 1, 1, '2025-07-16 22:47:32.641206+00', 1.0, 'unknown'),
	('6c1d65f8-4726-45ab-bae6-9906a917ce5f', 'ed9af03b-5152-4508-b46a-0a7831ad5f5b', '667dbe14-0391-41d8-a3ef-af73e16c7bf0', 500, 1000, 1, 0.5, 1, 1, '2025-07-16 22:47:32.904013+00', 1.0, 'unknown'),
	('3dc5aaa5-146f-47c7-a099-be1960e1b856', 'ed9af03b-5152-4508-b46a-0a7831ad5f5b', '667dbe14-0391-41d8-a3ef-af73e16c7bf0', 500, 1000, 1, 0.5, 1, 1, '2025-07-16 22:47:33.173596+00', 1.0, 'unknown'),
	('5ce481ab-2efe-40e6-adf5-dc2a95d2eb0c', 'ed9af03b-5152-4508-b46a-0a7831ad5f5b', '667dbe14-0391-41d8-a3ef-af73e16c7bf0', 500, 1000, 1, 0.5, 1, 1, '2025-07-16 22:47:33.430489+00', 1.0, 'unknown'),
	('e184250c-eb88-4338-94d5-d0bf1b11a8a9', 'ed9af03b-5152-4508-b46a-0a7831ad5f5b', '667dbe14-0391-41d8-a3ef-af73e16c7bf0', 500, 1000, 1, 0.5, 1, 1, '2025-07-16 22:47:33.685341+00', 1.0, 'unknown'),
	('229880bc-fde2-40c9-849c-f34e170b935f', 'ed9af03b-5152-4508-b46a-0a7831ad5f5b', '667dbe14-0391-41d8-a3ef-af73e16c7bf0', 500, 1000, 1, 0.5, 1, 1, '2025-07-16 22:47:33.972949+00', 1.0, 'unknown'),
	('94c24e57-d033-4b46-a5d2-c0991869065f', 'ed9af03b-5152-4508-b46a-0a7831ad5f5b', '667dbe14-0391-41d8-a3ef-af73e16c7bf0', 500, 1000, 1, 0.5, 1, 1, '2025-07-16 22:47:34.251321+00', 1.0, 'unknown'),
	('040cec7a-027a-4a50-8f54-4eeeff05a15d', 'ed9af03b-5152-4508-b46a-0a7831ad5f5b', '667dbe14-0391-41d8-a3ef-af73e16c7bf0', 500, 1000, 1, 0.5, 1, 1, '2025-07-16 22:47:34.554805+00', 1.0, 'unknown'),
	('ec2d388b-c0d1-4dbc-996d-172f5b316aaa', 'ed9af03b-5152-4508-b46a-0a7831ad5f5b', '667dbe14-0391-41d8-a3ef-af73e16c7bf0', 500, 1000, 1, 0.5, 1, 1, '2025-07-16 22:47:34.812982+00', 1.0, 'unknown'),
	('dd4b3099-bf34-424b-bc66-abcaf7c06ff5', 'ed9af03b-5152-4508-b46a-0a7831ad5f5b', '667dbe14-0391-41d8-a3ef-af73e16c7bf0', 500, 1000, 1, 0.5, 1, 1, '2025-07-16 22:47:35.454657+00', 1.0, 'unknown'),
	('a99fd56f-bc97-45d7-9db2-ae516d41ccab', 'ed9af03b-5152-4508-b46a-0a7831ad5f5b', '667dbe14-0391-41d8-a3ef-af73e16c7bf0', 500, 1000, 1, 0.5, 1, 1, '2025-07-16 22:47:35.721385+00', 1.0, 'unknown'),
	('f3bab36b-6d2d-4345-99f9-ef664da66bc0', 'ed9af03b-5152-4508-b46a-0a7831ad5f5b', '667dbe14-0391-41d8-a3ef-af73e16c7bf0', 500, 1000, 1, 0.5, 1, 1, '2025-07-16 22:47:36.002331+00', 1.0, 'unknown'),
	('44c18698-87a4-477b-9560-c57c742ae787', 'ed9af03b-5152-4508-b46a-0a7831ad5f5b', '667dbe14-0391-41d8-a3ef-af73e16c7bf0', 500, 1000, 1, 0.5, 1, 1, '2025-07-16 22:47:36.30608+00', 1.0, 'unknown'),
	('6fa6633e-fd95-40b7-8904-967f9342aaa8', 'ed9af03b-5152-4508-b46a-0a7831ad5f5b', '667dbe14-0391-41d8-a3ef-af73e16c7bf0', 500, 1000, 1, 0.5, 1, 1, '2025-07-16 22:47:36.658407+00', 1.0, 'unknown'),
	('71df8c22-2a9f-4d1e-8989-e128b2eae486', 'ed9af03b-5152-4508-b46a-0a7831ad5f5b', '667dbe14-0391-41d8-a3ef-af73e16c7bf0', 500, 1000, 1, 0.5, 1, 1, '2025-07-16 22:47:36.933233+00', 1.0, 'unknown'),
	('05a1c0e5-2859-4be2-850b-18397aed9522', 'ed9af03b-5152-4508-b46a-0a7831ad5f5b', '667dbe14-0391-41d8-a3ef-af73e16c7bf0', 500, 1000, 1, 0.5, 1, 1, '2025-07-16 22:47:37.205814+00', 1.0, 'unknown'),
	('5994b10b-a7a6-4461-9a89-9247da6a666f', 'ed9af03b-5152-4508-b46a-0a7831ad5f5b', '667dbe14-0391-41d8-a3ef-af73e16c7bf0', 500, 1000, 1, 0.5, 1, 1, '2025-07-16 22:47:37.463207+00', 1.0, 'unknown'),
	('9f039c94-234b-4053-9ace-8eec12ae2fc9', 'ed9af03b-5152-4508-b46a-0a7831ad5f5b', '667dbe14-0391-41d8-a3ef-af73e16c7bf0', 500, 1000, 1, 0.5, 1, 1, '2025-07-16 22:47:37.691942+00', 1.0, 'unknown'),
	('54e95ebb-3bb1-459e-af93-2cb51bbe8c2d', 'ed9af03b-5152-4508-b46a-0a7831ad5f5b', '667dbe14-0391-41d8-a3ef-af73e16c7bf0', 500, 1000, 1, 0.5, 1, 1, '2025-07-16 22:47:37.941339+00', 1.0, 'unknown'),
	('75015652-f86e-459c-9f29-dc3337a5a056', 'ed9af03b-5152-4508-b46a-0a7831ad5f5b', '667dbe14-0391-41d8-a3ef-af73e16c7bf0', 500, 1000, 1, 0.5, 1, 1, '2025-07-16 22:47:38.180961+00', 1.0, 'unknown'),
	('4710853a-63ff-4ff3-83d0-b847b7f6cc8f', 'ed9af03b-5152-4508-b46a-0a7831ad5f5b', '667dbe14-0391-41d8-a3ef-af73e16c7bf0', 500, 1000, 1, 0.5, 1, 1, '2025-07-16 22:47:38.4063+00', 1.0, 'unknown'),
	('b75641bb-27d4-4a9d-a928-ca9c15a5082d', 'ed9af03b-5152-4508-b46a-0a7831ad5f5b', '667dbe14-0391-41d8-a3ef-af73e16c7bf0', 500, 1000, 1, 0.5, 1, 1, '2025-07-16 22:47:38.62677+00', 1.0, 'unknown'),
	('8a5b2497-6103-43ff-b742-fc5263d74295', 'ed9af03b-5152-4508-b46a-0a7831ad5f5b', '667dbe14-0391-41d8-a3ef-af73e16c7bf0', 500, 1000, 1, 0.5, 1, 1, '2025-07-16 22:47:38.872376+00', 1.0, 'unknown'),
	('cd174b90-e839-4c17-b450-212e95d8ed2b', 'ed9af03b-5152-4508-b46a-0a7831ad5f5b', '667dbe14-0391-41d8-a3ef-af73e16c7bf0', 500, 1000, 1, 0.5, 1, 1, '2025-07-16 22:47:39.110124+00', 1.0, 'unknown'),
	('c661ed4d-3bdc-458d-8666-39ee950bda0c', 'ed9af03b-5152-4508-b46a-0a7831ad5f5b', '667dbe14-0391-41d8-a3ef-af73e16c7bf0', 500, 1000, 1, 0.5, 1, 1, '2025-07-16 22:47:39.371495+00', 1.0, 'unknown'),
	('1db2e381-2c2f-4b6e-97b8-ec07af913301', 'ed9af03b-5152-4508-b46a-0a7831ad5f5b', '667dbe14-0391-41d8-a3ef-af73e16c7bf0', 500, 1000, 1, 0.5, 1, 1, '2025-07-16 22:47:39.603017+00', 1.0, 'unknown'),
	('0e44a0bc-a2cf-4a36-8505-09508ed51b99', 'ed9af03b-5152-4508-b46a-0a7831ad5f5b', '667dbe14-0391-41d8-a3ef-af73e16c7bf0', 500, 1000, 1, 0.5, 1, 1, '2025-07-16 22:47:39.867556+00', 1.0, 'unknown'),
	('10395ddd-329d-48a3-b9f1-ea0ada97cf93', 'ed9af03b-5152-4508-b46a-0a7831ad5f5b', '667dbe14-0391-41d8-a3ef-af73e16c7bf0', 500, 1000, 1, 0.5, 1, 1, '2025-07-16 22:47:40.148923+00', 1.0, 'unknown'),
	('6644a84f-7ab9-4e43-8f3f-b3eeafe156df', 'ed9af03b-5152-4508-b46a-0a7831ad5f5b', '667dbe14-0391-41d8-a3ef-af73e16c7bf0', 500, 1000, 1, 0.5, 1, 1, '2025-07-16 22:47:40.416408+00', 1.0, 'unknown'),
	('7ed2cfb0-bb43-4389-9118-de8054c97190', 'ed9af03b-5152-4508-b46a-0a7831ad5f5b', '667dbe14-0391-41d8-a3ef-af73e16c7bf0', 500, 1000, 1, 0.5, 1, 1, '2025-07-16 22:47:40.720544+00', 1.0, 'unknown'),
	('8186fe1e-6c79-4c8b-ac3a-316762c27941', 'ed9af03b-5152-4508-b46a-0a7831ad5f5b', '667dbe14-0391-41d8-a3ef-af73e16c7bf0', 500, 1000, 1, 0.5, 1, 1, '2025-07-16 22:47:40.989162+00', 1.0, 'unknown'),
	('99580081-4823-44b2-b8c3-7d83e9c63b93', 'ed9af03b-5152-4508-b46a-0a7831ad5f5b', '667dbe14-0391-41d8-a3ef-af73e16c7bf0', 500, 1000, 1, 0.5, 1, 1, '2025-07-16 22:47:41.212167+00', 1.0, 'unknown'),
	('147c036c-3262-4775-b500-2b300d99e915', 'ed9af03b-5152-4508-b46a-0a7831ad5f5b', '667dbe14-0391-41d8-a3ef-af73e16c7bf0', 500, 1000, 1, 0.5, 1, 1, '2025-07-16 22:47:41.443756+00', 1.0, 'unknown'),
	('54304949-ad9a-4752-b5c8-032098842ae4', 'ed9af03b-5152-4508-b46a-0a7831ad5f5b', '667dbe14-0391-41d8-a3ef-af73e16c7bf0', 500, 1000, 1, 0.5, 1, 1, '2025-07-16 22:47:41.690914+00', 1.0, 'unknown'),
	('0c7d34bf-49a8-4f34-aba7-7f2cebf0eaf5', 'ed9af03b-5152-4508-b46a-0a7831ad5f5b', '667dbe14-0391-41d8-a3ef-af73e16c7bf0', 500, 1000, 1, 0.5, 1, 1, '2025-07-16 22:47:41.909833+00', 1.0, 'unknown'),
	('948f0310-fd64-45af-82a6-6ac38518b1ca', 'ed9af03b-5152-4508-b46a-0a7831ad5f5b', '667dbe14-0391-41d8-a3ef-af73e16c7bf0', 500, 1000, 1, 0.5, 1, 1, '2025-07-16 22:47:42.182774+00', 1.0, 'unknown'),
	('b1b7eed9-2e2a-4387-abd3-f597db94e5a2', 'ed9af03b-5152-4508-b46a-0a7831ad5f5b', '667dbe14-0391-41d8-a3ef-af73e16c7bf0', 500, 1000, 1, 0.5, 1, 1, '2025-07-16 22:47:42.436372+00', 1.0, 'unknown'),
	('af3624cd-9fde-4b91-a85a-f131d6ade38a', 'ed9af03b-5152-4508-b46a-0a7831ad5f5b', '667dbe14-0391-41d8-a3ef-af73e16c7bf0', 500, 1000, 1, 0.5, 1, 1, '2025-07-16 22:47:42.728673+00', 1.0, 'unknown'),
	('08232f9e-609c-4f04-9069-c149868c5e6d', 'ed9af03b-5152-4508-b46a-0a7831ad5f5b', '667dbe14-0391-41d8-a3ef-af73e16c7bf0', 500, 1000, 1, 0.5, 1, 1, '2025-07-16 22:47:42.973005+00', 1.0, 'unknown'),
	('51cdf962-d452-4326-85a4-10151775dee5', 'ed9af03b-5152-4508-b46a-0a7831ad5f5b', '667dbe14-0391-41d8-a3ef-af73e16c7bf0', 500, 1000, 1, 0.5, 1, 1, '2025-07-16 22:47:43.221187+00', 1.0, 'unknown'),
	('e878929f-e4e7-43d3-af5c-6e5495eb7d78', 'ed9af03b-5152-4508-b46a-0a7831ad5f5b', '667dbe14-0391-41d8-a3ef-af73e16c7bf0', 500, 1000, 1, 0.5, 1, 1, '2025-07-16 22:47:43.692232+00', 1.0, 'unknown'),
	('58516ee0-1001-4275-bc22-2ac666ba916e', 'ed9af03b-5152-4508-b46a-0a7831ad5f5b', '667dbe14-0391-41d8-a3ef-af73e16c7bf0', 500, 1000, 1, 0.5, 1, 1, '2025-07-16 22:47:44.005592+00', 1.0, 'unknown'),
	('95083886-8837-4815-be7d-83c12e6f3387', 'ed9af03b-5152-4508-b46a-0a7831ad5f5b', '667dbe14-0391-41d8-a3ef-af73e16c7bf0', 500, 1000, 1, 0.5, 1, 1, '2025-07-16 22:47:44.238099+00', 1.0, 'unknown'),
	('74767e2b-c5d1-4816-af35-4c4f7361162e', 'ed9af03b-5152-4508-b46a-0a7831ad5f5b', '667dbe14-0391-41d8-a3ef-af73e16c7bf0', 500, 1000, 1, 0.5, 1, 1, '2025-07-16 22:47:44.484363+00', 1.0, 'unknown'),
	('5ba752d1-9fce-4307-95ea-1e9a4c4577aa', 'ed9af03b-5152-4508-b46a-0a7831ad5f5b', '667dbe14-0391-41d8-a3ef-af73e16c7bf0', 500, 1000, 1, 0.5, 1, 1, '2025-07-16 22:47:44.709906+00', 1.0, 'unknown'),
	('e149b61f-3dd0-4f71-8913-232bcbe06c81', 'ed9af03b-5152-4508-b46a-0a7831ad5f5b', '667dbe14-0391-41d8-a3ef-af73e16c7bf0', 500, 1000, 1, 0.5, 1, 1, '2025-07-16 22:47:44.971049+00', 1.0, 'unknown'),
	('535961bd-9591-4e59-8d52-e221c50e624c', 'ed9af03b-5152-4508-b46a-0a7831ad5f5b', '667dbe14-0391-41d8-a3ef-af73e16c7bf0', 500, 1000, 1, 0.5, 1, 1, '2025-07-16 22:47:45.25025+00', 1.0, 'unknown'),
	('bf233c67-39a9-46e1-be4b-5b445668d00c', 'ed9af03b-5152-4508-b46a-0a7831ad5f5b', '667dbe14-0391-41d8-a3ef-af73e16c7bf0', 500, 1000, 1, 0.5, 1, 1, '2025-07-16 22:47:45.493467+00', 1.0, 'unknown'),
	('6433c775-a383-4446-99b2-068f5497a690', 'ed9af03b-5152-4508-b46a-0a7831ad5f5b', '667dbe14-0391-41d8-a3ef-af73e16c7bf0', 500, 1000, 1, 0.5, 1, 1, '2025-07-16 22:47:45.765337+00', 1.0, 'unknown'),
	('aff224c5-8588-46c0-a288-d0c377065749', 'ed9af03b-5152-4508-b46a-0a7831ad5f5b', '667dbe14-0391-41d8-a3ef-af73e16c7bf0', 500, 1000, 1, 0.5, 1, 1, '2025-07-16 22:47:46.037166+00', 1.0, 'unknown'),
	('295a3933-e886-4a21-b756-7d7bebf737bd', 'ed9af03b-5152-4508-b46a-0a7831ad5f5b', '667dbe14-0391-41d8-a3ef-af73e16c7bf0', 500, 1000, 1, 0.5, 1, 1, '2025-07-16 22:47:46.302901+00', 1.0, 'unknown'),
	('0d5827cc-7616-4ba4-99de-aa928877c6ce', 'ed9af03b-5152-4508-b46a-0a7831ad5f5b', '667dbe14-0391-41d8-a3ef-af73e16c7bf0', 500, 1000, 1, 0.5, 1, 1, '2025-07-16 22:47:46.58969+00', 1.0, 'unknown'),
	('0c3580c7-5fa8-4f29-b45a-c3298c3c113c', 'ed9af03b-5152-4508-b46a-0a7831ad5f5b', '667dbe14-0391-41d8-a3ef-af73e16c7bf0', 500, 1000, 1, 0.5, 1, 1, '2025-07-16 22:47:46.821309+00', 1.0, 'unknown'),
	('4fba5ba4-f492-44e4-9490-ebc3832fe81b', 'ed9af03b-5152-4508-b46a-0a7831ad5f5b', '667dbe14-0391-41d8-a3ef-af73e16c7bf0', 500, 1000, 1, 0.5, 1, 1, '2025-07-16 22:47:47.060952+00', 1.0, 'unknown'),
	('5a7e0251-bb09-45d4-b183-2aba5a34672a', 'ed9af03b-5152-4508-b46a-0a7831ad5f5b', '667dbe14-0391-41d8-a3ef-af73e16c7bf0', 500, 1000, 1, 0.5, 1, 1, '2025-07-16 22:47:47.325625+00', 1.0, 'unknown'),
	('1b44cfc9-7fba-404f-8a61-e775aa9f5b21', 'ed9af03b-5152-4508-b46a-0a7831ad5f5b', '667dbe14-0391-41d8-a3ef-af73e16c7bf0', 500, 1000, 1, 0.5, 1, 1, '2025-07-16 22:47:47.600204+00', 1.0, 'unknown'),
	('b51f308c-b71b-4996-9785-c469be2e7b8a', 'ed9af03b-5152-4508-b46a-0a7831ad5f5b', '667dbe14-0391-41d8-a3ef-af73e16c7bf0', 500, 1000, 1, 0.5, 1, 1, '2025-07-16 22:47:47.88555+00', 1.0, 'unknown'),
	('fb71150d-925f-43ee-9d77-b2fcd793e3d8', 'ed9af03b-5152-4508-b46a-0a7831ad5f5b', '667dbe14-0391-41d8-a3ef-af73e16c7bf0', 500, 1000, 1, 0.5, 1, 1, '2025-07-16 22:47:48.139354+00', 1.0, 'unknown'),
	('6e16a09b-ba15-4bfa-b2a5-11ec17700a3d', 'ed9af03b-5152-4508-b46a-0a7831ad5f5b', '667dbe14-0391-41d8-a3ef-af73e16c7bf0', 500, 1000, 1, 0.5, 1, 1, '2025-07-16 22:47:48.364718+00', 1.0, 'unknown'),
	('555f7d55-dd09-423d-bbb1-372a4c4fe2d4', 'ed9af03b-5152-4508-b46a-0a7831ad5f5b', '667dbe14-0391-41d8-a3ef-af73e16c7bf0', 500, 1000, 1, 0.5, 1, 1, '2025-07-16 22:47:48.633286+00', 1.0, 'unknown'),
	('70a03e2a-84d5-499d-b1fe-cfd9f80647dd', 'ed9af03b-5152-4508-b46a-0a7831ad5f5b', '667dbe14-0391-41d8-a3ef-af73e16c7bf0', 500, 1000, 1, 0.5, 1, 1, '2025-07-16 22:47:48.919499+00', 1.0, 'unknown'),
	('da93c0cc-610a-477e-b26f-dd39ce87b487', 'ed9af03b-5152-4508-b46a-0a7831ad5f5b', '667dbe14-0391-41d8-a3ef-af73e16c7bf0', 500, 1000, 1, 0.5, 1, 1, '2025-07-16 22:47:49.202431+00', 1.0, 'unknown'),
	('c0a6da8c-46c0-4c90-bc53-1f1a197b7bf7', 'ed9af03b-5152-4508-b46a-0a7831ad5f5b', '667dbe14-0391-41d8-a3ef-af73e16c7bf0', 500, 1000, 1, 0.5, 1, 1, '2025-07-16 22:47:49.463647+00', 1.0, 'unknown'),
	('0fd68de7-ba13-4744-99db-882e67e44b59', 'ed9af03b-5152-4508-b46a-0a7831ad5f5b', '667dbe14-0391-41d8-a3ef-af73e16c7bf0', 500, 1000, 1, 0.5, 1, 1, '2025-07-16 22:47:49.74864+00', 1.0, 'unknown'),
	('403046f0-6a47-4fc7-9411-b0e375e1e52b', 'ed9af03b-5152-4508-b46a-0a7831ad5f5b', '667dbe14-0391-41d8-a3ef-af73e16c7bf0', 500, 1000, 1, 0.5, 1, 1, '2025-07-16 22:47:50.015856+00', 1.0, 'unknown'),
	('82cd241c-f39f-47e0-8d96-db46d757cbd8', 'ed9af03b-5152-4508-b46a-0a7831ad5f5b', '667dbe14-0391-41d8-a3ef-af73e16c7bf0', 500, 1000, 1, 0.5, 1, 1, '2025-07-16 22:47:50.295707+00', 1.0, 'unknown'),
	('c7851265-af3c-4e80-8f5d-c07b3788f360', 'ed9af03b-5152-4508-b46a-0a7831ad5f5b', '667dbe14-0391-41d8-a3ef-af73e16c7bf0', 500, 1000, 1, 0.5, 1, 1, '2025-07-16 22:47:50.547838+00', 1.0, 'unknown'),
	('2a9e0d7c-b97a-4503-86b8-9be27109a0eb', 'ed9af03b-5152-4508-b46a-0a7831ad5f5b', '667dbe14-0391-41d8-a3ef-af73e16c7bf0', 500, 1000, 1, 0.5, 1, 1, '2025-07-16 22:47:50.828049+00', 1.0, 'unknown'),
	('1dc0d530-98c6-4c9b-bab2-40d9a95e17c7', 'ed9af03b-5152-4508-b46a-0a7831ad5f5b', '667dbe14-0391-41d8-a3ef-af73e16c7bf0', 500, 1000, 1, 0.5, 1, 1, '2025-07-16 22:47:51.098173+00', 1.0, 'unknown'),
	('132b30e2-cf36-440a-baa1-2b56a5029103', 'ed9af03b-5152-4508-b46a-0a7831ad5f5b', '667dbe14-0391-41d8-a3ef-af73e16c7bf0', 500, 1000, 1, 0.5, 1, 1, '2025-07-16 22:47:51.421707+00', 1.0, 'unknown'),
	('a7d512c8-e0a0-4b71-a8cf-f2295b54ae72', 'ed9af03b-5152-4508-b46a-0a7831ad5f5b', '667dbe14-0391-41d8-a3ef-af73e16c7bf0', 500, 1000, 1, 0.5, 1, 1, '2025-07-16 22:47:51.669968+00', 1.0, 'unknown'),
	('51a5544c-54fa-42f4-8030-32e70fe7f17e', 'ed9af03b-5152-4508-b46a-0a7831ad5f5b', '667dbe14-0391-41d8-a3ef-af73e16c7bf0', 500, 1000, 1, 0.5, 1, 1, '2025-07-16 22:47:51.938623+00', 1.0, 'unknown'),
	('df1540d3-8d77-4247-98a8-af193b40eea5', 'ed9af03b-5152-4508-b46a-0a7831ad5f5b', '667dbe14-0391-41d8-a3ef-af73e16c7bf0', 500, 1000, 1, 0.5, 1, 1, '2025-07-16 22:47:52.197278+00', 1.0, 'unknown'),
	('01eefee6-3e23-46d4-bc24-7f4ea66d9e52', 'ed9af03b-5152-4508-b46a-0a7831ad5f5b', '667dbe14-0391-41d8-a3ef-af73e16c7bf0', 500, 1000, 1, 0.5, 1, 1, '2025-07-16 22:47:52.438443+00', 1.0, 'unknown'),
	('189b147a-178b-4152-acfc-51bfa820042a', 'ed9af03b-5152-4508-b46a-0a7831ad5f5b', '667dbe14-0391-41d8-a3ef-af73e16c7bf0', 500, 1000, 1, 0.5, 1, 1, '2025-07-16 22:47:52.712778+00', 1.0, 'unknown'),
	('12464458-1a0b-463e-83cc-09bf5e53f86b', 'ed9af03b-5152-4508-b46a-0a7831ad5f5b', '667dbe14-0391-41d8-a3ef-af73e16c7bf0', 500, 1000, 1, 0.5, 1, 1, '2025-07-16 22:47:53.000129+00', 1.0, 'unknown'),
	('3048d020-c366-426a-8e7d-a08ec9bbe921', 'ed9af03b-5152-4508-b46a-0a7831ad5f5b', '667dbe14-0391-41d8-a3ef-af73e16c7bf0', 500, 1000, 1, 0.5, 1, 1, '2025-07-16 22:47:53.237033+00', 1.0, 'unknown'),
	('4dc306d7-faae-49ac-8a01-91b44bc05237', 'ed9af03b-5152-4508-b46a-0a7831ad5f5b', '667dbe14-0391-41d8-a3ef-af73e16c7bf0', 500, 1000, 1, 0.5, 1, 1, '2025-07-16 22:47:53.491961+00', 1.0, 'unknown'),
	('d5aa4fe7-e42a-4b7e-ab42-2b3048c52d4e', 'ed9af03b-5152-4508-b46a-0a7831ad5f5b', '667dbe14-0391-41d8-a3ef-af73e16c7bf0', 500, 1000, 1, 0.5, 1, 1, '2025-07-16 22:47:53.777982+00', 1.0, 'unknown'),
	('3fc59a6c-96e4-4185-95d4-9239e82b3878', 'ed9af03b-5152-4508-b46a-0a7831ad5f5b', '667dbe14-0391-41d8-a3ef-af73e16c7bf0', 500, 1000, 1, 0.5, 1, 1, '2025-07-16 22:47:54.040045+00', 1.0, 'unknown'),
	('40344681-c770-42e2-9ffa-15a0c50a93c0', 'ed9af03b-5152-4508-b46a-0a7831ad5f5b', '667dbe14-0391-41d8-a3ef-af73e16c7bf0', 500, 1000, 1, 0.5, 1, 1, '2025-07-16 22:47:54.372584+00', 1.0, 'unknown'),
	('f19329a2-e0d7-4921-a26e-478fa682dc57', 'ed9af03b-5152-4508-b46a-0a7831ad5f5b', '667dbe14-0391-41d8-a3ef-af73e16c7bf0', 500, 1000, 1, 0.5, 1, 1, '2025-07-16 22:47:54.661764+00', 1.0, 'unknown'),
	('ac4967eb-b913-41dd-a719-c235133733c8', 'ed9af03b-5152-4508-b46a-0a7831ad5f5b', '667dbe14-0391-41d8-a3ef-af73e16c7bf0', 500, 1000, 1, 0.5, 1, 1, '2025-07-16 22:47:54.937437+00', 1.0, 'unknown'),
	('17c9c0ef-340f-4252-95cb-b5aad4982a9b', 'ed9af03b-5152-4508-b46a-0a7831ad5f5b', '667dbe14-0391-41d8-a3ef-af73e16c7bf0', 500, 1000, 1, 0.5, 1, 1, '2025-07-16 22:47:55.213098+00', 1.0, 'unknown'),
	('d4716051-c635-47fc-9a0a-150c84bd8ab4', 'ed9af03b-5152-4508-b46a-0a7831ad5f5b', '667dbe14-0391-41d8-a3ef-af73e16c7bf0', 500, 1000, 1, 0.5, 1, 1, '2025-07-16 22:47:55.467625+00', 1.0, 'unknown'),
	('c2695734-d7bf-4da7-b794-ce3c3e1f0578', 'ed9af03b-5152-4508-b46a-0a7831ad5f5b', '667dbe14-0391-41d8-a3ef-af73e16c7bf0', 500, 1000, 1, 0.5, 1, 1, '2025-07-16 22:47:55.739004+00', 1.0, 'unknown'),
	('c7cc115d-0120-4c77-b08c-86eb6eaeb812', 'ed9af03b-5152-4508-b46a-0a7831ad5f5b', '667dbe14-0391-41d8-a3ef-af73e16c7bf0', 500, 1000, 1, 0.5, 1, 1, '2025-07-16 22:47:56.012741+00', 1.0, 'unknown'),
	('1004d22f-3772-467d-a812-795f1cb6f372', 'ed9af03b-5152-4508-b46a-0a7831ad5f5b', '667dbe14-0391-41d8-a3ef-af73e16c7bf0', 500, 1000, 1, 0.5, 1, 1, '2025-07-16 22:47:56.307928+00', 1.0, 'unknown'),
	('3759ecdc-bbd4-4b59-9bb8-bdd8cc7a3764', 'ed9af03b-5152-4508-b46a-0a7831ad5f5b', '667dbe14-0391-41d8-a3ef-af73e16c7bf0', 500, 1000, 1, 0.5, 1, 1, '2025-07-16 22:47:56.549037+00', 1.0, 'unknown'),
	('b11e5ee6-fa94-4e87-8c4b-9e946f55f589', 'ed9af03b-5152-4508-b46a-0a7831ad5f5b', '667dbe14-0391-41d8-a3ef-af73e16c7bf0', 500, 1000, 1, 0.5, 1, 1, '2025-07-16 22:47:56.893881+00', 1.0, 'unknown'),
	('44eab5d7-c4cf-404e-b679-1d6c0fa21254', 'ed9af03b-5152-4508-b46a-0a7831ad5f5b', '667dbe14-0391-41d8-a3ef-af73e16c7bf0', 500, 1000, 1, 0.5, 1, 1, '2025-07-16 22:47:57.183251+00', 1.0, 'unknown'),
	('308d33cd-02e8-4489-ab25-d3278a2aebf5', 'ed9af03b-5152-4508-b46a-0a7831ad5f5b', '667dbe14-0391-41d8-a3ef-af73e16c7bf0', 500, 1000, 1, 0.5, 1, 1, '2025-07-16 22:47:57.505914+00', 1.0, 'unknown'),
	('0cc111fa-9170-41ab-9676-c243870aba5e', 'ed9af03b-5152-4508-b46a-0a7831ad5f5b', '667dbe14-0391-41d8-a3ef-af73e16c7bf0', 500, 1000, 1, 0.5, 1, 1, '2025-07-16 22:47:57.784904+00', 1.0, 'unknown'),
	('5dc600bf-14fb-47d3-bf0a-03990dc29ea5', 'ed9af03b-5152-4508-b46a-0a7831ad5f5b', '667dbe14-0391-41d8-a3ef-af73e16c7bf0', 500, 1000, 1, 0.5, 1, 1, '2025-07-16 22:47:58.103838+00', 1.0, 'unknown'),
	('1ee3587f-4056-4080-913c-f9bfeba223cc', 'ed9af03b-5152-4508-b46a-0a7831ad5f5b', '667dbe14-0391-41d8-a3ef-af73e16c7bf0', 500, 1000, 1, 0.5, 1, 1, '2025-07-16 22:47:58.383807+00', 1.0, 'unknown'),
	('4d07c73f-d9fd-44cb-b17d-f25214f09ab9', 'ed9af03b-5152-4508-b46a-0a7831ad5f5b', '667dbe14-0391-41d8-a3ef-af73e16c7bf0', 500, 1000, 1, 0.5, 1, 1, '2025-07-16 22:47:58.655258+00', 1.0, 'unknown'),
	('b6271f0d-e9cb-42c7-af8d-2faa3acb4935', 'ed9af03b-5152-4508-b46a-0a7831ad5f5b', '667dbe14-0391-41d8-a3ef-af73e16c7bf0', 500, 1000, 1, 0.5, 1, 1, '2025-07-16 22:47:58.953797+00', 1.0, 'unknown'),
	('0874cd3f-6ba2-43b3-ba59-bc3b8c150fa7', 'ed9af03b-5152-4508-b46a-0a7831ad5f5b', '667dbe14-0391-41d8-a3ef-af73e16c7bf0', 500, 1000, 1, 0.5, 1, 1, '2025-07-16 22:47:59.257067+00', 1.0, 'unknown'),
	('585efa63-f00b-49df-aa1b-1f3bbc20f141', 'ed9af03b-5152-4508-b46a-0a7831ad5f5b', '667dbe14-0391-41d8-a3ef-af73e16c7bf0', 500, 1000, 1, 0.5, 1, 1, '2025-07-16 22:47:59.533164+00', 1.0, 'unknown'),
	('1a7816b8-cee8-4165-b081-a8f727cc297d', 'ed9af03b-5152-4508-b46a-0a7831ad5f5b', '667dbe14-0391-41d8-a3ef-af73e16c7bf0', 500, 1000, 1, 0.5, 1, 1, '2025-07-16 22:47:59.803156+00', 1.0, 'unknown'),
	('94281d59-0670-4ee6-982a-eadde4e5814f', 'ed9af03b-5152-4508-b46a-0a7831ad5f5b', '667dbe14-0391-41d8-a3ef-af73e16c7bf0', 500, 1000, 1, 0.5, 1, 1, '2025-07-16 22:48:00.066905+00', 1.0, 'unknown'),
	('2133ea88-11ba-4c80-b1dd-c50907b1e9f6', 'ed9af03b-5152-4508-b46a-0a7831ad5f5b', '667dbe14-0391-41d8-a3ef-af73e16c7bf0', 500, 1000, 1, 0.5, 1, 1, '2025-07-16 22:48:00.315405+00', 1.0, 'unknown'),
	('95881443-2bd0-4e33-8211-56a400b9123c', 'ed9af03b-5152-4508-b46a-0a7831ad5f5b', '667dbe14-0391-41d8-a3ef-af73e16c7bf0', 500, 1000, 1, 0.5, 1, 1, '2025-07-16 22:48:00.635078+00', 1.0, 'unknown'),
	('aefeb71e-8e57-47c3-9158-9974a3c755cf', 'ed9af03b-5152-4508-b46a-0a7831ad5f5b', '667dbe14-0391-41d8-a3ef-af73e16c7bf0', 500, 1000, 1, 0.5, 1, 1, '2025-07-16 22:48:00.917352+00', 1.0, 'unknown'),
	('b44ab3bf-8293-42ff-973d-bbf6efd38b0a', 'ed9af03b-5152-4508-b46a-0a7831ad5f5b', '667dbe14-0391-41d8-a3ef-af73e16c7bf0', 500, 1000, 1, 0.5, 1, 1, '2025-07-16 22:48:01.174612+00', 1.0, 'unknown'),
	('592dc81e-6d89-47ee-9f54-2cdad6faa727', 'ed9af03b-5152-4508-b46a-0a7831ad5f5b', '667dbe14-0391-41d8-a3ef-af73e16c7bf0', 500, 1000, 1, 0.5, 1, 1, '2025-07-16 22:48:01.502734+00', 1.0, 'unknown'),
	('61fd3c6c-3d76-4c67-9b7d-b5f4b00c01b2', 'ed9af03b-5152-4508-b46a-0a7831ad5f5b', '667dbe14-0391-41d8-a3ef-af73e16c7bf0', 500, 1000, 1, 0.5, 1, 1, '2025-07-16 22:48:01.826206+00', 1.0, 'unknown'),
	('59867f0f-0bc5-46dc-a81a-0122de2583a6', 'ed9af03b-5152-4508-b46a-0a7831ad5f5b', '667dbe14-0391-41d8-a3ef-af73e16c7bf0', 500, 1000, 1, 0.5, 1, 1, '2025-07-16 22:48:02.245262+00', 1.0, 'unknown'),
	('74494b5d-0dd1-472d-93bf-0b363e96df09', 'ed9af03b-5152-4508-b46a-0a7831ad5f5b', '667dbe14-0391-41d8-a3ef-af73e16c7bf0', 500, 1000, 1, 0.5, 1, 1, '2025-07-16 22:48:02.61792+00', 1.0, 'unknown'),
	('4ad0a114-1563-4827-a52b-d9466ac366b5', 'ed9af03b-5152-4508-b46a-0a7831ad5f5b', '667dbe14-0391-41d8-a3ef-af73e16c7bf0', 500, 1000, 1, 0.5, 1, 1, '2025-07-16 22:48:02.928264+00', 1.0, 'unknown'),
	('be2ee51b-d824-4b9f-b1ca-ae10e3f17b43', 'ed9af03b-5152-4508-b46a-0a7831ad5f5b', '667dbe14-0391-41d8-a3ef-af73e16c7bf0', 500, 1000, 1, 0.5, 1, 1, '2025-07-16 22:48:03.235587+00', 1.0, 'unknown'),
	('de66526d-0176-49b6-b88f-9f3132956197', 'ed9af03b-5152-4508-b46a-0a7831ad5f5b', '667dbe14-0391-41d8-a3ef-af73e16c7bf0', 500, 1000, 1, 0.5, 1, 1, '2025-07-16 22:48:03.588821+00', 1.0, 'unknown'),
	('ef6b2b84-d837-4e6f-b536-fd2a7bc522ca', 'ed9af03b-5152-4508-b46a-0a7831ad5f5b', '667dbe14-0391-41d8-a3ef-af73e16c7bf0', 500, 1000, 1, 0.5, 1, 1, '2025-07-16 22:48:03.932231+00', 1.0, 'unknown'),
	('99c0b0c0-b62b-4cfb-a7ba-a39c2aea9aa7', 'ed9af03b-5152-4508-b46a-0a7831ad5f5b', '667dbe14-0391-41d8-a3ef-af73e16c7bf0', 500, 1000, 1, 0.5, 1, 1, '2025-07-16 22:48:04.253458+00', 1.0, 'unknown'),
	('e9f6ae8b-452e-4e4b-b77b-c01f092516d2', 'ed9af03b-5152-4508-b46a-0a7831ad5f5b', '667dbe14-0391-41d8-a3ef-af73e16c7bf0', 500, 1000, 1, 0.5, 1, 1, '2025-07-16 22:48:04.560728+00', 1.0, 'unknown'),
	('f5a0dc7a-6f70-49a5-845b-b14689337a01', 'ed9af03b-5152-4508-b46a-0a7831ad5f5b', '667dbe14-0391-41d8-a3ef-af73e16c7bf0', 500, 1000, 1, 0.5, 1, 1, '2025-07-16 22:48:04.898457+00', 1.0, 'unknown'),
	('57f1fef4-3b11-42d1-bebc-37502314d89b', 'ed9af03b-5152-4508-b46a-0a7831ad5f5b', '667dbe14-0391-41d8-a3ef-af73e16c7bf0', 500, 1000, 1, 0.5, 1, 1, '2025-07-16 22:48:05.213892+00', 1.0, 'unknown'),
	('2f716b2b-70e8-4e49-ac72-05fc8e18b51f', 'ed9af03b-5152-4508-b46a-0a7831ad5f5b', '667dbe14-0391-41d8-a3ef-af73e16c7bf0', 500, 1000, 1, 0.5, 1, 1, '2025-07-16 22:48:05.521664+00', 1.0, 'unknown'),
	('d9577b81-ae7b-4485-81ff-404f5a6e34a3', 'ed9af03b-5152-4508-b46a-0a7831ad5f5b', '667dbe14-0391-41d8-a3ef-af73e16c7bf0', 500, 1000, 1, 0.5, 1, 1, '2025-07-16 22:48:05.933281+00', 1.0, 'unknown'),
	('ac9230bc-aca9-408b-a63b-544216783ce4', 'ed9af03b-5152-4508-b46a-0a7831ad5f5b', '667dbe14-0391-41d8-a3ef-af73e16c7bf0', 500, 1000, 1, 0.5, 1, 1, '2025-07-16 22:48:06.26388+00', 1.0, 'unknown'),
	('9fbdf2c7-b99c-4080-8574-0920765e6b6f', 'ed9af03b-5152-4508-b46a-0a7831ad5f5b', '667dbe14-0391-41d8-a3ef-af73e16c7bf0', 500, 1000, 1, 0.5, 1, 1, '2025-07-16 22:48:06.613204+00', 1.0, 'unknown'),
	('fad046fc-d39d-4a92-a2b8-a4f6afe252bd', 'ed9af03b-5152-4508-b46a-0a7831ad5f5b', '667dbe14-0391-41d8-a3ef-af73e16c7bf0', 500, 1000, 1, 0.5, 1, 1, '2025-07-16 22:48:06.934478+00', 1.0, 'unknown'),
	('bb5717e0-1d5b-4bdd-b25a-4e52a460cce2', 'ed9af03b-5152-4508-b46a-0a7831ad5f5b', '667dbe14-0391-41d8-a3ef-af73e16c7bf0', 500, 1000, 1, 0.5, 1, 1, '2025-07-16 22:48:07.307948+00', 1.0, 'unknown'),
	('61543a31-7f2c-4591-8d3a-169f8749d386', 'ed9af03b-5152-4508-b46a-0a7831ad5f5b', '667dbe14-0391-41d8-a3ef-af73e16c7bf0', 500, 1000, 1, 0.5, 1, 1, '2025-07-16 22:48:07.694048+00', 1.0, 'unknown'),
	('adac66e2-f878-4e70-83c6-1177cc46ca9b', 'ed9af03b-5152-4508-b46a-0a7831ad5f5b', '667dbe14-0391-41d8-a3ef-af73e16c7bf0', 500, 1000, 1, 0.5, 1, 1, '2025-07-16 22:48:07.984271+00', 1.0, 'unknown'),
	('b932a1da-af82-484a-8361-d2622e3d660e', 'ed9af03b-5152-4508-b46a-0a7831ad5f5b', '667dbe14-0391-41d8-a3ef-af73e16c7bf0', 500, 1000, 1, 0.5, 1, 1, '2025-07-16 22:48:08.340314+00', 1.0, 'unknown'),
	('87506f6c-081b-43a9-a116-c30eb86e8971', 'ed9af03b-5152-4508-b46a-0a7831ad5f5b', '667dbe14-0391-41d8-a3ef-af73e16c7bf0', 500, 1000, 1, 0.5, 1, 1, '2025-07-16 22:48:08.659011+00', 1.0, 'unknown'),
	('8d91029c-f0f9-4c70-96da-59714dd6aff6', 'ed9af03b-5152-4508-b46a-0a7831ad5f5b', '667dbe14-0391-41d8-a3ef-af73e16c7bf0', 500, 1000, 1, 0.5, 1, 1, '2025-07-16 22:48:09.022134+00', 1.0, 'unknown'),
	('a7e81ed7-b613-4c12-8d37-c0ba37425d26', 'ed9af03b-5152-4508-b46a-0a7831ad5f5b', '667dbe14-0391-41d8-a3ef-af73e16c7bf0', 500, 1000, 1, 0.5, 1, 1, '2025-07-16 22:48:09.317767+00', 1.0, 'unknown'),
	('3dbea380-9c37-49c0-a706-a8feed66c337', 'ed9af03b-5152-4508-b46a-0a7831ad5f5b', '667dbe14-0391-41d8-a3ef-af73e16c7bf0', 500, 1000, 1, 0.5, 1, 1, '2025-07-16 22:48:09.644899+00', 1.0, 'unknown'),
	('e692c068-1d2f-4b1f-8dee-6441b1a3ebc2', 'ed9af03b-5152-4508-b46a-0a7831ad5f5b', '667dbe14-0391-41d8-a3ef-af73e16c7bf0', 500, 1000, 1, 0.5, 1, 1, '2025-07-16 22:48:09.995696+00', 1.0, 'unknown'),
	('06bb550a-a638-43a9-b7bd-cbf383a676c0', 'ed9af03b-5152-4508-b46a-0a7831ad5f5b', '667dbe14-0391-41d8-a3ef-af73e16c7bf0', 500, 1000, 1, 0.5, 1, 1, '2025-07-16 22:48:10.461867+00', 1.0, 'unknown'),
	('f0e9522b-5a7f-4f73-b169-0b7f706d5ba5', 'ed9af03b-5152-4508-b46a-0a7831ad5f5b', '667dbe14-0391-41d8-a3ef-af73e16c7bf0', 500, 1000, 1, 0.5, 1, 1, '2025-07-16 22:48:10.730078+00', 1.0, 'unknown'),
	('874d2915-f65d-4056-b434-cfd16a68034a', 'ed9af03b-5152-4508-b46a-0a7831ad5f5b', '667dbe14-0391-41d8-a3ef-af73e16c7bf0', 500, 1000, 1, 0.5, 1, 1, '2025-07-16 22:48:11.027781+00', 1.0, 'unknown'),
	('6cf89ca9-ccd3-4b6a-b960-2539386dbfa3', 'ed9af03b-5152-4508-b46a-0a7831ad5f5b', '667dbe14-0391-41d8-a3ef-af73e16c7bf0', 500, 1000, 1, 0.5, 1, 1, '2025-07-16 22:48:11.354525+00', 1.0, 'unknown'),
	('2114d4a3-740c-4f0f-8089-9eca5990c7ef', 'ed9af03b-5152-4508-b46a-0a7831ad5f5b', '667dbe14-0391-41d8-a3ef-af73e16c7bf0', 500, 1000, 1, 0.5, 1, 1, '2025-07-16 22:48:11.641834+00', 1.0, 'unknown'),
	('4c4891c1-4016-4913-8b2a-89525f4bc3e0', 'ed9af03b-5152-4508-b46a-0a7831ad5f5b', '667dbe14-0391-41d8-a3ef-af73e16c7bf0', 800, 1000, 1, 0.8, 1, 1, '2025-07-16 22:50:15.098337+00', 1.0, 'unknown'),
	('da2effd7-85c6-433d-a896-887d52cff030', 'ed9af03b-5152-4508-b46a-0a7831ad5f5b', '667dbe14-0391-41d8-a3ef-af73e16c7bf0', 800, 1000, 1, 0.8, 1, 1, '2025-07-16 22:50:15.424169+00', 1.0, 'unknown'),
	('3a4ff9c5-4f11-493c-9072-b495877ac674', 'ed9af03b-5152-4508-b46a-0a7831ad5f5b', '667dbe14-0391-41d8-a3ef-af73e16c7bf0', 800, 1000, 1, 0.8, 1, 1, '2025-07-16 22:50:15.679509+00', 1.0, 'unknown'),
	('ed7bcebf-3e66-4014-8179-e5b4682bdac1', 'ed9af03b-5152-4508-b46a-0a7831ad5f5b', '667dbe14-0391-41d8-a3ef-af73e16c7bf0', 800, 1000, 1, 0.8, 1, 1, '2025-07-16 22:50:15.929569+00', 1.0, 'unknown'),
	('d5797c75-d543-4491-bfe5-1e1927c03e35', 'ed9af03b-5152-4508-b46a-0a7831ad5f5b', '667dbe14-0391-41d8-a3ef-af73e16c7bf0', 800, 1000, 1, 0.8, 1, 1, '2025-07-16 22:50:16.184359+00', 1.0, 'unknown'),
	('f75f33a1-eb44-415d-a430-9ef9b8c127e5', 'ed9af03b-5152-4508-b46a-0a7831ad5f5b', '667dbe14-0391-41d8-a3ef-af73e16c7bf0', 800, 1000, 1, 0.8, 1, 1, '2025-07-16 22:50:16.440986+00', 1.0, 'unknown'),
	('fb19cdc0-cd24-4cff-82bb-ce0da7900686', 'ed9af03b-5152-4508-b46a-0a7831ad5f5b', '667dbe14-0391-41d8-a3ef-af73e16c7bf0', 800, 1000, 1, 0.8, 1, 1, '2025-07-16 22:50:16.696641+00', 1.0, 'unknown'),
	('779dd292-db29-4d59-ab44-823837df0d07', 'ed9af03b-5152-4508-b46a-0a7831ad5f5b', '667dbe14-0391-41d8-a3ef-af73e16c7bf0', 800, 1000, 1, 0.8, 1, 1, '2025-07-16 22:50:16.944014+00', 1.0, 'unknown'),
	('ea96bfce-4926-4962-8e0e-0e5fd2c286dc', 'ed9af03b-5152-4508-b46a-0a7831ad5f5b', '667dbe14-0391-41d8-a3ef-af73e16c7bf0', 800, 1000, 1, 0.8, 1, 1, '2025-07-16 22:50:17.173966+00', 1.0, 'unknown'),
	('fd27bcde-965b-453c-9d30-36746d45ffa1', 'ed9af03b-5152-4508-b46a-0a7831ad5f5b', '667dbe14-0391-41d8-a3ef-af73e16c7bf0', 800, 1000, 1, 0.8, 1, 1, '2025-07-16 22:50:17.415404+00', 1.0, 'unknown'),
	('36d9458b-9792-45b4-9f41-71a31b93bcec', 'ed9af03b-5152-4508-b46a-0a7831ad5f5b', '667dbe14-0391-41d8-a3ef-af73e16c7bf0', 800, 1000, 1, 0.8, 1, 1, '2025-07-16 22:50:17.726567+00', 1.0, 'unknown'),
	('996cf94d-634e-4463-a42d-a3ad79e3f47e', 'ed9af03b-5152-4508-b46a-0a7831ad5f5b', '667dbe14-0391-41d8-a3ef-af73e16c7bf0', 800, 1000, 1, 0.8, 1, 1, '2025-07-16 22:50:17.986319+00', 1.0, 'unknown'),
	('61cd87a8-50fc-4fd1-b6d1-d091cd28e50c', 'ed9af03b-5152-4508-b46a-0a7831ad5f5b', '667dbe14-0391-41d8-a3ef-af73e16c7bf0', 800, 1000, 1, 0.8, 1, 1, '2025-07-16 22:50:18.209963+00', 1.0, 'unknown'),
	('524a9c4b-3bee-4296-8f5c-7771cfcde96e', 'ed9af03b-5152-4508-b46a-0a7831ad5f5b', '667dbe14-0391-41d8-a3ef-af73e16c7bf0', 800, 1000, 1, 0.8, 1, 1, '2025-07-16 22:50:18.498427+00', 1.0, 'unknown'),
	('0c85d122-1ae0-4803-b17a-e610a5b19377', 'ed9af03b-5152-4508-b46a-0a7831ad5f5b', '667dbe14-0391-41d8-a3ef-af73e16c7bf0', 800, 1000, 1, 0.8, 1, 1, '2025-07-16 22:50:18.730033+00', 1.0, 'unknown'),
	('902c3a9e-9ea2-4a12-af83-8fd80d3b3f26', 'ed9af03b-5152-4508-b46a-0a7831ad5f5b', '667dbe14-0391-41d8-a3ef-af73e16c7bf0', 800, 1000, 1, 0.8, 1, 1, '2025-07-16 22:50:18.968537+00', 1.0, 'unknown'),
	('756d6e5d-d9b7-41c4-9888-62a55f71cdbe', 'ed9af03b-5152-4508-b46a-0a7831ad5f5b', '667dbe14-0391-41d8-a3ef-af73e16c7bf0', 800, 1000, 1, 0.8, 1, 1, '2025-07-16 22:50:19.216012+00', 1.0, 'unknown'),
	('fd41f5e3-9388-4826-9288-4dc943aa6369', 'ed9af03b-5152-4508-b46a-0a7831ad5f5b', '667dbe14-0391-41d8-a3ef-af73e16c7bf0', 800, 1000, 1, 0.8, 1, 1, '2025-07-16 22:50:19.459944+00', 1.0, 'unknown'),
	('fc8744a7-97e1-4128-9dbd-243e4312bf8b', 'ed9af03b-5152-4508-b46a-0a7831ad5f5b', '667dbe14-0391-41d8-a3ef-af73e16c7bf0', 800, 1000, 1, 0.8, 1, 1, '2025-07-16 22:50:19.697277+00', 1.0, 'unknown'),
	('d45bcdd7-266d-4f35-9bca-31615beafab9', 'ed9af03b-5152-4508-b46a-0a7831ad5f5b', '667dbe14-0391-41d8-a3ef-af73e16c7bf0', 800, 1000, 1, 0.8, 1, 1, '2025-07-16 22:50:19.961445+00', 1.0, 'unknown'),
	('2008ee9a-d660-46f1-8aff-e3c1e27c26e9', 'ed9af03b-5152-4508-b46a-0a7831ad5f5b', '667dbe14-0391-41d8-a3ef-af73e16c7bf0', 800, 1000, 1, 0.8, 1, 1, '2025-07-16 22:50:20.20076+00', 1.0, 'unknown'),
	('c6bac0b2-dac8-4c55-8739-29663a05b065', 'ed9af03b-5152-4508-b46a-0a7831ad5f5b', '667dbe14-0391-41d8-a3ef-af73e16c7bf0', 800, 1000, 1, 0.8, 1, 1, '2025-07-16 22:50:20.429306+00', 1.0, 'unknown'),
	('057a192d-ba35-4ea2-8a9c-e990245ae68e', 'ed9af03b-5152-4508-b46a-0a7831ad5f5b', '667dbe14-0391-41d8-a3ef-af73e16c7bf0', 800, 1000, 1, 0.8, 1, 1, '2025-07-16 22:50:20.6864+00', 1.0, 'unknown'),
	('d1758934-3149-45f8-940e-ce10e1c19279', 'ed9af03b-5152-4508-b46a-0a7831ad5f5b', '667dbe14-0391-41d8-a3ef-af73e16c7bf0', 800, 1000, 1, 0.8, 1, 1, '2025-07-16 22:50:20.911463+00', 1.0, 'unknown'),
	('72171d3f-378d-4938-a2c9-6291aefc16ea', 'ed9af03b-5152-4508-b46a-0a7831ad5f5b', '667dbe14-0391-41d8-a3ef-af73e16c7bf0', 800, 1000, 1, 0.8, 1, 1, '2025-07-16 22:50:21.1578+00', 1.0, 'unknown'),
	('50e1a1e6-701e-4bf9-b32b-0be47ae4c359', 'ed9af03b-5152-4508-b46a-0a7831ad5f5b', '667dbe14-0391-41d8-a3ef-af73e16c7bf0', 800, 1000, 1, 0.8, 1, 1, '2025-07-16 22:50:21.379711+00', 1.0, 'unknown'),
	('48790585-8dac-4278-9e99-f5e42859e707', 'ed9af03b-5152-4508-b46a-0a7831ad5f5b', '667dbe14-0391-41d8-a3ef-af73e16c7bf0', 800, 1000, 1, 0.8, 1, 1, '2025-07-16 22:50:21.610763+00', 1.0, 'unknown'),
	('7a9d5120-af58-4c60-98b2-d93f8e499ffc', 'ed9af03b-5152-4508-b46a-0a7831ad5f5b', '667dbe14-0391-41d8-a3ef-af73e16c7bf0', 800, 1000, 1, 0.8, 1, 1, '2025-07-16 22:50:21.854261+00', 1.0, 'unknown'),
	('474d65da-1e50-4897-8c0d-ce718c943e43', 'ed9af03b-5152-4508-b46a-0a7831ad5f5b', '667dbe14-0391-41d8-a3ef-af73e16c7bf0', 800, 1000, 1, 0.8, 1, 1, '2025-07-16 22:50:22.096794+00', 1.0, 'unknown'),
	('3ae44266-481d-4c9c-b5fa-354199ada726', 'ed9af03b-5152-4508-b46a-0a7831ad5f5b', '667dbe14-0391-41d8-a3ef-af73e16c7bf0', 800, 1000, 1, 0.8, 1, 1, '2025-07-16 22:50:22.358738+00', 1.0, 'unknown'),
	('1a2d92ba-707b-48d0-ae17-272afd5d0131', 'ed9af03b-5152-4508-b46a-0a7831ad5f5b', '667dbe14-0391-41d8-a3ef-af73e16c7bf0', 800, 1000, 1, 0.8, 1, 1, '2025-07-16 22:50:22.576483+00', 1.0, 'unknown'),
	('04373dac-0850-469a-ae8f-ea372df322a3', 'ed9af03b-5152-4508-b46a-0a7831ad5f5b', '667dbe14-0391-41d8-a3ef-af73e16c7bf0', 800, 1000, 1, 0.8, 1, 1, '2025-07-16 22:50:22.801339+00', 1.0, 'unknown'),
	('ddd90c32-fe5e-4b68-884a-956bb3d47e4e', 'ed9af03b-5152-4508-b46a-0a7831ad5f5b', '667dbe14-0391-41d8-a3ef-af73e16c7bf0', 800, 1000, 1, 0.8, 1, 1, '2025-07-16 22:50:23.056429+00', 1.0, 'unknown'),
	('d36164f0-0967-49d8-a7c8-e14f8fcff554', 'ed9af03b-5152-4508-b46a-0a7831ad5f5b', '667dbe14-0391-41d8-a3ef-af73e16c7bf0', 800, 1000, 1, 0.8, 1, 1, '2025-07-16 22:50:23.330037+00', 1.0, 'unknown'),
	('4f5ea0d7-a161-40c2-b820-a11c57a60e3d', 'ed9af03b-5152-4508-b46a-0a7831ad5f5b', '667dbe14-0391-41d8-a3ef-af73e16c7bf0', 800, 1000, 1, 0.8, 1, 1, '2025-07-16 22:50:23.560622+00', 1.0, 'unknown'),
	('cf8470f9-e85e-496b-983e-badab601d768', 'ed9af03b-5152-4508-b46a-0a7831ad5f5b', '667dbe14-0391-41d8-a3ef-af73e16c7bf0', 800, 1000, 1, 0.8, 1, 1, '2025-07-16 22:50:23.800501+00', 1.0, 'unknown'),
	('b1b088d0-ec3a-4134-8435-e18e5045d513', 'ed9af03b-5152-4508-b46a-0a7831ad5f5b', '667dbe14-0391-41d8-a3ef-af73e16c7bf0', 800, 1000, 1, 0.8, 1, 1, '2025-07-16 22:50:24.063766+00', 1.0, 'unknown'),
	('44d56ab4-6a8b-44c6-8dde-37d50a27c52b', 'ed9af03b-5152-4508-b46a-0a7831ad5f5b', '667dbe14-0391-41d8-a3ef-af73e16c7bf0', 800, 1000, 1, 0.8, 1, 1, '2025-07-16 22:50:24.314721+00', 1.0, 'unknown'),
	('24996743-1010-4ee0-95e3-3d01515723bd', 'ed9af03b-5152-4508-b46a-0a7831ad5f5b', '667dbe14-0391-41d8-a3ef-af73e16c7bf0', 800, 1000, 1, 0.8, 1, 1, '2025-07-16 22:50:24.571774+00', 1.0, 'unknown'),
	('4ebc7f8b-061e-4731-8485-12f4f653c0e5', 'ed9af03b-5152-4508-b46a-0a7831ad5f5b', '667dbe14-0391-41d8-a3ef-af73e16c7bf0', 800, 1000, 1, 0.8, 1, 1, '2025-07-16 22:50:24.865567+00', 1.0, 'unknown'),
	('cfdc0f0a-b058-4c95-9a16-ac8607bd946a', 'ed9af03b-5152-4508-b46a-0a7831ad5f5b', '667dbe14-0391-41d8-a3ef-af73e16c7bf0', 800, 1000, 1, 0.8, 1, 1, '2025-07-16 22:50:25.129023+00', 1.0, 'unknown'),
	('bd3a397a-4048-4e2a-984e-9551a978db7b', 'ed9af03b-5152-4508-b46a-0a7831ad5f5b', '667dbe14-0391-41d8-a3ef-af73e16c7bf0', 800, 1000, 1, 0.8, 1, 1, '2025-07-16 22:50:25.478521+00', 1.0, 'unknown'),
	('82655389-3bc4-4466-872c-406783ad7181', 'ed9af03b-5152-4508-b46a-0a7831ad5f5b', '667dbe14-0391-41d8-a3ef-af73e16c7bf0', 800, 1000, 1, 0.8, 1, 1, '2025-07-16 22:50:25.927248+00', 1.0, 'unknown'),
	('fc9860c8-8673-4cc3-8088-7ef6d4bd97f1', 'ed9af03b-5152-4508-b46a-0a7831ad5f5b', '667dbe14-0391-41d8-a3ef-af73e16c7bf0', 800, 1000, 1, 0.8, 1, 1, '2025-07-16 22:50:26.236597+00', 1.0, 'unknown'),
	('3f6aad8b-82c1-4dcf-b113-de6eb46363ae', 'ed9af03b-5152-4508-b46a-0a7831ad5f5b', '667dbe14-0391-41d8-a3ef-af73e16c7bf0', 800, 1000, 1, 0.8, 1, 1, '2025-07-16 22:50:26.468319+00', 1.0, 'unknown'),
	('7d54b1ba-4463-4a8c-bcd9-f26999a288fe', 'ed9af03b-5152-4508-b46a-0a7831ad5f5b', '667dbe14-0391-41d8-a3ef-af73e16c7bf0', 800, 1000, 1, 0.8, 1, 1, '2025-07-16 22:50:26.687037+00', 1.0, 'unknown'),
	('e8488a15-6760-4df7-a6c8-79a61805640a', 'ed9af03b-5152-4508-b46a-0a7831ad5f5b', '667dbe14-0391-41d8-a3ef-af73e16c7bf0', 800, 1000, 1, 0.8, 1, 1, '2025-07-16 22:54:27.672013+00', 1.0, 'unknown'),
	('2cb2040e-2211-4504-8df0-bf585ead4baf', 'ed9af03b-5152-4508-b46a-0a7831ad5f5b', NULL, 5000, 5000, 1, 1, 1, 1, '2025-07-16 22:55:31.902304+00', 1.0, 'unknown'),
	('74d75b02-666a-4b33-9042-654919392b9a', 'ed9af03b-5152-4508-b46a-0a7831ad5f5b', '667dbe14-0391-41d8-a3ef-af73e16c7bf0', 500, 1000, 1, 0.5, 1, 1, '2025-07-17 10:59:56.714158+00', 1.0, 'unknown'),
	('6e92a8c4-0343-401e-89d3-a11ad0275a95', 'ed9af03b-5152-4508-b46a-0a7831ad5f5b', NULL, 5000, 5000, 1, 1, 1, 1, '2025-07-17 16:53:12.830867+00', 1.0, 'unknown'),
	('a994f281-3762-41f0-b06d-f730763c35ca', 'ed9af03b-5152-4508-b46a-0a7831ad5f5b', NULL, 5000, 5000, 1, 1, 1, 1, '2025-07-17 16:53:29.184433+00', 1.0, 'unknown'),
	('94206100-74c2-4ea2-9df4-79ddc217ea61', 'ed9af03b-5152-4508-b46a-0a7831ad5f5b', 'bda2097c-4d32-47ac-acd7-d084386809bb', 800, 1000, 1, 0.8, 1, 1, '2025-07-17 22:39:37.951519+00', 1.0, 'unknown'),
	('0433bb2e-f240-486a-b96e-358e24864c9e', 'ed9af03b-5152-4508-b46a-0a7831ad5f5b', 'bda2097c-4d32-47ac-acd7-d084386809bb', 650, 1000, 1, 0.5, 1.3, 1, '2025-07-17 22:48:56.170584+00', 1.0, 'unknown'),
	('80013408-2435-4cc2-8c69-5efa87cb6b24', 'ed9af03b-5152-4508-b46a-0a7831ad5f5b', 'bda2097c-4d32-47ac-acd7-d084386809bb', 650, 1000, 1, 0.5, 1.3, 1, '2025-07-17 23:41:09.074189+00', 1.0, 'unknown'),
	('91f08961-21fd-4437-8469-be399c22c969', 'ed9af03b-5152-4508-b46a-0a7831ad5f5b', '667dbe14-0391-41d8-a3ef-af73e16c7bf0', 800, 1000, 1, 0.8, 1, 1, '2025-07-18 00:19:13.289019+00', 1.0, 'unknown'),
	('136f30a3-33e2-4e34-9570-2c7a05e5d241', 'ed9af03b-5152-4508-b46a-0a7831ad5f5b', NULL, 10000, 5000, 1, 1, 1, 2, '2025-07-18 07:00:45.923903+00', 1, 'unknown'),
	('449378ef-83d4-4d82-b0ad-f006cd036c7a', 'ed9af03b-5152-4508-b46a-0a7831ad5f5b', 'bda2097c-4d32-47ac-acd7-d084386809bb', 4160, 1000, 1, 0.8, 1.3, 2, '2025-07-18 07:02:40.873844+00', 2, 'unknown'),
	('e0dcaa2a-fdf2-4985-b5b3-2964be0c0f80', 'ed9af03b-5152-4508-b46a-0a7831ad5f5b', '667dbe14-0391-41d8-a3ef-af73e16c7bf0', 2000, 1000, 1, 0.5, 1, 2, '2025-07-18 09:10:55.918763+00', 2, 'unknown'),
	('f4568427-d310-4f79-ab6e-e3172c71dfda', 'ed9af03b-5152-4508-b46a-0a7831ad5f5b', '667dbe14-0391-41d8-a3ef-af73e16c7bf0', 2000, 1000, 1, 0.5, 1, 2, '2025-07-18 09:23:27.528071+00', 2, 'unknown'),
	('9a2b60ef-256e-44f7-bf5f-2dcb9d6f93eb', 'ed9af03b-5152-4508-b46a-0a7831ad5f5b', '667dbe14-0391-41d8-a3ef-af73e16c7bf0', 1600, 1000, 1, 0.8, 1, 2, '2025-07-18 11:37:07.466457+00', 1, 'unknown'),
	('090d3eb1-00e9-4d0a-b459-a23dedd4dca2', 'ed9af03b-5152-4508-b46a-0a7831ad5f5b', 'bda2097c-4d32-47ac-acd7-d084386809bb', 2600, 1000, 1, 0.5, 1.3, 2, '2025-07-18 11:40:09.129601+00', 2, 'unknown'),
	('a1da7e5a-7dc6-484e-9fc9-e9d3da31ce59', 'ed9af03b-5152-4508-b46a-0a7831ad5f5b', 'bda2097c-4d32-47ac-acd7-d084386809bb', 2600, 1000, 1, 0.5, 1.3, 2, '2025-07-18 11:42:07.480992+00', 2, 'unknown'),
	('2e6bcc49-0b1e-44a1-a727-b95577ad2714', 'ed9af03b-5152-4508-b46a-0a7831ad5f5b', 'bda2097c-4d32-47ac-acd7-d084386809bb', 2600, 1000, 1, 0.5, 1.3, 2, '2025-07-18 12:25:39.509407+00', 2, 'unknown'),
	('2d27f4a0-9975-4d3d-8791-772322320816', 'ed9af03b-5152-4508-b46a-0a7831ad5f5b', 'bda2097c-4d32-47ac-acd7-d084386809bb', 2600, 1000, 1, 0.5, 1.3, 2, '2025-07-18 12:25:40.441927+00', 2, 'unknown'),
	('31e9f0f6-90e9-4016-ae5e-78bc70a835ad', 'ed9af03b-5152-4508-b46a-0a7831ad5f5b', 'bda2097c-4d32-47ac-acd7-d084386809bb', 2600, 1000, 1, 0.5, 1.3, 2, '2025-07-18 12:25:40.513106+00', 2, 'unknown'),
	('5da9c3eb-ba37-470b-a7e6-0692789575b6', 'ed9af03b-5152-4508-b46a-0a7831ad5f5b', 'bda2097c-4d32-47ac-acd7-d084386809bb', 2600, 1000, 1, 0.5, 1.3, 2, '2025-07-18 12:25:44.373168+00', 2, 'unknown'),
	('419e0980-3f27-4022-b20d-76b8ead61862', 'ed9af03b-5152-4508-b46a-0a7831ad5f5b', 'bda2097c-4d32-47ac-acd7-d084386809bb', 1300, 1000, 1, 0.5, 1.3, 2, '2025-07-18 12:51:30.303826+00', 1, 'unknown'),
	('f3209364-630f-4d99-88b6-ad3877e82262', 'ed9af03b-5152-4508-b46a-0a7831ad5f5b', NULL, 2000, 2000, 1, 1, 1, 1, '2025-07-18 13:03:13.406281+00', 1, 'unknown'),
	('3677db5a-1dff-433e-a8bd-5defd0d92372', 'ed9af03b-5152-4508-b46a-0a7831ad5f5b', NULL, 2000, 2000, 1, 1, 1, 1, '2025-07-18 13:03:17.758298+00', 1, 'unknown'),
	('cbe6190c-0e7d-459e-ba32-39f4dc87d810', 'ed9af03b-5152-4508-b46a-0a7831ad5f5b', NULL, 2000, 2000, 1, 1, 1, 1, '2025-07-18 13:03:33.046391+00', 1, 'unknown'),
	('87efba69-8b72-405c-9d28-c4001e223f6f', 'ed9af03b-5152-4508-b46a-0a7831ad5f5b', NULL, 2000, 2000, 1, 1, 1, 1, '2025-07-18 13:03:43.000351+00', 1, 'unknown'),
	('9e3f33ff-6f86-4a85-87d7-aeb8327bc240', 'ed9af03b-5152-4508-b46a-0a7831ad5f5b', NULL, 2000, 2000, 1, 1, 1, 1, '2025-07-18 13:11:47.476616+00', 1, 'unknown'),
	('fb6162e8-6494-4ed7-9a9d-3da934d26b91', 'ed9af03b-5152-4508-b46a-0a7831ad5f5b', NULL, 2000, 2000, 1, 1, 1, 1, '2025-07-18 13:11:52.1206+00', 1, 'unknown'),
	('2c48c051-0293-4757-80d4-d0b17810d859', 'ed9af03b-5152-4508-b46a-0a7831ad5f5b', NULL, 2000, 2000, 1, 1, 1, 1, '2025-07-18 13:13:34.525333+00', 1, 'unknown'),
	('05d48b8f-2563-402a-971c-04ff0630228e', 'ed9af03b-5152-4508-b46a-0a7831ad5f5b', NULL, 2000, 2000, 1, 1, 1, 1, '2025-07-18 13:33:11.524802+00', 1, 'unknown'),
	('dfe1cea4-d4c9-4ee0-8d08-d1acaeaaf450', 'ed9af03b-5152-4508-b46a-0a7831ad5f5b', NULL, 2000, 2000, 1, 1, 1, 1, '2025-07-18 13:36:11.096858+00', 1, 'unknown'),
	('584676e3-2b7a-41aa-be5a-5645bd5aff49', 'ed9af03b-5152-4508-b46a-0a7831ad5f5b', NULL, 10000, 5000, 1, 1, 1, 2, '2025-07-18 22:30:46.828366+00', 1, 'unknown'),
	('90a13e06-d7f0-4c5a-a392-d97099069de3', 'ed9af03b-5152-4508-b46a-0a7831ad5f5b', NULL, 10000, 5000, 1, 1, 1, 2, '2025-07-18 22:49:00.828047+00', 1, 'unknown'),
	('92203dcd-5bd6-40ab-b47a-1d6e7f359b3a', 'ed9af03b-5152-4508-b46a-0a7831ad5f5b', NULL, 10000, 5000, 1, 1, 1, 2, '2025-07-18 22:49:14.319317+00', 1, 'unknown'),
	('0c46d4cb-94a2-4016-b16c-e9fec91e51de', 'ed9af03b-5152-4508-b46a-0a7831ad5f5b', NULL, 10000, 5000, 1, 1, 1, 2, '2025-07-18 22:49:35.292953+00', 1, 'unknown'),
	('5d125413-deb0-490b-a900-565819bbbc5d', 'ed9af03b-5152-4508-b46a-0a7831ad5f5b', NULL, 10000, 5000, 1, 1, 1, 2, '2025-07-18 22:50:20.08052+00', 1, 'unknown'),
	('7d33d91f-c9e6-4654-947c-47771b74ba34', 'ed9af03b-5152-4508-b46a-0a7831ad5f5b', NULL, 10000, 5000, 1, 1, 1, 2, '2025-07-18 23:02:54.226455+00', 1, 'diary_post'),
	('155e910c-dc8b-4796-a647-370ec656dc24', 'ed9af03b-5152-4508-b46a-0a7831ad5f5b', NULL, 10000, 5000, 1, 1, 1, 2, '2025-07-18 23:03:29.564744+00', 1, 'diary_post'),
	('c07aaae6-4f79-41c3-8aec-b0f1cf8308e0', 'ed9af03b-5152-4508-b46a-0a7831ad5f5b', NULL, 10000, 5000, 1, 1, 1, 2, '2025-07-18 23:04:01.664204+00', 1, 'diary_post'),
	('c0dc3dad-22cc-4584-bfbd-41b1cf794ff3', 'ed9af03b-5152-4508-b46a-0a7831ad5f5b', NULL, 10000, 5000, 1, 1, 1, 2, '2025-07-18 23:18:46.286282+00', 1, 'diary_post'),
	('57db94c6-2891-4f48-8262-a826b24404f0', 'ed9af03b-5152-4508-b46a-0a7831ad5f5b', NULL, 10000, 5000, 1, 1, 1, 2, '2025-07-18 23:49:59.679383+00', 1, 'diary_post'),
	('2be549df-ec64-42ba-83b7-c9a47ce68df0', 'ed9af03b-5152-4508-b46a-0a7831ad5f5b', NULL, 10000, 5000, 1, 1, 1, 2, '2025-07-18 23:54:23.592647+00', 1, 'diary_post'),
	('06bf61d5-a549-404c-bec3-d748c6769700', 'ed9af03b-5152-4508-b46a-0a7831ad5f5b', NULL, 10000, 5000, 1, 1, 1, 2, '2025-07-18 23:54:48.730018+00', 1, 'diary_post'),
	('ff9b4a01-5fde-40ed-a45b-a524f4e1bdb0', 'ed9af03b-5152-4508-b46a-0a7831ad5f5b', NULL, 10000, 5000, 1, 1, 1, 2, '2025-07-18 23:55:34.612365+00', 1, 'diary_post'),
	('040b1f3a-f2fb-4bc3-bb64-6c0d0da3a569', 'ed9af03b-5152-4508-b46a-0a7831ad5f5b', NULL, 10000, 5000, 1, 1, 1, 2, '2025-07-18 23:57:11.055104+00', 1, 'diary_post'),
	('831dee21-a7d6-446f-a56b-18b7bbbe8c6b', 'ed9af03b-5152-4508-b46a-0a7831ad5f5b', NULL, 10000, 5000, 1, 1, 1, 2, '2025-07-19 00:07:15.800582+00', 1, 'diary_post'),
	('40e40dd8-8337-4e92-981d-0232d897e107', 'ed9af03b-5152-4508-b46a-0a7831ad5f5b', NULL, 10000, 5000, 1, 1, 1, 2, '2025-07-19 00:07:30.195663+00', 1, 'diary_post'),
	('19b1ba51-3db2-450e-a075-806a1826dabd', '1d9c822d-b8e4-4d0a-977d-fabf601faf91', NULL, 7500, 5000, 1, 1, 1, 1.5, '2025-07-19 00:28:16.398065+00', 1, 'diary_post'),
	('6eb0cd05-acdf-4fc4-8186-5342de72973b', 'ed9af03b-5152-4508-b46a-0a7831ad5f5b', NULL, 10000, 5000, 1, 1, 1, 2, '2025-07-20 03:36:56.154415+00', 1, 'diary_post'),
	('efcd0f88-9a0d-48b0-a439-924b5e00d42a', 'ed9af03b-5152-4508-b46a-0a7831ad5f5b', NULL, 2000, 2000, 1, 1, 1, 1, '2025-07-20 03:37:03.475331+00', 1, 'mission_clear'),
	('2fc596ad-8003-4c6d-91fe-fdc3fce78e9d', 'ed9af03b-5152-4508-b46a-0a7831ad5f5b', NULL, 2000, 2000, 1, 1, 1, 1, '2025-07-20 03:37:06.298488+00', 1, 'mission_clear'),
	('6391ffae-496b-4a5d-995b-0a1825182ed6', 'ed9af03b-5152-4508-b46a-0a7831ad5f5b', NULL, 2000, 2000, 1, 1, 1, 1, '2025-07-20 03:37:08.541592+00', 1, 'mission_clear'),
	('3c4a2d80-d518-4ca2-8078-f7993b0f8358', 'ed9af03b-5152-4508-b46a-0a7831ad5f5b', NULL, 2000, 2000, 1, 1, 1, 1, '2025-07-20 03:37:10.843178+00', 1, 'mission_clear'),
	('6ea44c8a-ea9f-4943-9631-5e269114db91', 'ed9af03b-5152-4508-b46a-0a7831ad5f5b', NULL, 10000, 5000, 1, 1, 1, 2, '2025-07-21 06:32:25.713428+00', 1, 'diary_post');


--
-- Data for Name: buckets; Type: TABLE DATA; Schema: storage; Owner: supabase_storage_admin
--

INSERT INTO "storage"."buckets" ("id", "name", "owner", "created_at", "updated_at", "public", "avif_autodetection", "file_size_limit", "allowed_mime_types", "owner_id") VALUES
	('song-notes', 'song-notes', NULL, '2025-05-17 13:21:26.973045+00', '2025-05-17 13:21:26.973045+00', false, false, NULL, NULL, NULL),
	('avatars', 'avatars', NULL, '2025-07-08 07:48:31.957242+00', '2025-07-08 07:48:31.957242+00', true, false, 5, NULL, NULL),
	('song-files', 'song-files', NULL, '2025-07-12 12:25:42.347237+00', '2025-07-12 12:25:42.347237+00', true, false, 52428800, '{audio/mpeg,application/json,application/xml,text/xml}', NULL),
	('diary-images', 'diary-images', NULL, '2025-07-18 09:05:06.668668+00', '2025-07-18 09:05:06.668668+00', true, false, 1048576, '{image/jpeg,image/png,image/webp,image/gif}', NULL);


--
-- Data for Name: objects; Type: TABLE DATA; Schema: storage; Owner: supabase_storage_admin
--

INSERT INTO "storage"."objects" ("id", "bucket_id", "name", "owner", "created_at", "updated_at", "last_accessed_at", "metadata", "version", "owner_id", "user_metadata") VALUES
	('60103e8e-eb66-481d-85b4-f3bd3d12d73f', 'song-notes', 'notes/bill-evans-alice-in-wonderland.json', NULL, '2025-05-17 13:23:26.088959+00', '2025-05-17 13:24:01.323138+00', '2025-05-17 13:23:26.088959+00', '{"eTag": "\"f2bbf242e4d499747c490e9ae76aecd1\"", "size": 38332, "mimetype": "application/json", "cacheControl": "max-age=3600", "lastModified": "2025-05-17T13:24:02.000Z", "contentLength": 38332, "httpStatusCode": 200}', '222207fa-c1d4-4dc0-a9af-1301b8ed48d1', NULL, NULL),
	('bebca08e-221d-45a6-8161-c246971c9b54', 'song-files', '667dbe14-0391-41d8-a3ef-af73e16c7bf0/audio.mp3', 'ed9af03b-5152-4508-b46a-0a7831ad5f5b', '2025-07-12 13:51:29.333135+00', '2025-07-12 13:51:29.333135+00', '2025-07-12 13:51:29.333135+00', '{"eTag": "\"0ec5922f48e8f66bcd0f1c8f97751f9b\"", "size": 521534, "mimetype": "audio/mpeg", "cacheControl": "max-age=3600", "lastModified": "2025-07-12T13:51:30.000Z", "contentLength": 521534, "httpStatusCode": 200}', '755ca9e4-a698-4c03-b410-17ff903aa3d5', 'ed9af03b-5152-4508-b46a-0a7831ad5f5b', '{}'),
	('d23fa90c-4553-46b4-8fc7-f127a0581883', 'song-files', '667dbe14-0391-41d8-a3ef-af73e16c7bf0/xml.xml', 'ed9af03b-5152-4508-b46a-0a7831ad5f5b', '2025-07-12 13:51:29.55206+00', '2025-07-12 13:51:29.55206+00', '2025-07-12 13:51:29.55206+00', '{"eTag": "\"37057aa97d557e7952767c59c7014d0d\"", "size": 27296, "mimetype": "text/xml", "cacheControl": "max-age=3600", "lastModified": "2025-07-12T13:51:30.000Z", "contentLength": 27296, "httpStatusCode": 200}', '44791a40-f741-49db-80a3-c21183090661', 'ed9af03b-5152-4508-b46a-0a7831ad5f5b', '{}'),
	('7bf9cef5-2c79-4ad2-b2e4-d3ac99ede272', 'song-files', '667dbe14-0391-41d8-a3ef-af73e16c7bf0/json.json', 'ed9af03b-5152-4508-b46a-0a7831ad5f5b', '2025-07-12 13:51:29.799867+00', '2025-07-12 13:51:29.799867+00', '2025-07-12 13:51:29.799867+00', '{"eTag": "\"7e1e61b5a23e3f2d34f2f552d7a3525b\"", "size": 2986, "mimetype": "application/json", "cacheControl": "max-age=3600", "lastModified": "2025-07-12T13:51:30.000Z", "contentLength": 2986, "httpStatusCode": 200}', 'e96213c3-40eb-43e5-899d-11e9656c7a83', 'ed9af03b-5152-4508-b46a-0a7831ad5f5b', '{}'),
	('049940c1-c634-4417-9ddf-47856dcdf47b', 'song-files', 'bda2097c-4d32-47ac-acd7-d084386809bb/audio.mp3', 'ed9af03b-5152-4508-b46a-0a7831ad5f5b', '2025-07-12 23:36:46.581976+00', '2025-07-12 23:36:46.581976+00', '2025-07-12 23:36:46.581976+00', '{"eTag": "\"0ec5922f48e8f66bcd0f1c8f97751f9b\"", "size": 521534, "mimetype": "audio/mpeg", "cacheControl": "max-age=3600", "lastModified": "2025-07-12T23:36:47.000Z", "contentLength": 521534, "httpStatusCode": 200}', '5918c796-2bd7-4fc8-963a-45c9f8871617', 'ed9af03b-5152-4508-b46a-0a7831ad5f5b', '{}'),
	('8ab82b10-6284-4967-ab8b-486ca7585e62', 'song-files', 'bda2097c-4d32-47ac-acd7-d084386809bb/xml.xml', 'ed9af03b-5152-4508-b46a-0a7831ad5f5b', '2025-07-12 23:36:46.83612+00', '2025-07-12 23:36:46.83612+00', '2025-07-12 23:36:46.83612+00', '{"eTag": "\"37057aa97d557e7952767c59c7014d0d\"", "size": 27296, "mimetype": "text/xml", "cacheControl": "max-age=3600", "lastModified": "2025-07-12T23:36:47.000Z", "contentLength": 27296, "httpStatusCode": 200}', 'bccc3361-c2db-49ef-9649-c7bee24a0103', 'ed9af03b-5152-4508-b46a-0a7831ad5f5b', '{}'),
	('5a8714e8-6cb9-4fe5-be41-bcb0e78d92be', 'song-files', 'bda2097c-4d32-47ac-acd7-d084386809bb/json.json', 'ed9af03b-5152-4508-b46a-0a7831ad5f5b', '2025-07-12 23:36:47.042323+00', '2025-07-12 23:36:47.042323+00', '2025-07-12 23:36:47.042323+00', '{"eTag": "\"7e1e61b5a23e3f2d34f2f552d7a3525b\"", "size": 2986, "mimetype": "application/json", "cacheControl": "max-age=3600", "lastModified": "2025-07-12T23:36:48.000Z", "contentLength": 2986, "httpStatusCode": 200}', 'c3039642-b185-4e83-ab49-bf8ffb0296b1', 'ed9af03b-5152-4508-b46a-0a7831ad5f5b', '{}'),
	('df8eb83a-4a0c-445d-9c8b-c15a34021e72', 'diary-images', 'ed9af03b-5152-4508-b46a-0a7831ad5f5b/445cdad4-b81b-47f3-9ae2-957766e8727e.png', 'ed9af03b-5152-4508-b46a-0a7831ad5f5b', '2025-07-18 09:05:45.440281+00', '2025-07-18 09:05:45.440281+00', '2025-07-18 09:05:45.440281+00', '{"eTag": "\"ab30c269e9814e489f3a74c2e1ff8d0f\"", "size": 21444, "mimetype": "image/webp", "cacheControl": "max-age=3600", "lastModified": "2025-07-18T09:05:46.000Z", "contentLength": 21444, "httpStatusCode": 200}', '2811e242-97ef-4971-9dfd-7a64813ae61d', 'ed9af03b-5152-4508-b46a-0a7831ad5f5b', '{}'),
	('1ac49436-d99b-4aa3-934e-67fe9c8c1fef', 'song-files', '6932d16c-60ff-4509-807d-aaa18264176d/audio.mp3', 'ed9af03b-5152-4508-b46a-0a7831ad5f5b', '2025-07-18 09:23:08.14141+00', '2025-07-18 09:23:08.14141+00', '2025-07-18 09:23:08.14141+00', '{"eTag": "\"0ec5922f48e8f66bcd0f1c8f97751f9b\"", "size": 521534, "mimetype": "audio/mpeg", "cacheControl": "max-age=3600", "lastModified": "2025-07-18T09:23:09.000Z", "contentLength": 521534, "httpStatusCode": 200}', 'f3a35fcd-753f-42a2-840a-47a0fc9c017a', 'ed9af03b-5152-4508-b46a-0a7831ad5f5b', '{}'),
	('54ade008-b385-40b0-a11f-622541f49113', 'song-files', '6932d16c-60ff-4509-807d-aaa18264176d/xml.xml', 'ed9af03b-5152-4508-b46a-0a7831ad5f5b', '2025-07-18 09:23:08.975773+00', '2025-07-18 09:23:08.975773+00', '2025-07-18 09:23:08.975773+00', '{"eTag": "\"37057aa97d557e7952767c59c7014d0d\"", "size": 27296, "mimetype": "text/xml", "cacheControl": "max-age=3600", "lastModified": "2025-07-18T09:23:09.000Z", "contentLength": 27296, "httpStatusCode": 200}', '2d892b1a-7d6e-4c28-b00c-39d8f3180bd4', 'ed9af03b-5152-4508-b46a-0a7831ad5f5b', '{}'),
	('58ef3b63-70b0-44be-b024-972fa297fe53', 'song-files', '6932d16c-60ff-4509-807d-aaa18264176d/json.json', 'ed9af03b-5152-4508-b46a-0a7831ad5f5b', '2025-07-18 09:23:09.162739+00', '2025-07-18 09:23:09.162739+00', '2025-07-18 09:23:09.162739+00', '{"eTag": "\"7e1e61b5a23e3f2d34f2f552d7a3525b\"", "size": 2986, "mimetype": "application/json", "cacheControl": "max-age=3600", "lastModified": "2025-07-18T09:23:10.000Z", "contentLength": 2986, "httpStatusCode": 200}', 'a643a7b4-240e-416a-8dd6-8ff2d0fe34af', 'ed9af03b-5152-4508-b46a-0a7831ad5f5b', '{}'),
	('ebd95a0d-bd4b-4b45-a70d-10850df91760', 'song-files', 'ada98811-549b-4ae1-a4d7-8586a24ed379/audio.mp3', 'ed9af03b-5152-4508-b46a-0a7831ad5f5b', '2025-07-18 09:24:07.825405+00', '2025-07-18 09:24:07.825405+00', '2025-07-18 09:24:07.825405+00', '{"eTag": "\"0ec5922f48e8f66bcd0f1c8f97751f9b\"", "size": 521534, "mimetype": "audio/mpeg", "cacheControl": "max-age=3600", "lastModified": "2025-07-18T09:24:08.000Z", "contentLength": 521534, "httpStatusCode": 200}', 'eb259538-82d6-465e-9edc-64dc0719de1a', 'ed9af03b-5152-4508-b46a-0a7831ad5f5b', '{}'),
	('cc2c29d4-a13f-4afb-9a4c-9ee8bf259f66', 'song-files', 'ada98811-549b-4ae1-a4d7-8586a24ed379/xml.xml', 'ed9af03b-5152-4508-b46a-0a7831ad5f5b', '2025-07-18 09:24:08.116805+00', '2025-07-18 09:24:08.116805+00', '2025-07-18 09:24:08.116805+00', '{"eTag": "\"37057aa97d557e7952767c59c7014d0d\"", "size": 27296, "mimetype": "text/xml", "cacheControl": "max-age=3600", "lastModified": "2025-07-18T09:24:09.000Z", "contentLength": 27296, "httpStatusCode": 200}', '6d145c10-1830-4687-83a9-4ac8011c0d01', 'ed9af03b-5152-4508-b46a-0a7831ad5f5b', '{}'),
	('dcfe40f3-b3e4-4237-9c3c-ecefd75cb4ff', 'song-files', 'ada98811-549b-4ae1-a4d7-8586a24ed379/json.json', 'ed9af03b-5152-4508-b46a-0a7831ad5f5b', '2025-07-18 09:24:08.418152+00', '2025-07-18 09:24:08.418152+00', '2025-07-18 09:24:08.418152+00', '{"eTag": "\"7e1e61b5a23e3f2d34f2f552d7a3525b\"", "size": 2986, "mimetype": "application/json", "cacheControl": "max-age=3600", "lastModified": "2025-07-18T09:24:09.000Z", "contentLength": 2986, "httpStatusCode": 200}', '338c17aa-1bae-433a-9042-f2c24ba3b0a2', 'ed9af03b-5152-4508-b46a-0a7831ad5f5b', '{}'),
	('6d633113-0cad-4191-b99a-86dd36cf2d66', 'diary-images', 'ed9af03b-5152-4508-b46a-0a7831ad5f5b/d557717b-7f66-45d4-b9d2-b70a6278e1e7.jpg', 'ed9af03b-5152-4508-b46a-0a7831ad5f5b', '2025-07-21 06:32:26.726776+00', '2025-07-21 06:32:26.726776+00', '2025-07-21 06:32:26.726776+00', '{"eTag": "\"305117949ab6b1d096f7dd35c0036f54\"", "size": 65142, "mimetype": "image/webp", "cacheControl": "max-age=3600", "lastModified": "2025-07-21T06:32:27.000Z", "contentLength": 65142, "httpStatusCode": 200}', '7e67beca-f1fd-475f-8259-f50c539b3bc0', 'ed9af03b-5152-4508-b46a-0a7831ad5f5b', '{}');


--
-- Data for Name: s3_multipart_uploads; Type: TABLE DATA; Schema: storage; Owner: supabase_storage_admin
--



--
-- Data for Name: s3_multipart_uploads_parts; Type: TABLE DATA; Schema: storage; Owner: supabase_storage_admin
--



--
-- Name: refresh_tokens_id_seq; Type: SEQUENCE SET; Schema: auth; Owner: supabase_auth_admin
--

SELECT pg_catalog.setval('"auth"."refresh_tokens_id_seq"', 382, true);


--
-- PostgreSQL database dump complete
--

RESET ALL;
